config,error,total,cache,phase,N,W,q,tau,accepted_weight,samples,mean_ms,median_ms,p10_ms,p90_ms,avx_msm_min,avx_msm_max,avx_each_min,avx_each_max
bls_avx_swapped_split2,1/16,16,cached,acceptance,419,1580,1060,76,1062,30,9.3246669,9.275643500000001,9.229412100000001,9.3185004,0,0,0,0
bls_avx_swapped_split2,1/16,16,cached,combiner,419,1580,1060,76,1062,30,27.037493200000004,26.9856935,26.890808200000002,27.0547745,0,0,0,0
bls_avx_swapped_split2,1/16,16,cached,dec_open,419,1580,1060,76,1062,30,17.712644366666666,17.719843500000003,17.672622500000003,17.7525592,,,,
bls_avx_swapped_split2,1/16,16,cached,decryption_total,419,1580,1060,76,1062,30,33.1278428,33.089286,32.9548776,33.154758799999996,0,0,0,0
bls_avx_swapped_split2,1/16,16,cached,encryption,419,1580,1060,76,1062,30,1.1033192666666667,1.1022395,1.0915108,1.1164812,0,0,0,0
bls_avx_swapped_split2,1/16,16,cached,encryption_per_item,419,1580,1060,76,1062,30,0.06895745416666667,0.06888996875,0.068219425,0.069780075,,,,
bls_avx_swapped_split2,1/16,16,cached,end_to_end,419,1580,1060,76,1062,30,35.242429,35.208836000000005,35.0500041,35.2814894,0,0,0,0
bls_avx_swapped_split2,1/16,16,cached,opening,419,1580,1060,76,1062,30,16.37191826666667,16.3817245,16.324756,16.4014032,0,0,0,0
bls_avx_swapped_split2,1/16,16,cached,precompute,419,1580,1060,76,1062,30,1.3407261000000001,1.344433,1.3138379,1.3586228999999999,0,0,0,0
bls_avx_swapped_split2,1/16,16,cached,predec_per_validator,419,1580,1060,76,1062,30,0.08013523903508772,0.08022229605263158,0.07974714868421053,0.080435125,,,,
bls_avx_swapped_split2,1/16,16,cached,preparation,419,1580,1060,76,1062,30,2.0700000000000002e-05,2e-05,2e-05,2.0100000000000004e-05,0,0,0,0
bls_avx_swapped_split2,1/16,16,cached,share_generation,419,1580,1060,76,1062,30,6.090278166666667,6.0968945,6.060783300000001,6.1130695,0,0,0,0
bls_avx_swapped_split2,1/16,16,cached,validate_per_validator,419,1580,1060,76,1062,30,0.12269298552631579,0.12204794078947369,0.12143963289473685,0.12261184736842104,,,,
bls_avx_swapped_split2,1/16,16,cached,validation,419,1580,1060,76,1062,30,1.0111321333333334,1.0115005,1.0003479,1.0237281999999999,0,0,0,0
bls_avx_swapped_split2,1/16,16,cold,acceptance,419,1580,1060,76,1062,30,9.254825866666666,9.2526115,9.2188461,9.298204799999999,0,0,0,0
bls_avx_swapped_split2,1/16,16,cold,combiner,419,1580,1060,76,1062,30,42.3516968,42.320730499999996,42.1805691,42.570911800000005,1,1,0,0
bls_avx_swapped_split2,1/16,16,cold,dec_open,419,1580,1060,76,1062,30,17.596722366666665,17.598701999999996,17.518251999999997,17.6953026,,,,
bls_avx_swapped_split2,1/16,16,cold,decryption_total,419,1580,1060,76,1062,30,48.41170573333333,48.377258999999995,48.2306708,48.649601,1,1,0,0
bls_avx_swapped_split2,1/16,16,cold,encryption,419,1580,1060,76,1062,30,1.0941516666666666,1.093813,1.0808848,1.1037925,0,0,0,0
bls_avx_swapped_split2,1/16,16,cold,encryption_per_item,419,1580,1060,76,1062,30,0.06838447916666666,0.0683633125,0.0675553,0.06898703125,,,,
bls_avx_swapped_split2,1/16,16,cold,end_to_end,419,1580,1060,76,1062,30,50.50835236666667,50.459396,50.3205643,50.744263700000005,1,1,0,0
bls_avx_swapped_split2,1/16,16,cold,opening,419,1580,1060,76,1062,30,16.25991923333333,16.249353,16.1977437,16.3466439,0,0,0,0
bls_avx_swapped_split2,1/16,16,cold,precompute,419,1580,1060,76,1062,30,1.3368031333333332,1.3409529999999998,1.3079399,1.3618633,0,0,0,0
bls_avx_swapped_split2,1/16,16,cold,predec_per_validator,419,1580,1060,76,1062,30,0.07973595438596491,0.07966929605263157,0.07939545789473683,0.08014405394736843,,,,
bls_avx_swapped_split2,1/16,16,cold,preparation,419,1580,1060,76,1062,30,15.499975066666668,15.493739,15.4125559,15.5916143,1,1,0,0
bls_avx_swapped_split2,1/16,16,cold,share_generation,419,1580,1060,76,1062,30,6.059932533333334,6.054866499999999,6.0340548,6.0909481,0,0,0,0
bls_avx_swapped_split2,1/16,16,cold,validate_per_validator,419,1580,1060,76,1062,30,0.1217740245614035,0.12174488815789475,0.12130060657894737,0.12234479999999999,,,,
bls_avx_swapped_split2,1/16,16,cold,validation,419,1580,1060,76,1062,30,1.0023457333333332,1.002373,0.9911967,1.0144685999999998,0,0,0,0
bls_avx_swapped_split2,1/16,32,cached,acceptance,419,1580,1060,76,1062,30,17.265869266666666,17.246117499999997,17.198598699999998,17.331634599999997,0,0,0,0
bls_avx_swapped_split2,1/16,32,cached,combiner,419,1580,1060,76,1062,30,44.5100864,44.474342500000006,44.3517815,44.7300838,0,0,0,0
bls_avx_swapped_split2,1/16,32,cached,dec_open,419,1580,1060,76,1062,30,27.244050066666667,27.2104625,27.1465134,27.3515842,,,,
bls_avx_swapped_split2,1/16,32,cached,decryption_total,419,1580,1060,76,1062,30,56.7096443,56.5707735,56.454054400000004,56.8376291,0,0,0,0
bls_avx_swapped_split2,1/16,32,cached,encryption,419,1580,1060,76,1062,30,1.6515576666666665,1.6513695,1.642258,1.6635211,0,0,0,0
bls_avx_swapped_split2,1/16,32,cached,encryption_per_item,419,1580,1060,76,1062,30,0.05161117708333333,0.051605296875,0.0513205625,0.051985034375,,,,
bls_avx_swapped_split2,1/16,32,cached,end_to_end,419,1580,1060,76,1062,30,59.90919516666667,59.752933999999996,59.624666600000005,60.0295219,0,0,0,0
bls_avx_swapped_split2,1/16,32,cached,opening,419,1580,1060,76,1062,30,24.6639415,24.65139,24.6166846,24.7416303,0,0,0,0
bls_avx_swapped_split2,1/16,32,cached,precompute,419,1580,1060,76,1062,30,2.5801085666666665,2.552728,2.5015159,2.69424,0,0,0,0
bls_avx_swapped_split2,1/16,32,cached,predec_per_validator,419,1580,1060,76,1062,30,0.16051964649122807,0.15918292105263157,0.1588993302631579,0.15986582368421054,,,,
bls_avx_swapped_split2,1/16,32,cached,preparation,419,1580,1060,76,1062,30,2.0733333333333334e-05,2e-05,2e-05,2.1e-05,0,0,0,0
bls_avx_swapped_split2,1/16,32,cached,share_generation,419,1580,1060,76,1062,30,12.199493133333334,12.097902,12.0763491,12.149802600000001,0,0,0,0
bls_avx_swapped_split2,1/16,32,cached,validate_per_validator,419,1580,1060,76,1062,30,0.2271824903508772,0.2269225986842105,0.22629735131578946,0.22804782368421053,,,,
bls_avx_swapped_split2,1/16,32,cached,validation,419,1580,1060,76,1062,30,1.5478776666666667,1.533998,1.5198302,1.5498779999999999,0,0,0,0
bls_avx_swapped_split2,1/16,32,cold,acceptance,419,1580,1060,76,1062,30,17.168810566666664,17.153940499999997,17.1113997,17.2469719,0,0,0,0
bls_avx_swapped_split2,1/16,32,cold,combiner,419,1580,1060,76,1062,30,60.05718933333333,60.059394,59.9615493,60.1457255,1,1,0,0
bls_avx_swapped_split2,1/16,32,cold,dec_open,419,1580,1060,76,1062,30,27.27972103333333,27.2618275,27.1886152,27.4024468,,,,
bls_avx_swapped_split2,1/16,32,cold,decryption_total,419,1580,1060,76,1062,30,72.16634993333334,72.1599145,72.0602803,72.2732698,1,1,0,0
bls_avx_swapped_split2,1/16,32,cold,encryption,419,1580,1060,76,1062,30,1.6601921,1.660967,1.6491668000000002,1.6722033,0,0,0,0
bls_avx_swapped_split2,1/16,32,cold,encryption_per_item,419,1580,1060,76,1062,30,0.051881003125,0.05190521875,0.051536462500000005,0.052256353125,,,,
bls_avx_swapped_split2,1/16,32,cold,end_to_end,419,1580,1060,76,1062,30,75.3701869,75.379578,75.240367,75.4745956,1,1,0,0
bls_avx_swapped_split2,1/16,32,cold,opening,419,1580,1060,76,1062,30,24.694476233333333,24.693173,24.6496752,24.7453173,0,0,0,0
bls_avx_swapped_split2,1/16,32,cold,precompute,419,1580,1060,76,1062,30,2.5852448,2.5682349999999996,2.503708,2.7033062,0,0,0,0
bls_avx_swapped_split2,1/16,32,cold,predec_per_validator,419,1580,1060,76,1062,30,0.15933011710526315,0.1594060592105263,0.15882497368421053,0.15977341973684211,,,,
bls_avx_swapped_split2,1/16,32,cold,preparation,419,1580,1060,76,1062,30,15.608506133333332,15.6088775,15.5379124,15.661107900000001,1,1,0,0
bls_avx_swapped_split2,1/16,32,cold,share_generation,419,1580,1060,76,1062,30,12.1090889,12.1148605,12.070698,12.142779899999999,0,0,0,0
bls_avx_swapped_split2,1/16,32,cold,validate_per_validator,419,1580,1060,76,1062,30,0.22590540219298247,0.22570974342105263,0.2251499960526316,0.22693384078947368,,,,
bls_avx_swapped_split2,1/16,32,cold,validation,419,1580,1060,76,1062,30,1.5435287333333332,1.544708,1.5249948,1.5610928000000002,0,0,0,0
bls_avx_swapped_split2,1/16,64,cached,acceptance,419,1580,1060,76,1062,30,28.0244365,27.808108500000003,27.6674571,28.9367436,0,0,0,0
bls_avx_swapped_split2,1/16,64,cached,combiner,419,1580,1060,76,1062,30,82.22350813333334,81.91364899999999,81.6805319,83.6955148,0,0,0,0
bls_avx_swapped_split2,1/16,64,cached,dec_open,419,1580,1060,76,1062,30,54.1988987,54.1075185,53.975064700000004,54.6163474,,,,
bls_avx_swapped_split2,1/16,64,cached,decryption_total,419,1580,1060,76,1062,30,106.73003250000001,105.855494,105.626616,109.3841467,0,0,0,0
bls_avx_swapped_split2,1/16,64,cached,encryption,419,1580,1060,76,1062,30,3.2974365333333333,3.295344,3.2844062,3.3130547,0,0,0,0
bls_avx_swapped_split2,1/16,64,cached,encryption_per_item,419,1580,1060,76,1062,30,0.05152244583333333,0.05148975,0.051318846875,0.0517664796875,,,,
bls_avx_swapped_split2,1/16,64,cached,end_to_end,419,1580,1060,76,1062,30,113.03010809999999,112.126122,111.8947836,115.67021460000001,0,0,0,0
bls_avx_swapped_split2,1/16,64,cached,opening,419,1580,1060,76,1062,30,49.41475523333334,49.365681499999994,49.2861251,49.4949385,0,0,0,0
bls_avx_swapped_split2,1/16,64,cached,precompute,419,1580,1060,76,1062,30,4.7841434666666665,4.7309975,4.6391808,5.0749572,0,0,0,0
bls_avx_swapped_split2,1/16,64,cached,predec_per_validator,419,1580,1060,76,1062,30,0.3224534171052632,0.3148756447368421,0.3142028947368421,0.32367444868421064,,,,
bls_avx_swapped_split2,1/16,64,cached,preparation,419,1580,1060,76,1062,30,2.166666666666667e-05,2e-05,2e-05,3e-05,0,0,0,0
bls_avx_swapped_split2,1/16,64,cached,share_generation,419,1580,1060,76,1062,30,24.5064597,23.930549,23.879420000000003,24.59925810000001,0,0,0,0
bls_avx_swapped_split2,1/16,64,cached,validate_per_validator,419,1580,1060,76,1062,30,0.3687425855263158,0.3658961644736842,0.3640454881578947,0.3807466263157895,,,,
bls_avx_swapped_split2,1/16,64,cached,validation,419,1580,1060,76,1062,30,3.0024808333333337,2.9847770000000002,2.9590219,3.0063605,0,0,0,0
bls_avx_swapped_split2,1/16,64,cold,acceptance,419,1580,1060,76,1062,30,27.844548866666667,27.7640625,27.6796614,27.8427231,0,0,0,0
bls_avx_swapped_split2,1/16,64,cold,combiner,419,1580,1060,76,1062,30,97.42194853333334,97.3409635,97.1627475,97.58115910000001,1,1,0,0
bls_avx_swapped_split2,1/16,64,cold,dec_open,419,1580,1060,76,1062,30,53.977910200000004,53.955139,53.843148299999996,54.1152086,,,,
bls_avx_swapped_split2,1/16,64,cold,decryption_total,419,1580,1060,76,1062,30,121.65877306666667,121.18262899999999,120.9936169,121.46698110000001,1,1,0,0
bls_avx_swapped_split2,1/16,64,cold,encryption,419,1580,1060,76,1062,30,3.2864849,3.287728,3.2741566,3.2987321,0,0,0,0
bls_avx_swapped_split2,1/16,64,cold,encryption_per_item,419,1580,1060,76,1062,30,0.0513513265625,0.05137075,0.051158696875,0.0515426890625,,,,
bls_avx_swapped_split2,1/16,64,cold,end_to_end,419,1580,1060,76,1062,30,127.94104886666668,127.4706615,127.26573,127.7254285,1,1,0,0
bls_avx_swapped_split2,1/16,64,cold,opening,419,1580,1060,76,1062,30,49.22769973333333,49.2142795,49.1631969,49.296346400000004,0,0,0,0
bls_avx_swapped_split2,1/16,64,cold,precompute,419,1580,1060,76,1062,30,4.750210466666667,4.7389385,4.6277411,4.8736466,0,0,0,0
bls_avx_swapped_split2,1/16,64,cold,predec_per_validator,419,1580,1060,76,1062,30,0.31890467280701756,0.3137763815789474,0.3132988,0.31492230789473685,,,,
bls_avx_swapped_split2,1/16,64,cold,preparation,419,1580,1060,76,1062,30,15.599325200000001,15.581654499999999,15.512462,15.694170100000001,1,1,0,0
bls_avx_swapped_split2,1/16,64,cold,share_generation,419,1580,1060,76,1062,30,24.236755133333336,23.847005,23.810708799999997,23.9340954,0,0,0,0
bls_avx_swapped_split2,1/16,64,cold,validate_per_validator,419,1580,1060,76,1062,30,0.3663756429824562,0.3653166118421053,0.3642060710526316,0.3663516197368421,,,,
bls_avx_swapped_split2,1/16,64,cold,validation,419,1580,1060,76,1062,30,2.9956100333333335,2.9842310000000003,2.9624159000000003,3.0049761999999998,0,0,0,0
bls_avx_swapped_split2,1/16,128,cached,acceptance,419,1580,1060,76,1062,30,65.69087633333334,70.1012795,54.893461699999996,71.44660180000001,0,0,0,0
bls_avx_swapped_split2,1/16,128,cached,combiner,419,1580,1060,76,1062,30,174.07891696666667,174.3099875,163.5323898,180.67494800000003,0,0,0,0
bls_avx_swapped_split2,1/16,128,cached,dec_open,419,1580,1060,76,1062,30,108.38785673333334,108.245859,100.1330636,117.08523799999999,,,,
bls_avx_swapped_split2,1/16,128,cached,decryption_total,419,1580,1060,76,1062,30,221.60988076666666,221.86607750000002,211.0612572,228.2783556,0,0,0,0
bls_avx_swapped_split2,1/16,128,cached,encryption,419,1580,1060,76,1062,30,6.505555066666667,6.507638999999999,6.4778808,6.531879399999999,0,0,0,0
bls_avx_swapped_split2,1/16,128,cached,encryption_per_item,419,1580,1060,76,1062,30,0.050824648958333336,0.050840929687499994,0.05060844375,0.051030307812499995,,,,
bls_avx_swapped_split2,1/16,128,cached,end_to_end,419,1580,1060,76,1062,30,234.21672746666667,234.4285845,223.4893433,240.7006946,0,0,0,0
bls_avx_swapped_split2,1/16,128,cached,opening,419,1580,1060,76,1062,30,98.70728103333335,98.7000645,90.62469460000001,106.8499544,0,0,0,0
bls_avx_swapped_split2,1/16,128,cached,precompute,419,1580,1060,76,1062,30,9.6805757,9.6094025,9.183258200000001,10.288665600000002,0,0,0,0
bls_avx_swapped_split2,1/16,128,cached,predec_per_validator,419,1580,1060,76,1062,30,0.6254065973684211,0.625502769736842,0.6244056697368422,0.6264652013157894,,,,
bls_avx_swapped_split2,1/16,128,cached,preparation,419,1580,1060,76,1062,30,2.2033333333333335e-05,2e-05,2e-05,3e-05,0,0,0,0
bls_avx_swapped_split2,1/16,128,cached,share_generation,419,1580,1060,76,1062,30,47.5309014,47.538210500000005,47.4548309,47.6113553,0,0,0,0
bls_avx_swapped_split2,1/16,128,cached,validate_per_validator,419,1580,1060,76,1062,30,0.8643536359649123,0.9223852565789474,0.7222823907894736,0.9400868657894738,,,,
bls_avx_swapped_split2,1/16,128,cached,validation,419,1580,1060,76,1062,30,6.101094766666667,5.9753620000000005,5.5323307,6.8971655,0,0,0,0
bls_avx_swapped_split2,1/16,128,cold,acceptance,419,1580,1060,76,1062,30,62.482956800000004,61.9259935,55.0153675,70.4310164,0,0,0,0
bls_avx_swapped_split2,1/16,128,cold,combiner,419,1580,1060,76,1062,30,188.9373933,187.42776350000003,177.6598126,201.45675459999998,1,1,0,0
bls_avx_swapped_split2,1/16,128,cold,dec_open,419,1580,1060,76,1062,30,110.7807244,108.594507,100.47926199999999,118.0158121,,,,
bls_avx_swapped_split2,1/16,128,cold,decryption_total,419,1580,1060,76,1062,30,236.46412636666668,235.0171685,225.0150082,249.1437436,1,1,0,0
bls_avx_swapped_split2,1/16,128,cold,encryption,419,1580,1060,76,1062,30,6.5103155,6.510518,6.4845276,6.5333122,0,0,0,0
bls_avx_swapped_split2,1/16,128,cold,encryption_per_item,419,1580,1060,76,1062,30,0.05086183984375,0.050863421875,0.050660371875,0.0510415015625,,,,
bls_avx_swapped_split2,1/16,128,cold,end_to_end,419,1580,1060,76,1062,30,249.1978811,247.7498025,237.0748237,262.348543,1,1,0,0
bls_avx_swapped_split2,1/16,128,cold,opening,419,1580,1060,76,1062,30,101.06972426666667,98.64062799999999,90.65706420000001,107.77398240000001,0,0,0,0
bls_avx_swapped_split2,1/16,128,cold,precompute,419,1580,1060,76,1062,30,9.711000133333332,9.628869,9.1909205,10.356094100000002,0,0,0,0
bls_avx_swapped_split2,1/16,128,cold,predec_per_validator,419,1580,1060,76,1062,30,0.6253508114035088,0.6252125460526317,0.6238103631578947,0.6273204328947368,,,,
bls_avx_swapped_split2,1/16,128,cold,preparation,419,1580,1060,76,1062,30,15.6735672,15.6776665,15.5776915,15.7417293,1,1,0,0
bls_avx_swapped_split2,1/16,128,cold,share_generation,419,1580,1060,76,1062,30,47.52666166666667,47.5161535,47.4095876,47.6763529,0,0,0,0
bls_avx_swapped_split2,1/16,128,cold,validate_per_validator,419,1580,1060,76,1062,30,0.8221441684210526,0.8148157039473685,0.7238864144736843,0.9267239,,,,
bls_avx_swapped_split2,1/16,128,cold,validation,419,1580,1060,76,1062,30,6.223240733333333,6.0422395,5.8686781,6.9329776,0,0,0,0
bls_avx_swapped_split2,1/16,256,cached,acceptance,419,1580,1060,76,1062,30,131.96593336666666,131.50473549999998,130.6744626,132.23452010000003,0,0,0,0
bls_avx_swapped_split2,1/16,256,cached,combiner,419,1580,1060,76,1062,30,358.7235083,355.2296925,341.10918730000003,383.4085299,0,0,0,0
bls_avx_swapped_split2,1/16,256,cached,dec_open,419,1580,1060,76,1062,30,226.75739963333334,224.1295245,209.09521239999998,242.45318280000004,,,,
bls_avx_swapped_split2,1/16,256,cached,decryption_total,419,1580,1060,76,1062,30,453.3439524,449.893424,435.6874722,477.8884277,0,0,0,0
bls_avx_swapped_split2,1/16,256,cached,encryption,419,1580,1060,76,1062,30,12.965822900000001,12.9716475,12.9245145,13.0044478,0,0,0,0
bls_avx_swapped_split2,1/16,256,cached,encryption_per_item,419,1580,1060,76,1062,30,0.050647745703125004,0.050670498046875,0.050486384765625,0.05079862421875,,,,
bls_avx_swapped_split2,1/16,256,cached,end_to_end,419,1580,1060,76,1062,30,478.70424753333333,475.3312655,460.5556377,503.0553815,0,0,0,0
bls_avx_swapped_split2,1/16,256,cached,opening,419,1580,1060,76,1062,30,207.87519346666667,205.366988,189.51546150000001,222.61085260000002,0,0,0,0
bls_avx_swapped_split2,1/16,256,cached,precompute,419,1580,1060,76,1062,30,18.882206166666666,18.668141499999997,18.1946365,19.8912489,0,0,0,0
bls_avx_swapped_split2,1/16,256,cached,predec_per_validator,419,1580,1060,76,1062,30,1.2450047938596491,1.245151092105263,1.2426017315789473,1.2477813289473683,,,,
bls_avx_swapped_split2,1/16,256,cached,preparation,419,1580,1060,76,1062,30,2.1000000000000002e-05,2e-05,2e-05,2.1000000000000016e-05,0,0,0,0
bls_avx_swapped_split2,1/16,256,cached,share_generation,419,1580,1060,76,1062,30,94.62036433333333,94.631483,94.43773159999999,94.831381,0,0,0,0
bls_avx_swapped_split2,1/16,256,cached,validate_per_validator,419,1580,1060,76,1062,30,1.7363938600877193,1.730325467105263,1.7194008236842104,1.7399278960526317,,,,
bls_avx_swapped_split2,1/16,256,cached,validation,419,1580,1060,76,1062,30,12.394295233333333,12.359517,11.3707757,13.4831655,0,0,0,0
bls_avx_swapped_split2,1/16,256,cold,acceptance,419,1580,1060,76,1062,30,131.19838116666668,131.521188,129.93666430000002,132.5195914,0,0,0,0
bls_avx_swapped_split2,1/16,256,cold,combiner,419,1580,1060,76,1062,30,374.2682350333333,370.5418375,355.2685555,393.7729891,1,1,0,0
bls_avx_swapped_split2,1/16,256,cold,dec_open,419,1580,1060,76,1062,30,227.48626466666667,223.623895,208.126472,248.29575680000002,,,,
bls_avx_swapped_split2,1/16,256,cold,decryption_total,419,1580,1060,76,1062,30,469.7079162333333,464.9642185,450.2289117,488.5101442,1,1,0,0
bls_avx_swapped_split2,1/16,256,cold,encryption,419,1580,1060,76,1062,30,12.9602807,12.965229,12.9066086,13.010527300000001,0,0,0,0
bls_avx_swapped_split2,1/16,256,cold,encryption_per_item,419,1580,1060,76,1062,30,0.050626096484375,0.05064542578125,0.05041643984375,0.050822372265625006,,,,
bls_avx_swapped_split2,1/16,256,cold,end_to_end,419,1580,1060,76,1062,30,495.00810206666665,490.284329,476.0148438,516.3696202,1,1,0,0
bls_avx_swapped_split2,1/16,256,cold,opening,419,1580,1060,76,1062,30,208.74603553333333,204.917585,189.17243969999998,230.1144232,0,0,0,0
bls_avx_swapped_split2,1/16,256,cold,precompute,419,1580,1060,76,1062,30,18.740229133333333,18.425618,17.9767001,19.7986435,0,0,0,0
bls_avx_swapped_split2,1/16,256,cold,predec_per_validator,419,1580,1060,76,1062,30,1.2557843679824563,1.2462620197368421,1.2424634776315788,1.2503135065789472,,,,
bls_avx_swapped_split2,1/16,256,cold,preparation,419,1580,1060,76,1062,30,15.583447966666666,15.576232,15.452076,15.6898088,1,1,0,0
bls_avx_swapped_split2,1/16,256,cold,share_generation,419,1580,1060,76,1062,30,95.43961196666666,94.7159135,94.42722429999999,95.0238265,0,0,0,0
bls_avx_swapped_split2,1/16,256,cold,validate_per_validator,419,1580,1060,76,1062,30,1.7262944890350878,1.730541947368421,1.7096929513157895,1.7436788342105263,,,,
bls_avx_swapped_split2,1/16,256,cold,validation,419,1580,1060,76,1062,30,12.3397249,12.3480155,11.3360378,13.3764255,0,0,0,0
bls_avx_swapped_split2,1/32,16,cached,acceptance,598,3063,2044,79,2046,30,9.5916645,9.602367000000001,9.537278200000001,9.6389405,0,0,0,0
bls_avx_swapped_split2,1/32,16,cached,combiner,598,3063,2044,79,2046,30,27.8993366,27.898066,27.800436899999998,27.9928981,0,0,0,0
bls_avx_swapped_split2,1/32,16,cached,dec_open,598,3063,2044,79,2046,30,18.307520933333333,18.306845499999998,18.2524431,18.3655341,,,,
bls_avx_swapped_split2,1/32,16,cached,decryption_total,598,3063,2044,79,2046,30,34.445868233333336,34.4572865,34.3129202,34.5425987,0,0,0,0
bls_avx_swapped_split2,1/32,16,cached,encryption,598,3063,2044,79,2046,30,1.1034745666666665,1.10581,1.090827,1.1130601,0,0,0,0
bls_avx_swapped_split2,1/32,16,cached,encryption_per_item,598,3063,2044,79,2046,30,0.06896716041666666,0.069113125,0.0681766875,0.06956625625,,,,
bls_avx_swapped_split2,1/32,16,cached,end_to_end,598,3063,2044,79,2046,30,36.5607733,36.570886,36.4125668,36.672936400000005,0,0,0,0
bls_avx_swapped_split2,1/32,16,cached,opening,598,3063,2044,79,2046,30,16.983957166666666,16.9904005,16.9376581,17.0188965,0,0,0,0
bls_avx_swapped_split2,1/32,16,cached,precompute,598,3063,2044,79,2046,30,1.3235637666666666,1.3228529999999998,1.2856769,1.3635753,0,0,0,0
bls_avx_swapped_split2,1/32,16,cached,predec_per_validator,598,3063,2044,79,2046,30,0.08286671223628692,0.08292498101265823,0.08243817468354431,0.08312182278481013,,,,
bls_avx_swapped_split2,1/32,16,cached,preparation,598,3063,2044,79,2046,30,2e-05,2e-05,2e-05,2e-05,0,0,0,0
bls_avx_swapped_split2,1/32,16,cached,share_generation,598,3063,2044,79,2046,30,6.546470266666666,6.5510735,6.5126158,6.566624,0,0,0,0
bls_avx_swapped_split2,1/32,16,cached,validate_per_validator,598,3063,2044,79,2046,30,0.1214134746835443,0.12154894936708861,0.12072504050632912,0.12201190506329114,,,,
bls_avx_swapped_split2,1/32,16,cached,validation,598,3063,2044,79,2046,30,1.0113025666666666,1.010574,1.0018129,1.020205,0,0,0,0
bls_avx_swapped_split2,1/32,16,cold,acceptance,598,3063,2044,79,2046,30,9.5314429,9.52444,9.5020418,9.573184000000001,0,0,0,0
bls_avx_swapped_split2,1/32,16,cold,combiner,598,3063,2044,79,2046,30,54.52374426666667,54.462458,54.3131217,54.7817102,1,1,0,0
bls_avx_swapped_split2,1/32,16,cold,dec_open,598,3063,2044,79,2046,30,18.7572066,18.745719,18.5522282,18.981379699999998,,,,
bls_avx_swapped_split2,1/32,16,cold,decryption_total,598,3063,2044,79,2046,30,61.0374798,60.974518,60.8334893,61.290544700000005,1,1,0,0
bls_avx_swapped_split2,1/32,16,cold,encryption,598,3063,2044,79,2046,30,1.0998676666666667,1.09863,1.088617,1.1104875,0,0,0,0
bls_avx_swapped_split2,1/32,16,cold,encryption_per_item,598,3063,2044,79,2046,30,0.06874172916666667,0.068664375,0.0680385625,0.06940546875,,,,
bls_avx_swapped_split2,1/32,16,cold,end_to_end,598,3063,2044,79,2046,30,63.150749,63.094632000000004,62.942507000000006,63.3897682,1,1,0,0
bls_avx_swapped_split2,1/32,16,cold,opening,598,3063,2044,79,2046,30,16.895739533333334,16.8810055,16.8548014,16.9164059,0,0,0,0
bls_avx_swapped_split2,1/32,16,cold,precompute,598,3063,2044,79,2046,30,1.8614670666666666,1.856747,1.6578457,2.0768421,0,0,0,0
bls_avx_swapped_split2,1/32,16,cold,predec_per_validator,598,3063,2044,79,2046,30,0.0824516253164557,0.08244609493670886,0.08226144810126582,0.08266467468354431,,,,
bls_avx_swapped_split2,1/32,16,cold,preparation,598,3063,2044,79,2046,30,26.23495116666667,26.216986499999997,26.1424108,26.3388422,1,1,0,0
bls_avx_swapped_split2,1/32,16,cold,share_generation,598,3063,2044,79,2046,30,6.5136784,6.5132414999999995,6.4986544,6.5305093,0,0,0,0
bls_avx_swapped_split2,1/32,16,cold,validate_per_validator,598,3063,2044,79,2046,30,0.1206511759493671,0.12056253164556963,0.12027901012658228,0.12117954430379747,,,,
bls_avx_swapped_split2,1/32,16,cold,validation,598,3063,2044,79,2046,30,1.0132706333333334,1.0124465,1.0007270000000001,1.031111,0,0,0,0
bls_avx_swapped_split2,1/64,16,cached,acceptance,688,6489,4327,79,4333,30,9.603068433333334,9.59389,9.5283522,9.633674,0,0,0,0
bls_avx_swapped_split2,1/64,16,cached,combiner,688,6489,4327,79,4333,30,27.9161836,27.906454,27.799803999999998,27.954687800000002,0,0,0,0
bls_avx_swapped_split2,1/64,16,cached,dec_open,688,6489,4327,79,4333,30,18.31294653333333,18.306244,18.2268947,18.388288600000003,,,,
bls_avx_swapped_split2,1/64,16,cached,decryption_total,688,6489,4327,79,4333,30,34.5012343,34.4553585,34.2982289,34.5211199,0,0,0,0
bls_avx_swapped_split2,1/64,16,cached,encryption,688,6489,4327,79,4333,30,1.1028705,1.102225,1.0916099000000001,1.1132961000000001,0,0,0,0
bls_avx_swapped_split2,1/64,16,cached,encryption_per_item,688,6489,4327,79,4333,30,0.06892940625,0.0688890625,0.06822561875000001,0.06958100625000001,,,,
bls_avx_swapped_split2,1/64,16,cached,end_to_end,688,6489,4327,79,4333,30,36.61187916666667,36.564437999999996,36.4218818,36.6843588,0,0,0,0
bls_avx_swapped_split2,1/64,16,cached,opening,688,6489,4327,79,4333,30,16.982847366666668,16.990716499999998,16.897265100000002,17.0431101,0,0,0,0
bls_avx_swapped_split2,1/64,16,cached,precompute,688,6489,4327,79,4333,30,1.3300991666666666,1.31667,1.2916296999999999,1.3495211,0,0,0,0
bls_avx_swapped_split2,1/64,16,cached,predec_per_validator,688,6489,4327,79,4333,30,0.08335422151898735,0.08284182278481013,0.08221847088607595,0.08317510253164558,,,,
bls_avx_swapped_split2,1/64,16,cached,preparation,688,6489,4327,79,4333,30,2.106666666666667e-05,2e-05,2e-05,2.190000000000001e-05,0,0,0,0
bls_avx_swapped_split2,1/64,16,cached,share_generation,688,6489,4327,79,4333,30,6.584983500000001,6.544504,6.4952592,6.570833100000001,0,0,0,0
bls_avx_swapped_split2,1/64,16,cached,validate_per_validator,688,6489,4327,79,4333,30,0.1215578282700422,0.12144164556962025,0.12061205316455696,0.12194524050632911,,,,
bls_avx_swapped_split2,1/64,16,cached,validation,688,6489,4327,79,4333,30,1.0076321666666666,1.0071444999999999,0.9931539,1.0205255,0,0,0,0
bls_avx_swapped_split2,1/64,16,cold,acceptance,688,6489,4327,79,4333,30,9.505202766666667,9.500067,9.4658593,9.5563176,0,0,0,0
bls_avx_swapped_split2,1/64,16,cold,combiner,688,6489,4327,79,4333,30,76.939953,76.9426955,76.65731310000001,77.2047926,11,11,0,0
bls_avx_swapped_split2,1/64,16,cold,dec_open,688,6489,4327,79,4333,30,18.5937756,18.569121,18.3686796,18.8665953,,,,
bls_avx_swapped_split2,1/64,16,cold,decryption_total,688,6489,4327,79,4333,30,83.45627646666667,83.42151150000001,83.1243895,83.7195443,11,11,0,0
bls_avx_swapped_split2,1/64,16,cold,encryption,688,6489,4327,79,4333,30,1.0936063,1.0941785,1.0804037999999998,1.108215,0,0,0,0
bls_avx_swapped_split2,1/64,16,cold,encryption_per_item,688,6489,4327,79,4333,30,0.06835039375,0.06838615625,0.06752523749999999,0.0692634375,,,,
bls_avx_swapped_split2,1/64,16,cold,end_to_end,688,6489,4327,79,4333,30,85.55641176666667,85.5054105,85.2437187,85.8199178,11,11,0,0
bls_avx_swapped_split2,1/64,16,cold,opening,688,6489,4327,79,4333,30,16.7777149,16.7770375,16.7478839,16.816971000000002,0,0,0,0
bls_avx_swapped_split2,1/64,16,cold,precompute,688,6489,4327,79,4333,30,1.8160607,1.784688,1.5526902,2.0804763,0,0,0,0
bls_avx_swapped_split2,1/64,16,cold,predec_per_validator,688,6489,4327,79,4333,30,0.08248420801687764,0.0818651075949367,0.08174460379746835,0.08210193797468354,,,,
bls_avx_swapped_split2,1/64,16,cold,preparation,688,6489,4327,79,4333,30,48.84082106666666,48.828219000000004,48.644383,49.039615,11,11,0,0
bls_avx_swapped_split2,1/64,16,cold,share_generation,688,6489,4327,79,4333,30,6.516252433333333,6.4673435,6.4578237,6.4860531,0,0,0,0
bls_avx_swapped_split2,1/64,16,cold,validate_per_validator,688,6489,4327,79,4333,30,0.12031902236286919,0.12025401265822785,0.11982100379746836,0.12096604556962023,,,,
bls_avx_swapped_split2,1/64,16,cold,validation,688,6489,4327,79,4333,30,1.0063837666666666,1.0084309999999999,0.9917507999999999,1.0212012,0,0,0,0
bls_avx_swapped_split2,1/8,16,cached,acceptance,234,764,512,59,515,30,7.374051933333333,7.309932,7.2649072,7.4371326,0,0,0,0
bls_avx_swapped_split2,1/8,16,cached,combiner,234,764,512,59,515,30,21.576557066666666,21.5056365,21.4206139,21.753462600000002,0,0,0,0
bls_avx_swapped_split2,1/8,16,cached,dec_open,234,764,512,59,515,30,14.202320833333333,14.1876245,14.1442858,14.265590300000001,,,,
bls_avx_swapped_split2,1/8,16,cached,decryption_total,234,764,512,59,515,30,26.455583566666668,26.1935795,26.1079655,27.530511100000002,0,0,0,0
bls_avx_swapped_split2,1/8,16,cached,encryption,234,764,512,59,515,30,1.1047980666666668,1.10188,1.0969748,1.1160065000000001,0,0,0,0
bls_avx_swapped_split2,1/8,16,cached,encryption_per_item,234,764,512,59,515,30,0.06904987916666668,0.0688675,0.068560925,0.06975040625000001,,,,
bls_avx_swapped_split2,1/8,16,cached,end_to_end,234,764,512,59,515,30,28.5932846,28.31102,28.2382088,29.9130729,0,0,0,0
bls_avx_swapped_split2,1/8,16,cached,opening,234,764,512,59,515,30,12.840216733333333,12.8368375,12.819206000000001,12.8572564,0,0,0,0
bls_avx_swapped_split2,1/8,16,cached,precompute,234,764,512,59,515,30,1.3621041,1.3515925,1.3117948,1.4095428,0,0,0,0
bls_avx_swapped_split2,1/8,16,cached,predec_per_validator,234,764,512,59,515,30,0.0826940802259887,0.07959354237288135,0.07937994576271187,0.09741388305084746,,,,
bls_avx_swapped_split2,1/8,16,cached,preparation,234,764,512,59,515,30,2.04e-05,2e-05,2e-05,2.0100000000000004e-05,0,0,0,0
bls_avx_swapped_split2,1/8,16,cached,share_generation,234,764,512,59,515,30,4.878950733333334,4.696019,4.683416800000001,5.7474191,0,0,0,0
bls_avx_swapped_split2,1/8,16,cached,validate_per_validator,234,764,512,59,515,30,0.12498393107344634,0.12389715254237288,0.12313402033898305,0.12605309491525424,,,,
bls_avx_swapped_split2,1/8,16,cached,validation,234,764,512,59,515,30,1.0327577333333333,1.019126,0.9992405,1.0335813,0,0,0,0
bls_avx_swapped_split2,1/8,16,cold,acceptance,234,764,512,59,515,30,7.2698205,7.2650945,7.2093938,7.3317214,0,0,0,0
bls_avx_swapped_split2,1/8,16,cold,combiner,234,764,512,59,515,30,29.486226966666667,29.5071935,29.3235975,29.584951,1,1,0,0
bls_avx_swapped_split2,1/8,16,cold,dec_open,234,764,512,59,515,30,14.142190266666667,14.154449,14.0697133,14.2062305,,,,
bls_avx_swapped_split2,1/8,16,cold,decryption_total,234,764,512,59,515,30,34.1641047,34.184387,33.9955299,34.271616,1,1,0,0
bls_avx_swapped_split2,1/8,16,cold,encryption,234,764,512,59,515,30,1.0995665333333333,1.097343,1.0917285,1.1104845,0,0,0,0
bls_avx_swapped_split2,1/8,16,cold,encryption_per_item,234,764,512,59,515,30,0.06872290833333333,0.0685839375,0.06823303125,0.06940528125,,,,
bls_avx_swapped_split2,1/8,16,cold,end_to_end,234,764,512,59,515,30,36.274891333333336,36.305367000000004,36.09478,36.3884771,1,1,0,0
bls_avx_swapped_split2,1/8,16,cold,opening,234,764,512,59,515,30,12.812028999999999,12.82775,12.7462029,12.841853,0,0,0,0
bls_avx_swapped_split2,1/8,16,cold,precompute,234,764,512,59,515,30,1.3301612666666667,1.335,1.2738069,1.3732315,0,0,0,0
bls_avx_swapped_split2,1/8,16,cold,predec_per_validator,234,764,512,59,515,30,0.07928492203389831,0.079351,0.07895158813559323,0.07953474745762712,,,,
bls_avx_swapped_split2,1/8,16,cold,preparation,234,764,512,59,515,30,8.074068033333333,8.0685745,8.0041028,8.1450753,1,1,0,0
bls_avx_swapped_split2,1/8,16,cold,share_generation,234,764,512,59,515,30,4.6778104,4.681709,4.6581437,4.6925501,0,0,0,0
bls_avx_swapped_split2,1/8,16,cold,validate_per_validator,234,764,512,59,515,30,0.12321729661016949,0.12313719491525424,0.12219311525423729,0.12426646440677966,,,,
bls_avx_swapped_split2,1/8,16,cold,validation,234,764,512,59,515,30,1.0110900333333332,1.011741,1.0007278,1.0209523999999999,0,0,0,0
blst_original,1/16,16,cached,acceptance,419,1580,1060,76,1062,30,11.074117233333334,11.00546,10.9747128,11.0466791,,,,
blst_original,1/16,16,cached,combiner,419,1580,1060,76,1062,30,37.54724403333333,37.480172,37.4089965,37.542581899999995,,,,
blst_original,1/16,16,cached,dec_open,419,1580,1060,76,1062,30,26.4730307,26.4702685,26.431945799999998,26.498501100000002,,,,
blst_original,1/16,16,cached,decryption_total,419,1580,1060,76,1062,30,40.72899593333333,40.6088015,40.5517627,41.1139299,,,,
blst_original,1/16,16,cached,encryption,419,1580,1060,76,1062,30,1.0899722666666667,1.0907839999999998,1.076065,1.1019841999999997,,,,
blst_original,1/16,16,cached,encryption_per_item,419,1580,1060,76,1062,30,0.06812326666666667,0.06817399999999998,0.0672540625,0.06887401249999998,,,,
blst_original,1/16,16,cached,end_to_end,419,1580,1060,76,1062,30,42.16199966666667,42.0400235,41.973849599999994,42.53554930000001,,,,
blst_original,1/16,16,cached,opening,419,1580,1060,76,1062,30,17.894825466666664,17.894489,17.874218399999997,17.923419100000004,,,,
blst_original,1/16,16,cached,precompute,419,1580,1060,76,1062,30,8.578205233333334,8.5750705,8.545536900000002,8.601368599999999,,,,
blst_original,1/16,16,cached,predec_per_validator,419,1580,1060,76,1062,30,0.04186416842105264,0.04111914473684211,0.04098763684210526,0.04180921710526316,,,,
blst_original,1/16,16,cached,preparation,419,1580,1060,76,1062,30,0.0,0.0,0.0,0.0,,,,
blst_original,1/16,16,cached,share_generation,419,1580,1060,76,1062,30,3.1816768,3.125055,3.1150603999999995,3.1775005000000007,,,,
blst_original,1/16,16,cached,validate_per_validator,419,1580,1060,76,1062,30,0.14571206885964913,0.1448086842105263,0.1444041157894737,0.1453510407894737,,,,
blst_original,1/16,16,cached,validation,419,1580,1060,76,1062,30,0.3429434,0.341885,0.3332516,0.35458919999999994,,,,
blst_original,1/16,16,cold,acceptance,419,1580,1060,76,1062,30,11.076662466666667,11.080499499999998,11.0169207,11.122898,,,,
blst_original,1/16,16,cold,combiner,419,1580,1060,76,1062,30,207.2753181,204.387369,203.8114012,213.35445539999998,,,,
blst_original,1/16,16,cold,dec_open,419,1580,1060,76,1062,30,26.67111956666667,26.676022000000003,26.6182477,26.7196272,,,,
blst_original,1/16,16,cold,decryption_total,419,1580,1060,76,1062,30,210.42911253333332,207.5316005,206.9277473,216.6051796,,,,
blst_original,1/16,16,cold,encryption,419,1580,1060,76,1062,30,1.1016659333333334,1.0998715,1.0792089,1.1250805,,,,
blst_original,1/16,16,cold,encryption_per_item,419,1580,1060,76,1062,30,0.06885412083333334,0.06874196875,0.06745055625,0.07031753125,,,,
blst_original,1/16,16,cold,end_to_end,419,1580,1060,76,1062,30,211.87897220000002,208.99743999999998,208.3967498,218.0756692,,,,
blst_original,1/16,16,cold,opening,419,1580,1060,76,1062,30,18.033460633333334,18.0287285,18.004295600000003,18.069401099999997,,,,
blst_original,1/16,16,cold,precompute,419,1580,1060,76,1062,30,8.637658933333334,8.639482999999998,8.6045862,8.6590263,,,,
blst_original,1/16,16,cold,predec_per_validator,419,1580,1060,76,1062,30,0.041496403070175436,0.04137199342105263,0.04095718289473684,0.041601003947368424,,,,
blst_original,1/16,16,cold,preparation,419,1580,1060,76,1062,30,169.52733066666667,166.65846549999998,166.1369394,175.616139,,,,
blst_original,1/16,16,cold,share_generation,419,1580,1060,76,1062,30,3.1537266333333336,3.1442715000000003,3.1127459,3.1616763,,,,
blst_original,1/16,16,cold,validate_per_validator,419,1580,1060,76,1062,30,0.14574555877192982,0.14579604605263158,0.14495948289473687,0.1463539210526316,,,,
blst_original,1/16,16,cold,validation,419,1580,1060,76,1062,30,0.3480623,0.3477325,0.3388599,0.35535100000000003,,,,
blst_original,1/16,32,cached,acceptance,419,1580,1060,76,1062,30,16.658599033333335,16.657849,16.5914199,16.727824599999998,,,,
blst_original,1/16,32,cached,combiner,419,1580,1060,76,1062,30,65.75528576666666,65.68616549999999,65.5196605,66.0306783,,,,
blst_original,1/16,32,cached,dec_open,419,1580,1060,76,1062,30,49.096589,49.04472500000001,48.86565649999999,49.3538395,,,,
blst_original,1/16,32,cached,decryption_total,419,1580,1060,76,1062,30,70.67052749999999,70.60356,70.4248267,70.94960400000001,,,,
blst_original,1/16,32,cached,encryption,419,1580,1060,76,1062,30,1.6330297333333335,1.6323940000000001,1.6155489,1.6533331,,,,
blst_original,1/16,32,cached,encryption_per_item,419,1580,1060,76,1062,30,0.05103217916666667,0.051012312500000004,0.050485903125,0.051666659375,,,,
blst_original,1/16,32,cached,end_to_end,419,1580,1060,76,1062,30,72.83446686666666,72.78314499999999,72.5781274,73.1304571,,,,
blst_original,1/16,32,cached,opening,419,1580,1060,76,1062,30,26.904717566666665,26.850167000000003,26.818260700000003,26.968725399999997,,,,
blst_original,1/16,32,cached,precompute,419,1580,1060,76,1062,30,22.191871433333333,22.143939000000003,22.0312571,22.4473579,,,,
blst_original,1/16,32,cached,predec_per_validator,419,1580,1060,76,1062,30,0.06467332894736842,0.06452466447368421,0.06439130263157895,0.06522521052631577,,,,
blst_original,1/16,32,cached,preparation,419,1580,1060,76,1062,30,0.0,0.0,0.0,0.0,,,,
blst_original,1/16,32,cached,share_generation,419,1580,1060,76,1062,30,4.915172999999999,4.9038745,4.893739000000001,4.957115999999999,,,,
blst_original,1/16,32,cached,validate_per_validator,419,1580,1060,76,1062,30,0.21919209254385966,0.2191822236842105,0.2183081565789474,0.22010295526315787,,,,
blst_original,1/16,32,cached,validation,419,1580,1060,76,1062,30,0.5308219,0.5295675000000001,0.5241559000000001,0.5393762999999999,,,,
blst_original,1/16,32,cold,acceptance,419,1580,1060,76,1062,30,16.78815236666667,16.737218,16.691022,16.7943171,,,,
blst_original,1/16,32,cold,combiner,419,1580,1060,76,1062,30,373.6985425666666,371.7413385,369.7437403,381.6700482,,,,
blst_original,1/16,32,cold,dec_open,419,1580,1060,76,1062,30,49.48484406666667,49.3979195,49.2096752,49.6892947,,,,
blst_original,1/16,32,cold,decryption_total,419,1580,1060,76,1062,30,378.67479303333334,376.67353249999996,374.6729873,386.6310273,,,,
blst_original,1/16,32,cold,encryption,419,1580,1060,76,1062,30,1.695403,1.6454165,1.6255209000000002,1.7196560000000005,,,,
blst_original,1/16,32,cold,encryption_per_item,419,1580,1060,76,1062,30,0.05298134375,0.051419265625,0.050797528125000005,0.053739250000000016,,,,
blst_original,1/16,32,cold,end_to_end,419,1580,1060,76,1062,30,380.90701989999997,378.84593299999995,376.8954675,389.18175,,,,
blst_original,1/16,32,cold,opening,419,1580,1060,76,1062,30,27.1536218,27.0658635,27.028956800000003,27.1359149,,,,
blst_original,1/16,32,cold,precompute,419,1580,1060,76,1062,30,22.331222266666668,22.330726,22.1577465,22.514878400000004,,,,
blst_original,1/16,32,cold,predec_per_validator,419,1580,1060,76,1062,30,0.06547596535087719,0.06492659868421052,0.06472703815789473,0.06581145394736841,,,,
blst_original,1/16,32,cold,preparation,419,1580,1060,76,1062,30,307.42538363333335,305.280537,302.65307950000005,315.5939622,,,,
blst_original,1/16,32,cold,share_generation,419,1580,1060,76,1062,30,4.976173366666667,4.934421499999999,4.919254899999999,5.0016704999999995,,,,
blst_original,1/16,32,cold,validate_per_validator,419,1580,1060,76,1062,30,0.22089674166666667,0.22022655263157898,0.2196187105263158,0.22097785657894736,,,,
blst_original,1/16,32,cold,validation,419,1580,1060,76,1062,30,0.5367327333333333,0.5362215,0.5278921,0.5458464,,,,
blst_original,1/16,64,cached,acceptance,419,1580,1060,76,1062,30,31.311482666666667,31.231408,31.131642300000003,31.477179,,,,
blst_original,1/16,64,cached,combiner,419,1580,1060,76,1062,30,139.6053611,139.6221935,139.1751171,140.0924583,,,,
blst_original,1/16,64,cached,dec_open,419,1580,1060,76,1062,30,108.29379006666666,108.28492299999999,107.98596000000002,108.60117960000001,,,,
blst_original,1/16,64,cached,decryption_total,419,1580,1060,76,1062,30,147.5260352666667,147.518905,147.01382569999998,147.99412830000003,,,,
blst_original,1/16,64,cached,encryption,419,1580,1060,76,1062,30,3.625043333333333,3.6503565,3.2203598999999996,3.9481738000000006,,,,
blst_original,1/16,64,cached,encryption_per_item,419,1580,1060,76,1062,30,0.05664130208333333,0.0570368203125,0.050318123437499994,0.06169021562500001,,,,
blst_original,1/16,64,cached,end_to_end,419,1580,1060,76,1062,30,152.19113333333334,152.109659,151.3703182,153.1629298,,,,
blst_original,1/16,64,cached,opening,419,1580,1060,76,1062,30,53.4171305,53.408863499999995,53.313435899999995,53.5296688,,,,
blst_original,1/16,64,cached,precompute,419,1580,1060,76,1062,30,54.87665956666667,54.859582499999995,54.67045180000001,55.1027565,,,,
blst_original,1/16,64,cached,predec_per_validator,419,1580,1060,76,1062,30,0.10421873070175439,0.10395965789473685,0.10303388947368422,0.10527277105263158,,,,
blst_original,1/16,64,cached,preparation,419,1580,1060,76,1062,30,0.0,0.0,0.0,0.0,,,,
blst_original,1/16,64,cached,share_generation,419,1580,1060,76,1062,30,7.920623533333333,7.900934,7.830575600000001,8.0007306,,,,
blst_original,1/16,64,cached,validate_per_validator,419,1580,1060,76,1062,30,0.4119931929824562,0.41093957894736843,0.40962687236842105,0.41417340789473683,,,,
blst_original,1/16,64,cached,validation,419,1580,1060,76,1062,30,1.0399635333333335,1.0372405,1.0281477,1.0547331,,,,
blst_original,1/16,64,cold,acceptance,419,1580,1060,76,1062,30,31.3375309,31.337148999999997,31.188970700000002,31.5112574,,,,
blst_original,1/16,64,cold,combiner,419,1580,1060,76,1062,30,750.2081739666667,747.904413,745.3574443,754.1227027,,,,
blst_original,1/16,64,cold,dec_open,419,1580,1060,76,1062,30,109.00070819999999,108.9787315,108.6443744,109.4893708,,,,
blst_original,1/16,64,cold,decryption_total,419,1580,1060,76,1062,30,758.1068740333334,755.7844035,753.2055026000002,761.9776142000001,,,,
blst_original,1/16,64,cold,encryption,419,1580,1060,76,1062,30,3.5956711,3.5519920000000003,3.1992758,4.1104664,,,,
blst_original,1/16,64,cold,encryption_per_item,419,1580,1060,76,1062,30,0.0561823609375,0.055499875000000004,0.049988684375,0.0642260375,,,,
blst_original,1/16,64,cold,end_to_end,419,1580,1060,76,1062,30,762.7394515666667,760.379769,757.4944982999999,766.4317822,,,,
blst_original,1/16,64,cold,opening,419,1580,1060,76,1062,30,53.5894893,53.5724035,53.449567,53.7292215,,,,
blst_original,1/16,64,cold,precompute,419,1580,1060,76,1062,30,55.4112189,55.40385499999999,55.1047181,55.7717517,,,,
blst_original,1/16,64,cold,predec_per_validator,419,1580,1060,76,1062,30,0.10392946535087719,0.10362300657894738,0.10329184342105262,0.10488565394736843,,,,
blst_original,1/16,64,cold,preparation,419,1580,1060,76,1062,30,609.8697346666667,607.5487134999998,604.8683875,613.6936692,,,,
blst_original,1/16,64,cold,share_generation,419,1580,1060,76,1062,30,7.898639366666667,7.875348500000001,7.850180099999998,7.971309700000001,,,,
blst_original,1/16,64,cold,validate_per_validator,419,1580,1060,76,1062,30,0.41233593289473686,0.4123309078947368,0.4103811934210526,0.41462180789473685,,,,
blst_original,1/16,64,cold,validation,419,1580,1060,76,1062,30,1.0368092333333334,1.0350675,1.0262819,1.0523711,,,,
blst_original,1/16,128,cached,acceptance,419,1580,1060,76,1062,30,59.3451715,57.78232,57.5565343,61.3930377,,,,
blst_original,1/16,128,cached,combiner,419,1580,1060,76,1062,30,178.95904683333336,178.72798699999998,175.36952780000001,185.424799,,,,
blst_original,1/16,128,cached,dec_open,419,1580,1060,76,1062,30,119.61375216666667,118.2116425,117.5664681,125.3825405,,,,
blst_original,1/16,128,cached,decryption_total,419,1580,1060,76,1062,30,192.18190906666666,192.06596499999998,188.4743454,198.5133281,,,,
blst_original,1/16,128,cached,encryption,419,1580,1060,76,1062,30,6.422535533333333,6.3836335,5.9161437,6.9265366,,,,
blst_original,1/16,128,cached,encryption_per_item,419,1580,1060,76,1062,30,0.050176058854166664,0.04987213671875,0.04621987265625,0.0541135671875,,,,
blst_original,1/16,128,cached,end_to_end,419,1580,1060,76,1062,30,200.61809110000002,200.89126399999998,196.64078609999999,206.42515929999996,,,,
blst_original,1/16,128,cached,opening,419,1580,1060,76,1062,30,100.4213468,99.17478849999999,99.08304779999999,105.41568860000001,,,,
blst_original,1/16,128,cached,precompute,419,1580,1060,76,1062,30,19.192405366666666,19.039202000000003,18.4208261,20.0515414,,,,
blst_original,1/16,128,cached,predec_per_validator,419,1580,1060,76,1062,30,0.17398388815789473,0.1725505657894737,0.17226225263157896,0.1756236013157895,,,,
blst_original,1/16,128,cached,preparation,419,1580,1060,76,1062,30,0.0,0.0,0.0,0.0,,,,
blst_original,1/16,128,cached,share_generation,419,1580,1060,76,1062,30,13.222775500000001,13.113843,13.091931200000001,13.347393700000001,,,,
blst_original,1/16,128,cached,validate_per_validator,419,1580,1060,76,1062,30,0.780857519736842,0.7602936842105263,0.7573228197368421,0.8078031276315789,,,,
blst_original,1/16,128,cached,validation,419,1580,1060,76,1062,30,2.0135587999999998,1.9842165,1.9570779,2.1065511000000003,,,,
blst_original,1/16,128,cold,acceptance,419,1580,1060,76,1062,30,59.374153666666665,57.9367265,57.68309700000001,61.677131200000005,,,,
blst_original,1/16,128,cold,combiner,419,1580,1060,76,1062,30,1295.0524865,1293.9107884999999,1288.623491,1300.9355945,,,,
blst_original,1/16,128,cold,dec_open,419,1580,1060,76,1062,30,118.10825483333333,117.68946450000001,117.60736840000001,117.9507247,,,,
blst_original,1/16,128,cold,decryption_total,419,1580,1060,76,1062,30,1308.2833531333333,1307.323723,1301.8591257,1314.1120752000002,,,,
blst_original,1/16,128,cold,encryption,419,1580,1060,76,1062,30,6.4171788,6.367927,5.898941999999999,6.8971732,,,,
blst_original,1/16,128,cold,encryption_per_item,419,1580,1060,76,1062,30,0.050134209375,0.0497494296875,0.04608548437499999,0.053884165625,,,,
blst_original,1/16,128,cold,end_to_end,419,1580,1060,76,1062,30,1316.7292278333334,1316.1729559999999,1310.2041312,1322.4384184,,,,
blst_original,1/16,128,cold,opening,419,1580,1060,76,1062,30,99.89566029999999,99.5921125,99.5481359,99.6662518,,,,
blst_original,1/16,128,cold,precompute,419,1580,1060,76,1062,30,18.212594533333334,18.0923855,18.0292573,18.359927499999998,,,,
blst_original,1/16,128,cold,predec_per_validator,419,1580,1060,76,1062,30,0.17408914342105264,0.17342703289473685,0.1730035539473684,0.17636631710526315,,,,
blst_original,1/16,128,cold,preparation,419,1580,1060,76,1062,30,1117.5697049666667,1115.5420695,1112.8416644,1124.4015008000001,,,,
blst_original,1/16,128,cold,share_generation,419,1580,1060,76,1062,30,13.2307749,13.1804545,13.1482701,13.4038401,,,,
blst_original,1/16,128,cold,validate_per_validator,419,1580,1060,76,1062,30,0.7812388640350877,0.7623253486842105,0.7589881184210527,0.8115412000000001,,,,
blst_original,1/16,128,cold,validation,419,1580,1060,76,1062,30,2.0285771,1.9980360000000004,1.9744979,2.1163071,,,,
blst_original,1/16,256,cached,acceptance,419,1580,1060,76,1062,30,113.98227823333333,112.94304500000001,112.7666243,118.7306823,,,,
blst_original,1/16,256,cached,combiner,419,1580,1060,76,1062,30,354.6068710333333,352.93354050000005,350.7851414,361.0810866,,,,
blst_original,1/16,256,cached,dec_open,419,1580,1060,76,1062,30,240.62446933333334,239.038119,237.669577,248.02516769999997,,,,
blst_original,1/16,256,cached,decryption_total,419,1580,1060,76,1062,30,376.9976286,375.324929,373.1570621,383.45417710000004,,,,
blst_original,1/16,256,cached,encryption,419,1580,1060,76,1062,30,12.570480666666667,12.4682305,11.970808499999999,13.289397500000002,,,,
blst_original,1/16,256,cached,encryption_per_item,419,1580,1060,76,1062,30,0.04910344010416667,0.048704025390625,0.046760970703124995,0.051911708984375006,,,,
blst_original,1/16,256,cached,end_to_end,419,1580,1060,76,1062,30,393.5062698666667,391.70757649999996,389.4923809,399.34657150000004,,,,
blst_original,1/16,256,cached,opening,419,1580,1060,76,1062,30,200.02447096666668,198.4666395,198.36012710000003,207.0879182,,,,
blst_original,1/16,256,cached,precompute,419,1580,1060,76,1062,30,40.59999836666667,40.4293445,39.2667459,42.2134784,,,,
blst_original,1/16,256,cached,predec_per_validator,419,1580,1060,76,1062,30,0.29461417324561406,0.29454750657894735,0.29428070657894734,0.2948425671052632,,,,
blst_original,1/16,256,cached,preparation,419,1580,1060,76,1062,30,0.0,0.0,0.0,0.0,,,,
blst_original,1/16,256,cached,share_generation,419,1580,1060,76,1062,30,22.390677166666666,22.3856105,22.3653337,22.4080351,,,,
blst_original,1/16,256,cached,validate_per_validator,419,1580,1060,76,1062,30,1.4997668188596491,1.486092697368421,1.4837713723684212,1.562245819736842,,,,
blst_original,1/16,256,cached,validation,419,1580,1060,76,1062,30,3.9380514,3.8750704999999996,3.8571367999999997,4.101873,,,,
blst_original,1/16,256,cold,acceptance,419,1580,1060,76,1062,30,114.1419192,113.08146550000001,112.6474094,118.8570239,,,,
blst_original,1/16,256,cold,combiner,419,1580,1060,76,1062,30,2582.0840170666665,2576.319687,2571.6278682,2599.0288686999997,,,,
blst_original,1/16,256,cold,dec_open,419,1580,1060,76,1062,30,239.2829181333333,238.55527349999997,238.3553986,240.7279529,,,,
blst_original,1/16,256,cold,decryption_total,419,1580,1060,76,1062,30,2604.5304752,2598.7034405,2594.0397745,2621.4475673,,,,
blst_original,1/16,256,cold,encryption,419,1580,1060,76,1062,30,12.472165799999999,12.274079,12.064743700000001,13.3200735,,,,
blst_original,1/16,256,cold,encryption_per_item,419,1580,1060,76,1062,30,0.048719397656249996,0.04794562109375,0.047127905078125004,0.052031537109375,,,,
blst_original,1/16,256,cold,end_to_end,419,1580,1060,76,1062,30,2620.9416667,2615.5032045,2610.1090617999994,2638.6070449,,,,
blst_original,1/16,256,cold,opening,419,1580,1060,76,1062,30,199.18829726666667,198.86449700000003,198.7200927,199.3573233,,,,
blst_original,1/16,256,cold,precompute,419,1580,1060,76,1062,30,40.094620866666666,39.719114000000005,39.4948209,41.7530798,,,,
blst_original,1/16,256,cold,predec_per_validator,419,1580,1060,76,1062,30,0.2953470837719298,0.2947518092105263,0.2944729736842105,0.2950465184210527,,,,
blst_original,1/16,256,cold,preparation,419,1580,1060,76,1062,30,2228.6587105666667,2223.202993,2219.0208024,2243.5424261,,,,
blst_original,1/16,256,cold,share_generation,419,1580,1060,76,1062,30,22.446378366666668,22.401137499999997,22.379945999999997,22.423535400000002,,,,
blst_original,1/16,256,cold,validate_per_validator,419,1580,1060,76,1062,30,1.501867357894737,1.487914019736842,1.482202755263158,1.5639082092105265,,,,
blst_original,1/16,256,cold,validation,419,1580,1060,76,1062,30,3.9388968,3.8973565,3.8814469000000003,4.1156294,,,,
blst_original,1/32,16,cached,acceptance,598,3063,2044,79,2046,30,11.252170366666666,11.249220000000001,11.210253,11.2981752,,,,
blst_original,1/32,16,cached,combiner,598,3063,2044,79,2046,30,38.384588,38.373518000000004,38.3141959,38.472688000000005,,,,
blst_original,1/32,16,cached,dec_open,598,3063,2044,79,2046,30,27.132342933333334,27.123468,27.093200500000002,27.1734001,,,,
blst_original,1/32,16,cached,decryption_total,598,3063,2044,79,2046,30,41.8991155,41.9341365,41.7265687,42.0338233,,,,
blst_original,1/32,16,cached,encryption,598,3063,2044,79,2046,30,1.1286409666666666,1.094034,1.0768374999999997,1.1331288000000002,,,,
blst_original,1/32,16,cached,encryption_per_item,598,3063,2044,79,2046,30,0.07054006041666666,0.068377125,0.06730234374999998,0.07082055000000001,,,,
blst_original,1/32,16,cached,end_to_end,598,3063,2044,79,2046,30,43.3691533,43.36729149999999,43.1504443,43.55345019999999,,,,
blst_original,1/32,16,cached,opening,598,3063,2044,79,2046,30,18.55696556666667,18.56064,18.535424199999998,18.577900900000003,,,,
blst_original,1/32,16,cached,precompute,598,3063,2044,79,2046,30,8.575377366666666,8.566664000000001,8.5365009,8.612468400000001,,,,
blst_original,1/32,16,cached,predec_per_validator,598,3063,2044,79,2046,30,0.04448681139240506,0.045123664556962026,0.042261794936708855,0.04526520759493671,,,,
blst_original,1/32,16,cached,preparation,598,3063,2044,79,2046,30,0.0,0.0,0.0,0.0,,,,
blst_original,1/32,16,cached,share_generation,598,3063,2044,79,2046,30,3.5144580999999997,3.5647694999999997,3.3386818,3.5759514,,,,
blst_original,1/32,16,cached,validate_per_validator,598,3063,2044,79,2046,30,0.14243253628691982,0.14239518987341773,0.14190193670886073,0.14301487594936707,,,,
blst_original,1/32,16,cached,validation,598,3063,2044,79,2046,30,0.34131876666666666,0.33862000000000003,0.33316589999999996,0.35062459999999995,,,,
blst_original,1/32,16,cold,acceptance,598,3063,2044,79,2046,30,11.3071975,11.288899999999998,11.2668108,11.3519958,,,,
blst_original,1/32,16,cold,combiner,598,3063,2044,79,2046,30,322.0656817333333,319.08260149999995,316.94543550000003,331.776182,,,,
blst_original,1/32,16,cold,dec_open,598,3063,2044,79,2046,30,27.207249733333335,27.209255499999998,27.1459019,27.264274000000004,,,,
blst_original,1/32,16,cold,decryption_total,598,3063,2044,79,2046,30,325.4115058,322.5714835,320.07773779999997,335.35835779999996,,,,
blst_original,1/32,16,cold,encryption,598,3063,2044,79,2046,30,1.1045641666666666,1.097974,1.0835949999999999,1.1196277,,,,
blst_original,1/32,16,cold,encryption_per_item,598,3063,2044,79,2046,30,0.06903526041666666,0.068623375,0.06772468749999999,0.06997673125,,,,
blst_original,1/32,16,cold,end_to_end,598,3063,2044,79,2046,30,326.8622554666666,324.01824700000003,321.5242325,336.811042,,,,
blst_original,1/32,16,cold,opening,598,3063,2044,79,2046,30,18.607721933333334,18.599502,18.5590457,18.6612664,,,,
blst_original,1/32,16,cold,precompute,598,3063,2044,79,2046,30,8.5995278,8.598487500000001,8.570746600000001,8.632087199999999,,,,
blst_original,1/32,16,cold,predec_per_validator,598,3063,2044,79,2046,30,0.04235074219409283,0.03984761392405063,0.039632832911392406,0.04546527215189873,,,,
blst_original,1/32,16,cold,preparation,598,3063,2044,79,2046,30,283.55100576666666,280.63076,278.38658630000003,293.2802697,,,,
blst_original,1/32,16,cold,share_generation,598,3063,2044,79,2046,30,3.345708633333333,3.1479615,3.1309938,3.5917565,,,,
blst_original,1/32,16,cold,validate_per_validator,598,3063,2044,79,2046,30,0.143129082278481,0.14289746835443037,0.14261785822784812,0.14369614936708858,,,,
blst_original,1/32,16,cold,validation,598,3063,2044,79,2046,30,0.3460879,0.34704650000000004,0.3374869,0.35534639999999995,,,,
blst_original,1/64,16,cached,acceptance,688,6489,4327,79,4333,30,11.254189133333334,11.256335500000002,11.205056299999999,11.3001661,,,,
blst_original,1/64,16,cached,combiner,688,6489,4327,79,4333,30,38.3947355,38.387658,38.31522270000001,38.4753277,,,,
blst_original,1/64,16,cached,dec_open,688,6489,4327,79,4333,30,27.140456000000004,27.136430500000003,27.099347899999998,27.167337400000005,,,,
blst_original,1/64,16,cached,decryption_total,688,6489,4327,79,4333,30,41.78103543333334,41.919108,41.436950800000005,42.04070680000001,,,,
blst_original,1/64,16,cached,encryption,688,6489,4327,79,4333,30,1.1091531666666665,1.090574,1.08036,1.1054712999999998,,,,
blst_original,1/64,16,cached,encryption_per_item,688,6489,4327,79,4333,30,0.06932207291666666,0.068160875,0.0675225,0.06909195624999999,,,,
blst_original,1/64,16,cached,end_to_end,688,6489,4327,79,4333,30,43.2358196,43.353263999999996,42.8617057,43.5169533,,,,
blst_original,1/64,16,cached,opening,688,6489,4327,79,4333,30,18.559926766666667,18.565796,18.5334749,18.575292,,,,
blst_original,1/64,16,cached,precompute,688,6489,4327,79,4333,30,8.580529233333333,8.572191499999999,8.5532045,8.600552699999998,,,,
blst_original,1/64,16,cached,predec_per_validator,688,6489,4327,79,4333,30,0.042863225738396626,0.0450388670886076,0.039434818987341774,0.045212531645569626,,,,
blst_original,1/64,16,cached,preparation,688,6489,4327,79,4333,30,0.0,0.0,0.0,0.0,,,,
blst_original,1/64,16,cached,share_generation,688,6489,4327,79,4333,30,3.3861948333333336,3.5580705000000004,3.1153507,3.5717900000000005,,,,
blst_original,1/64,16,cached,validate_per_validator,688,6489,4327,79,4333,30,0.14245809029535866,0.1424852594936709,0.14183615569620253,0.14304007721518988,,,,
blst_original,1/64,16,cached,validation,688,6489,4327,79,4333,30,0.34554690000000005,0.344789,0.3390558,0.3522346,,,,
blst_original,1/64,16,cold,acceptance,688,6489,4327,79,4333,30,11.253788466666666,11.244329,11.2187728,11.3128682,,,,
blst_original,1/64,16,cold,combiner,688,6489,4327,79,4333,30,552.6877368,549.0470269999998,546.3785399,568.5745992,,,,
blst_original,1/64,16,cold,dec_open,688,6489,4327,79,4333,30,27.136383433333332,27.119643000000003,27.0879622,27.194277100000004,,,,
blst_original,1/64,16,cold,decryption_total,688,6489,4327,79,4333,30,556.0630440333333,552.1787474999999,549.501357,571.7483489000001,,,,
blst_original,1/64,16,cold,encryption,688,6489,4327,79,4333,30,1.1135087,1.096141,1.0794732,1.1188877,,,,
blst_original,1/64,16,cold,encryption_per_item,688,6489,4327,79,4333,30,0.06959429375,0.0685088125,0.067467075,0.06993048125,,,,
blst_original,1/64,16,cold,end_to_end,688,6489,4327,79,4333,30,557.5209311,553.6410925000001,550.9248172,573.1951269,,,,
blst_original,1/64,16,cold,opening,688,6489,4327,79,4333,30,18.548171766666666,18.543711,18.5194426,18.5815075,,,,
blst_original,1/64,16,cold,precompute,688,6489,4327,79,4333,30,8.588211666666666,8.573012499999999,8.558426599999999,8.601253100000003,,,,
blst_original,1/64,16,cold,predec_per_validator,688,6489,4327,79,4333,30,0.04272400210970464,0.04502751898734177,0.03946214050632912,0.0452327746835443,,,,
blst_original,1/64,16,cold,preparation,688,6489,4327,79,4333,30,514.2973346333333,510.67245650000007,507.95650809999995,530.1696526000001,,,,
blst_original,1/64,16,cold,share_generation,688,6489,4327,79,4333,30,3.375196166666667,3.557174,3.1175091,3.5733892000000003,,,,
blst_original,1/64,16,cold,validate_per_validator,688,6489,4327,79,4333,30,0.14245301856540085,0.14233327848101268,0.142009782278481,0.14320086329113926,,,,
blst_original,1/64,16,cold,validation,688,6489,4327,79,4333,30,0.3442668,0.3447085,0.33061979999999996,0.35435310000000003,,,,
blst_original,1/8,16,cached,acceptance,234,764,512,59,515,30,9.7031656,9.702179000000001,9.6462947,9.7526453,,,,
blst_original,1/8,16,cached,combiner,234,764,512,59,515,30,32.30654346666667,32.2943635,32.217205400000005,32.36413420000001,,,,
blst_original,1/8,16,cached,dec_open,234,764,512,59,515,30,22.603282666666665,22.587989999999998,22.5235042,22.6247622,,,,
blst_original,1/8,16,cached,decryption_total,234,764,512,59,515,30,34.7667855,34.877514000000005,34.5187214,35.043184,,,,
blst_original,1/8,16,cached,encryption,234,764,512,59,515,30,1.0997882333333335,1.0918605000000001,1.0800479,1.1099563,,,,
blst_original,1/8,16,cached,encryption_per_item,234,764,512,59,515,30,0.06873676458333335,0.06824128125000001,0.06750299375,0.06937226875,,,,
blst_original,1/8,16,cached,end_to_end,234,764,512,59,515,30,36.20614703333333,36.30789,35.9443016,36.489153900000005,,,,
blst_original,1/8,16,cached,opening,234,764,512,59,515,30,14.043853533333333,14.031485,13.9981693,14.064726799999999,,,,
blst_original,1/8,16,cached,precompute,234,764,512,59,515,30,8.559429133333333,8.5553135,8.5388997,8.5778017,,,,
blst_original,1/8,16,cached,predec_per_validator,234,764,512,59,515,30,0.0416976186440678,0.04165394067796611,0.037813823728813555,0.04567471694915254,,,,
blst_original,1/8,16,cached,preparation,234,764,512,59,515,30,0.0,0.0,0.0,0.0,,,,
blst_original,1/8,16,cached,share_generation,234,764,512,59,515,30,2.4601595,2.4575825,2.2310155999999997,2.6948082999999996,,,,
blst_original,1/8,16,cached,validate_per_validator,234,764,512,59,515,30,0.16446043389830506,0.16444371186440676,0.16349652033898307,0.16529907288135592,,,,
blst_original,1/8,16,cached,validation,234,764,512,59,515,30,0.3394878,0.3384355,0.33330360000000003,0.34682729999999995,,,,
blst_original,1/8,16,cold,acceptance,234,764,512,59,515,30,9.733376966666667,9.730698499999999,9.6729673,9.7683552,,,,
blst_original,1/8,16,cold,combiner,234,764,512,59,515,30,128.65139693333333,128.6241505,126.21807420000002,131.3441221,,,,
blst_original,1/8,16,cold,dec_open,234,764,512,59,515,30,22.782847833333335,22.784588499999998,22.7311299,22.8265372,,,,
blst_original,1/8,16,cold,decryption_total,234,764,512,59,515,30,131.14158023333331,131.083721,128.4843608,134.02197740000003,,,,
blst_original,1/8,16,cold,encryption,234,764,512,59,515,30,1.1048328333333333,1.0890415,1.0730029,1.1046261,,,,
blst_original,1/8,16,cold,encryption_per_item,234,764,512,59,515,30,0.06905205208333333,0.06806509375,0.06706268125,0.06903913125,,,,
blst_original,1/8,16,cold,end_to_end,234,764,512,59,515,30,132.58772723333334,132.5304445,129.90175059999999,135.4903402,,,,
blst_original,1/8,16,cold,opening,234,764,512,59,515,30,14.155510366666666,14.1614535,14.1244777,14.1903467,,,,
blst_original,1/8,16,cold,precompute,234,764,512,59,515,30,8.627337466666667,8.628874,8.5958008,8.657450299999999,,,,
blst_original,1/8,16,cold,predec_per_validator,234,764,512,59,515,30,0.042204782485875704,0.04533909322033898,0.03783140169491526,0.045611971186440683,,,,
blst_original,1/8,16,cold,preparation,234,764,512,59,515,30,96.1350192,96.02465099999999,93.62712839999999,98.9049946,,,,
blst_original,1/8,16,cold,share_generation,234,764,512,59,515,30,2.490082166666667,2.6750065000000003,2.2320527,2.6911063000000004,,,,
blst_original,1/8,16,cold,validate_per_validator,234,764,512,59,515,30,0.16497249096045197,0.16492709322033897,0.16394859830508474,0.16556534237288137,,,,
blst_original,1/8,16,cold,validation,234,764,512,59,515,30,0.34122759999999996,0.339407,0.332687,0.35214229999999996,,,,
blst_swapped,1/16,16,cached,acceptance,419,1580,1060,76,1062,30,8.625758266666667,8.588284,8.555824900000001,8.613761,,,,
blst_swapped,1/16,16,cached,combiner,419,1580,1060,76,1062,30,38.110686066666666,38.0444235,37.952506,38.225534700000004,,,,
blst_swapped,1/16,16,cached,dec_open,419,1580,1060,76,1062,30,29.484853366666666,29.477293,29.3711523,29.6092175,,,,
blst_swapped,1/16,16,cached,decryption_total,419,1580,1060,76,1062,30,45.323453433333334,45.104932500000004,44.9988423,45.309536300000005,,,,
blst_swapped,1/16,16,cached,encryption,419,1580,1060,76,1062,30,1.3172037333333333,1.3152629999999998,1.3026498,1.3349352,,,,
blst_swapped,1/16,16,cached,encryption_per_item,419,1580,1060,76,1062,30,0.08232523333333333,0.08220393749999999,0.0814156125,0.08343345,,,,
blst_swapped,1/16,16,cached,end_to_end,419,1580,1060,76,1062,30,47.2225862,47.006771,46.90854949999999,47.2246431,,,,
blst_swapped,1/16,16,cached,opening,419,1580,1060,76,1062,30,17.894305233333334,17.89546,17.840726800000002,17.936200799999998,,,,
blst_swapped,1/16,16,cached,precompute,419,1580,1060,76,1062,30,11.590548133333334,11.575313999999999,11.523877899999999,11.6565177,,,,
blst_swapped,1/16,16,cached,predec_per_validator,419,1580,1060,76,1062,30,0.09490391140350878,0.0927483947368421,0.09258688684210527,0.09294579605263158,,,,
blst_swapped,1/16,16,cached,preparation,419,1580,1060,76,1062,30,0.0,0.0,0.0,0.0,,,,
blst_swapped,1/16,16,cached,share_generation,419,1580,1060,76,1062,30,7.212697266666667,7.048878,7.0366034,7.0638805,,,,
blst_swapped,1/16,16,cached,validate_per_validator,419,1580,1060,76,1062,30,0.11349681929824561,0.11300373684210527,0.11257664342105264,0.11333896052631579,,,,
blst_swapped,1/16,16,cached,validation,419,1580,1060,76,1062,30,0.5818359333333334,0.581674,0.5727858,0.590297,,,,
blst_swapped,1/16,16,cold,acceptance,419,1580,1060,76,1062,30,8.594203233333333,8.591312,8.565618700000002,8.632486799999999,,,,
blst_swapped,1/16,16,cold,combiner,419,1580,1060,76,1062,30,105.66976443333333,104.8743835,103.654983,107.77984489999999,,,,
blst_swapped,1/16,16,cold,dec_open,419,1580,1060,76,1062,30,29.725084166666665,29.718124500000002,29.6703567,29.7776151,,,,
blst_swapped,1/16,16,cold,decryption_total,419,1580,1060,76,1062,30,112.75036456666666,111.967983,110.73308329999999,114.8997597,,,,
blst_swapped,1/16,16,cold,encryption,419,1580,1060,76,1062,30,1.3210803,1.3168595,1.3038069,1.3494462,,,,
blst_swapped,1/16,16,cold,encryption_per_item,419,1580,1060,76,1062,30,0.08256751875,0.08230371875,0.08148793125,0.0843403875,,,,
blst_swapped,1/16,16,cold,end_to_end,419,1580,1060,76,1062,30,114.6525198,113.890906,112.6150027,116.85446150000001,,,,
blst_swapped,1/16,16,cold,opening,419,1580,1060,76,1062,30,18.06040833333333,18.061318,18.0082934,18.1012315,,,,
blst_swapped,1/16,16,cold,precompute,419,1580,1060,76,1062,30,11.664675833333332,11.659755,11.6194869,11.6926012,,,,
blst_swapped,1/16,16,cold,predec_per_validator,419,1580,1060,76,1062,30,0.09316482499999999,0.09311534868421052,0.09286807894736843,0.09361004210526316,,,,
blst_swapped,1/16,16,cold,preparation,419,1580,1060,76,1062,30,67.3503341,66.5462005,65.3188985,69.3988469,,,,
blst_swapped,1/16,16,cold,share_generation,419,1580,1060,76,1062,30,7.080526699999999,7.0767665,7.057974,7.1143632,,,,
blst_swapped,1/16,16,cold,validate_per_validator,419,1580,1060,76,1062,30,0.11308162149122807,0.11304357894736843,0.11270550921052633,0.11358535263157894,,,,
blst_swapped,1/16,16,cold,validation,419,1580,1060,76,1062,30,0.5809637333333334,0.580197,0.567153,0.5899186000000001,,,,
blst_swapped,1/16,32,cached,acceptance,419,1580,1060,76,1062,30,11.785851599999999,11.7098085,11.680001800000001,11.7728203,,,,
blst_swapped,1/16,32,cached,combiner,419,1580,1060,76,1062,30,68.96169453333333,68.8509565,68.48922950000001,69.39396880000001,,,,
blst_swapped,1/16,32,cached,dec_open,419,1580,1060,76,1062,30,57.17576576666667,57.1420755,56.7723886,57.5971953,,,,
blst_swapped,1/16,32,cached,decryption_total,419,1580,1060,76,1062,30,83.21545383333334,83.060295,82.63222549999999,83.79231469999999,,,,
blst_swapped,1/16,32,cached,encryption,419,1580,1060,76,1062,30,1.9821014333333333,1.9588169999999998,1.9411279000000001,1.9829883000000001,,,,
blst_swapped,1/16,32,cached,encryption_per_item,419,1580,1060,76,1062,30,0.06194066979166667,0.061213031249999994,0.060660246875000004,0.061968384375000005,,,,
blst_swapped,1/16,32,cached,end_to_end,419,1580,1060,76,1062,30,86.08933619999999,85.933574,85.46727569999999,86.6775741,,,,
blst_swapped,1/16,32,cached,opening,419,1580,1060,76,1062,30,26.833645533333332,26.803688,26.753906200000003,26.9188131,,,,
blst_swapped,1/16,32,cached,precompute,419,1580,1060,76,1062,30,30.342120233333333,30.319555,30.011835700000002,30.6949603,,,,
blst_swapped,1/16,32,cached,predec_per_validator,419,1580,1060,76,1062,30,0.18754815657894736,0.1865336052631579,0.1857445881578947,0.1878629197368421,,,,
blst_swapped,1/16,32,cached,preparation,419,1580,1060,76,1062,30,0.0,0.0,0.0,0.0,,,,
blst_swapped,1/16,32,cached,share_generation,419,1580,1060,76,1062,30,14.2536599,14.176554,14.1165887,14.2775819,,,,
blst_swapped,1/16,32,cached,validate_per_validator,419,1580,1060,76,1062,30,0.15507699473684208,0.15407642763157892,0.15368423421052632,0.1549055302631579,,,,
blst_swapped,1/16,32,cached,validation,419,1580,1060,76,1062,30,0.8916968333333333,0.89127,0.8794261,0.9069079999999999,,,,
blst_swapped,1/16,32,cold,acceptance,419,1580,1060,76,1062,30,11.826992766666667,11.7938795,11.751017000000001,11.867920499999999,,,,
blst_swapped,1/16,32,cold,combiner,419,1580,1060,76,1062,30,188.28265886666668,187.3004945,186.5561882,193.1291669,,,,
blst_swapped,1/16,32,cold,dec_open,419,1580,1060,76,1062,30,57.6873905,57.662599,57.4404987,57.947843299999995,,,,
blst_swapped,1/16,32,cold,decryption_total,419,1580,1060,76,1062,30,202.6322885,201.6472025,200.8822558,207.4387694,,,,
blst_swapped,1/16,32,cold,encryption,419,1580,1060,76,1062,30,2.0355459000000002,1.9949564999999998,1.9759384999999998,2.0093584000000004,,,,
blst_swapped,1/16,32,cold,encryption_per_item,419,1580,1060,76,1062,30,0.06361080937500001,0.062342390624999994,0.061748078124999994,0.06279245000000001,,,,
blst_swapped,1/16,32,cold,end_to_end,419,1580,1060,76,1062,30,205.5760556,204.539813,203.7608692,210.3565266,,,,
blst_swapped,1/16,32,cold,opening,419,1580,1060,76,1062,30,27.078437,27.074380499999997,27.025884799999996,27.139248000000002,,,,
blst_swapped,1/16,32,cold,precompute,419,1580,1060,76,1062,30,30.6089535,30.590156999999998,30.3850931,30.8974678,,,,
blst_swapped,1/16,32,cold,predec_per_validator,419,1580,1060,76,1062,30,0.18880970745614034,0.1885766710526316,0.18793212894736844,0.18994416447368423,,,,
blst_swapped,1/16,32,cold,preparation,419,1580,1060,76,1062,30,118.76807533333334,117.7407065,117.2119245,123.84078290000001,,,,
blst_swapped,1/16,32,cold,share_generation,419,1580,1060,76,1062,30,14.349537766666666,14.331827,14.2828418,14.435756500000002,,,,
blst_swapped,1/16,32,cold,validate_per_validator,419,1580,1060,76,1062,30,0.15561832587719296,0.155182625,0.15461864473684211,0.1561568486842105,,,,
blst_swapped,1/16,32,cold,validation,419,1580,1060,76,1062,30,0.9081187333333334,0.9078325,0.8977389,0.9209172,,,,
blst_swapped,1/16,64,cached,acceptance,419,1580,1060,76,1062,30,19.206418666666664,19.169411,19.114425899999997,19.236409400000003,,,,
blst_swapped,1/16,64,cached,combiner,419,1580,1060,76,1062,30,146.9402797333333,146.836296,146.65671580000003,147.3170985,,,,
blst_swapped,1/16,64,cached,dec_open,419,1580,1060,76,1062,30,127.73378903333334,127.67647600000001,127.5070797,128.0702359,,,,
blst_swapped,1/16,64,cached,decryption_total,419,1580,1060,76,1062,30,170.05705793333334,169.865589,169.58304520000002,170.67526490000003,,,,
blst_swapped,1/16,64,cached,encryption,419,1580,1060,76,1062,30,4.397389633333334,4.479586,3.9502309,4.6045354000000005,,,,
blst_swapped,1/16,64,cached,encryption_per_item,419,1580,1060,76,1062,30,0.06870921302083334,0.06999353125,0.0617223578125,0.07194586562500001,,,,
blst_swapped,1/16,64,cached,end_to_end,419,1580,1060,76,1062,30,176.2064808,176.11755150000002,175.4798308,176.96031330000002,,,,
blst_swapped,1/16,64,cached,opening,419,1580,1060,76,1062,30,53.2495373,53.2307635,53.1801928,53.340497000000006,,,,
blst_swapped,1/16,64,cached,precompute,419,1580,1060,76,1062,30,74.48425173333334,74.42575299999999,74.24733680000001,74.8689416,,,,
blst_swapped,1/16,64,cached,predec_per_validator,419,1580,1060,76,1062,30,0.3041675236842105,0.30310782894736843,0.30119573684210527,0.3051179644736843,,,,
blst_swapped,1/16,64,cached,preparation,419,1580,1060,76,1062,30,0.0,0.0,0.0,0.0,,,,
blst_swapped,1/16,64,cached,share_generation,419,1580,1060,76,1062,30,23.1167318,23.036195,22.890876,23.188965300000003,,,,
blst_swapped,1/16,64,cached,validate_per_validator,419,1580,1060,76,1062,30,0.2527160350877193,0.2522290921052632,0.2515056039473684,0.25311065000000005,,,,
blst_swapped,1/16,64,cached,validation,419,1580,1060,76,1062,30,1.7519361666666666,1.752138,1.7381019000000002,1.7673870999999999,,,,
blst_swapped,1/16,64,cold,acceptance,419,1580,1060,76,1062,30,19.1877599,19.089906,18.9706318,19.282650099999998,,,,
blst_swapped,1/16,64,cold,combiner,419,1580,1060,76,1062,30,381.5380733,380.92743500000006,378.59357500000004,386.85870109999996,,,,
blst_swapped,1/16,64,cold,dec_open,419,1580,1060,76,1062,30,128.38865376666666,128.4122725,127.9539272,128.7589305,,,,
blst_swapped,1/16,64,cold,decryption_total,419,1580,1060,76,1062,30,404.65420263333334,403.9983285,401.689325,409.9042635,,,,
blst_swapped,1/16,64,cold,encryption,419,1580,1060,76,1062,30,4.3068515,4.335192999999999,3.9031928,4.5302265,,,,
blst_swapped,1/16,64,cold,encryption_per_item,419,1580,1060,76,1062,30,0.0672945546875,0.06773739062499999,0.0609873875,0.0707847890625,,,,
blst_swapped,1/16,64,cold,end_to_end,419,1580,1060,76,1062,30,410.7333559666667,410.1161364999999,407.6700084,415.9830361,,,,
blst_swapped,1/16,64,cold,opening,419,1580,1060,76,1062,30,53.5692907,53.571842499999995,53.501066900000005,53.6337703,,,,
blst_swapped,1/16,64,cold,precompute,419,1580,1060,76,1062,30,74.81936306666667,74.87457,74.4415506,75.15242300000001,,,,
blst_swapped,1/16,64,cold,predec_per_validator,419,1580,1060,76,1062,30,0.30415885877192983,0.30392428289473683,0.30287574605263157,0.3057404828947369,,,,
blst_swapped,1/16,64,cold,preparation,419,1580,1060,76,1062,30,233.96148933333333,232.752322,231.1149908,239.651811,,,,
blst_swapped,1/16,64,cold,share_generation,419,1580,1060,76,1062,30,23.116073266666668,23.098245499999997,23.0185567,23.2362767,,,,
blst_swapped,1/16,64,cold,validate_per_validator,419,1580,1060,76,1062,30,0.252470525,0.2511829736842105,0.24961357631578945,0.25371908026315787,,,,
blst_swapped,1/16,64,cold,validation,419,1580,1060,76,1062,30,1.772185,1.7700779999999998,1.7577179,1.7895202000000001,,,,
blst_swapped,1/16,128,cached,acceptance,419,1580,1060,76,1062,30,33.27746653333333,33.045331000000004,32.96791090000001,34.265995600000004,,,,
blst_swapped,1/16,128,cached,combiner,419,1580,1060,76,1062,30,158.15825456666667,156.35495350000002,155.9739985,164.7068805,,,,
blst_swapped,1/16,128,cached,dec_open,419,1580,1060,76,1062,30,124.8806555,123.35528000000001,122.94336510000001,131.6705476,,,,
blst_swapped,1/16,128,cached,decryption_total,419,1580,1060,76,1062,30,196.92183076666666,195.20707499999997,194.69710540000003,203.35068650000002,,,,
blst_swapped,1/16,128,cached,encryption,419,1580,1060,76,1062,30,7.810383866666667,7.7739994999999995,7.1688664,8.410478600000001,,,,
blst_swapped,1/16,128,cached,encryption_per_item,419,1580,1060,76,1062,30,0.06101862395833334,0.060734371093749996,0.05600676875,0.06570686406250001,,,,
blst_swapped,1/16,128,cached,end_to_end,419,1580,1060,76,1062,30,208.12655253333332,206.92544550000002,205.61038219999998,213.8289474,,,,
blst_swapped,1/16,128,cached,opening,419,1580,1060,76,1062,30,100.53564666666666,99.250578,99.1794967,107.5011888,,,,
blst_swapped,1/16,128,cached,precompute,419,1580,1060,76,1062,30,24.345008833333335,24.032664500000003,23.737659999999998,25.415874799999997,,,,
blst_swapped,1/16,128,cached,predec_per_validator,419,1580,1060,76,1062,30,0.5100457486842106,0.5089846578947368,0.5082238881578948,0.5128620526315789,,,,
blst_swapped,1/16,128,cached,preparation,419,1580,1060,76,1062,30,0.0,0.0,0.0,0.0,,,,
blst_swapped,1/16,128,cached,share_generation,419,1580,1060,76,1062,30,38.7634769,38.682834,38.6250155,38.977516,,,,
blst_swapped,1/16,128,cached,validate_per_validator,419,1580,1060,76,1062,30,0.437861401754386,0.4348069868421053,0.4337883013157895,0.45086836315789475,,,,
blst_swapped,1/16,128,cached,validation,419,1580,1060,76,1062,30,3.3942286666666663,3.3222065,3.2996284,3.5392091,,,,
blst_swapped,1/16,128,cold,acceptance,419,1580,1060,76,1062,30,33.26086923333333,32.9913575,32.9247122,34.2299407,,,,
blst_swapped,1/16,128,cold,combiner,419,1580,1060,76,1062,30,577.7952658,575.5775020000001,573.4721792,586.1591755,,,,
blst_swapped,1/16,128,cold,dec_open,419,1580,1060,76,1062,30,124.3538082,123.294027,123.21400999999999,125.53690330000002,,,,
blst_swapped,1/16,128,cold,decryption_total,419,1580,1060,76,1062,30,616.6040964666666,614.421967,612.3129091,624.907161,,,,
blst_swapped,1/16,128,cold,encryption,419,1580,1060,76,1062,30,7.820196866666667,7.7868815,7.1982297,8.3699518,,,,
blst_swapped,1/16,128,cold,encryption_per_item,419,1580,1060,76,1062,30,0.06109528802083333,0.06083501171875,0.05623616953125,0.0653902484375,,,,
blst_swapped,1/16,128,cold,end_to_end,419,1580,1060,76,1062,30,627.7890743666667,625.6282655,623.0881197000001,636.1876843,,,,
blst_swapped,1/16,128,cold,opening,419,1580,1060,76,1062,30,100.59844936666667,99.73212699999999,99.68320320000001,100.7845049,,,,
blst_swapped,1/16,128,cold,precompute,419,1580,1060,76,1062,30,23.755358833333332,23.5597245,23.493633499999998,24.741013600000002,,,,
blst_swapped,1/16,128,cold,predec_per_validator,419,1580,1060,76,1062,30,0.5106415701754387,0.5096304868421053,0.5089139,0.514122869736842,,,,
blst_swapped,1/16,128,cold,preparation,419,1580,1060,76,1062,30,420.1802836333334,418.5474455,417.255994,428.6568259,,,,
blst_swapped,1/16,128,cold,share_generation,419,1580,1060,76,1062,30,38.808759333333334,38.731917,38.6774564,39.073338099999994,,,,
blst_swapped,1/16,128,cold,validate_per_validator,419,1580,1060,76,1062,30,0.43764301622807017,0.4340968092105263,0.43321989736842104,0.4503939565789474,,,,
blst_swapped,1/16,128,cold,validation,419,1580,1060,76,1062,30,3.3646736,3.3336615,3.3110877000000003,3.5239614999999995,,,,
blst_swapped,1/16,256,cached,acceptance,419,1580,1060,76,1062,30,62.11571196666667,61.609618499999996,61.3896212,64.0829657,,,,
blst_swapped,1/16,256,cached,combiner,419,1580,1060,76,1062,30,313.32736603333336,312.31840250000005,311.2804701,315.17520529999996,,,,
blst_swapped,1/16,256,cached,dec_open,419,1580,1060,76,1062,30,251.2115435,250.1045085,249.64822700000002,252.46636360000002,,,,
blst_swapped,1/16,256,cached,decryption_total,419,1580,1060,76,1062,30,379.7880641333333,378.911263,377.70608769999996,381.68321239999995,,,,
blst_swapped,1/16,256,cached,encryption,419,1580,1060,76,1062,30,14.8102657,14.775792000000001,14.5529037,14.9967802,,,,
blst_swapped,1/16,256,cached,encryption_per_item,419,1580,1060,76,1062,30,0.057852600390625,0.057717937500000004,0.056847280078125,0.05858117265625,,,,
blst_swapped,1/16,256,cached,end_to_end,419,1580,1060,76,1062,30,401.1175656,400.1731015,399.04378390000005,402.9646012,,,,
blst_swapped,1/16,256,cached,opening,419,1580,1060,76,1062,30,199.45402846666667,198.6440275,198.5188618,199.2719366,,,,
blst_swapped,1/16,256,cached,precompute,419,1580,1060,76,1062,30,51.757515033333334,51.431516,50.9706084,52.7882934,,,,
blst_swapped,1/16,256,cached,predec_per_validator,419,1580,1060,76,1062,30,0.8744817592105264,0.8735441184210526,0.872180919736842,0.8785513815789475,,,,
blst_swapped,1/16,256,cached,preparation,419,1580,1060,76,1062,30,0.0,0.0,0.0,0.0,,,,
blst_swapped,1/16,256,cached,share_generation,419,1580,1060,76,1062,30,66.4606137,66.389353,66.28574989999998,66.76990500000001,,,,
blst_swapped,1/16,256,cached,validate_per_validator,419,1580,1060,76,1062,30,0.8173119995614034,0.8106528749999999,0.8077581736842105,0.8431969171052631,,,,
blst_swapped,1/16,256,cached,validation,419,1580,1060,76,1062,30,6.519138033333333,6.5101375,6.49727,6.5363915,,,,
blst_swapped,1/16,256,cold,acceptance,419,1580,1060,76,1062,30,62.39605466666667,61.670147,61.4554166,64.13365,,,,
blst_swapped,1/16,256,cold,combiner,419,1580,1060,76,1062,30,1150.6378558333333,1145.897426,1143.3423335000002,1159.7679399999997,,,,
blst_swapped,1/16,256,cold,dec_open,419,1580,1060,76,1062,30,251.95935396666667,251.0008515,250.69934529999998,252.9968391,,,,
blst_swapped,1/16,256,cold,decryption_total,419,1580,1060,76,1062,30,1217.0965694333333,1212.3854430000001,1209.8686515,1226.166842,,,,
blst_swapped,1/16,256,cold,encryption,419,1580,1060,76,1062,30,15.098341133333333,14.740689,14.510888999999999,16.1377199,,,,
blst_swapped,1/16,256,cold,encryption_per_item,419,1580,1060,76,1062,30,0.05897789505208333,0.05758081640625,0.056683160156249995,0.063037968359375,,,,
blst_swapped,1/16,256,cold,end_to_end,419,1580,1060,76,1062,30,1238.8372468999999,1234.398483,1231.3644342999999,1247.2737625,,,,
blst_swapped,1/16,256,cold,opening,419,1580,1060,76,1062,30,199.95068023333334,199.25672450000002,199.16308110000003,200.13924609999998,,,,
blst_swapped,1/16,256,cold,precompute,419,1580,1060,76,1062,30,52.00867373333333,51.7119455,51.505815299999995,53.060670800000004,,,,
blst_swapped,1/16,256,cold,predec_per_validator,419,1580,1060,76,1062,30,0.874455625,0.8742833552631578,0.8721987500000002,0.877194822368421,,,,
blst_swapped,1/16,256,cold,preparation,419,1580,1060,76,1062,30,836.2821505666667,832.216997,829.0790841,846.7165527,,,,
blst_swapped,1/16,256,cold,share_generation,419,1580,1060,76,1062,30,66.45862749999999,66.44553499999999,66.28710500000001,66.66680649999999,,,,
blst_swapped,1/16,256,cold,validate_per_validator,419,1580,1060,76,1062,30,0.8210007192982456,0.8114493026315789,0.8086239026315789,0.8438638157894736,,,,
blst_swapped,1/16,256,cold,validation,419,1580,1060,76,1062,30,6.642214166666666,6.5267055,6.503476900000001,6.9510480999999995,,,,
blst_swapped,1/32,16,cached,acceptance,598,3063,2044,79,2046,30,8.8076185,8.766358,8.7370669,8.8269025,,,,
blst_swapped,1/32,16,cached,combiner,598,3063,2044,79,2046,30,38.96150216666667,38.932629500000004,38.765555,39.043637100000005,,,,
blst_swapped,1/32,16,cached,dec_open,598,3063,2044,79,2046,30,30.153793766666663,30.157062,30.038542800000002,30.2657421,,,,
blst_swapped,1/32,16,cached,decryption_total,598,3063,2044,79,2046,30,46.57323216666666,46.784130000000005,45.8988503,47.09657699999999,,,,
blst_swapped,1/32,16,cached,encryption,598,3063,2044,79,2046,30,1.3468420666666667,1.31707,1.3044148999999998,1.3339532,,,,
blst_swapped,1/32,16,cached,encryption_per_item,598,3063,2044,79,2046,30,0.08417762916666667,0.082316875,0.08152593124999999,0.083372075,,,,
blst_swapped,1/32,16,cached,end_to_end,598,3063,2044,79,2046,30,48.5021762,48.6726955,47.8106143,49.085396,,,,
blst_swapped,1/32,16,cached,opening,598,3063,2044,79,2046,30,18.547115966666663,18.538974,18.501019600000003,18.594821500000002,,,,
blst_swapped,1/32,16,cached,precompute,598,3063,2044,79,2046,30,11.6066778,11.593833499999999,11.5279666,11.6945225,,,,
blst_swapped,1/32,16,cached,predec_per_validator,598,3063,2044,79,2046,30,0.09635023966244725,0.10158937341772152,0.08921436075949368,0.10206101518987341,,,,
blst_swapped,1/32,16,cached,preparation,598,3063,2044,79,2046,30,0.0,0.0,0.0,0.0,,,,
blst_swapped,1/32,16,cached,share_generation,598,3063,2044,79,2046,30,7.611668933333333,8.025560500000001,7.047934500000001,8.062820199999999,,,,
blst_swapped,1/32,16,cached,validate_per_validator,598,3063,2044,79,2046,30,0.11148884177215189,0.11096655696202531,0.1105957835443038,0.11173294303797467,,,,
blst_swapped,1/32,16,cached,validation,598,3063,2044,79,2046,30,0.5819961666666666,0.5813139999999999,0.5701049,0.5956271000000001,,,,
blst_swapped,1/32,16,cold,acceptance,598,3063,2044,79,2046,30,8.866192000000002,8.826060000000002,8.7905914,8.859821100000001,,,,
blst_swapped,1/32,16,cold,combiner,598,3063,2044,79,2046,30,148.56511813333333,148.35765300000003,145.9742493,151.7204965,,,,
blst_swapped,1/32,16,cold,dec_open,598,3063,2044,79,2046,30,30.527556466666667,30.418992000000003,30.3699447,30.4996117,,,,
blst_swapped,1/32,16,cold,decryption_total,598,3063,2044,79,2046,30,155.8752486,155.9447715,153.09268559999998,159.35697480000005,,,,
blst_swapped,1/32,16,cold,encryption,598,3063,2044,79,2046,30,1.3268256333333333,1.3231835,1.3136629,1.348218,,,,
blst_swapped,1/32,16,cold,encryption_per_item,598,3063,2044,79,2046,30,0.08292660208333333,0.08269896875,0.08210393125,0.084263625,,,,
blst_swapped,1/32,16,cold,end_to_end,598,3063,2044,79,2046,30,157.78654823333332,157.873197,154.99455160000002,161.2648805,,,,
blst_swapped,1/32,16,cold,opening,598,3063,2044,79,2046,30,18.84151423333333,18.7446325,18.712573,18.768319299999998,,,,
blst_swapped,1/32,16,cold,precompute,598,3063,2044,79,2046,30,11.686042233333334,11.681519999999999,11.6372442,11.700178900000001,,,,
blst_swapped,1/32,16,cold,predec_per_validator,598,3063,2044,79,2046,30,0.09253241856540084,0.09011834810126582,0.0897055417721519,0.10274705443037974,,,,
blst_swapped,1/32,16,cold,preparation,598,3063,2044,79,2046,30,109.1711887,108.60849300000001,106.55028699999998,112.3066547,,,,
blst_swapped,1/32,16,cold,share_generation,598,3063,2044,79,2046,30,7.310061066666666,7.1193495,7.0867378,8.117017299999999,,,,
blst_swapped,1/32,16,cold,validate_per_validator,598,3063,2044,79,2046,30,0.11223027848101266,0.11172227848101267,0.1112733088607595,0.1121496341772152,,,,
blst_swapped,1/32,16,cold,validation,598,3063,2044,79,2046,30,0.5843748666666666,0.5846235,0.5744517,0.5972232000000001,,,,
blst_swapped,1/64,16,cached,acceptance,688,6489,4327,79,4333,30,8.810912033333333,8.7761265,8.7337191,8.8139678,,,,
blst_swapped,1/64,16,cached,combiner,688,6489,4327,79,4333,30,38.956163966666665,38.894060499999995,38.820548699999996,39.040888,,,,
blst_swapped,1/64,16,cached,dec_open,688,6489,4327,79,4333,30,30.145174833333332,30.121868,30.0401958,30.232966899999997,,,,
blst_swapped,1/64,16,cached,decryption_total,688,6489,4327,79,4333,30,46.602999233333335,46.87199050000001,45.9249703,47.248744300000006,,,,
blst_swapped,1/64,16,cached,encryption,688,6489,4327,79,4333,30,1.3255176666666666,1.3270035,1.3095884,1.3374762,,,,
blst_swapped,1/64,16,cached,encryption_per_item,688,6489,4327,79,4333,30,0.08284485416666666,0.08293771875,0.081849275,0.0835922625,,,,
blst_swapped,1/64,16,cached,end_to_end,688,6489,4327,79,4333,30,48.50779543333333,48.7752245,47.8216507,49.170499299999996,,,,
blst_swapped,1/64,16,cached,opening,688,6489,4327,79,4333,30,18.539782066666664,18.534713500000002,18.503295,18.5755967,,,,
blst_swapped,1/64,16,cached,precompute,688,6489,4327,79,4333,30,11.605392766666666,11.587675999999998,11.5340374,11.6767029,,,,
blst_swapped,1/64,16,cached,predec_per_validator,688,6489,4327,79,4333,30,0.09679434008438818,0.10164165822784808,0.08923577594936709,0.10197139493670888,,,,
blst_swapped,1/64,16,cached,preparation,688,6489,4327,79,4333,30,0.0,0.0,0.0,0.0,,,,
blst_swapped,1/64,16,cached,share_generation,688,6489,4327,79,4333,30,7.646752866666666,8.029691,7.0496263,8.0557402,,,,
blst_swapped,1/64,16,cached,validate_per_validator,688,6489,4327,79,4333,30,0.11153053206751055,0.11109020886075949,0.11055340632911392,0.11156921265822785,,,,
blst_swapped,1/64,16,cached,validation,688,6489,4327,79,4333,30,0.5791907333333334,0.579642,0.5680905,0.5902771,,,,
blst_swapped,1/64,16,cold,acceptance,688,6489,4327,79,4333,30,8.8167268,8.813743500000001,8.7753982,8.859328,,,,
blst_swapped,1/64,16,cold,combiner,688,6489,4327,79,4333,30,232.7549931,232.964224,228.6387468,237.1087089,,,,
blst_swapped,1/64,16,cold,dec_open,688,6489,4327,79,4333,30,30.434875733333335,30.427122,30.3704664,30.4947314,,,,
blst_swapped,1/64,16,cold,decryption_total,688,6489,4327,79,4333,30,240.35847103333333,241.03006399999998,235.7591186,244.77752919999998,,,,
blst_swapped,1/64,16,cold,encryption,688,6489,4327,79,4333,30,1.3290573333333333,1.3318755,1.3054313,1.3486059000000001,,,,
blst_swapped,1/64,16,cold,encryption_per_item,688,6489,4327,79,4333,30,0.08306608333333333,0.08324221875,0.08158945625,0.08428786875000001,,,,
blst_swapped,1/64,16,cold,end_to_end,688,6489,4327,79,4333,30,242.27435283333335,242.932519,237.6682064,246.71370330000002,,,,
blst_swapped,1/64,16,cold,opening,688,6489,4327,79,4333,30,18.755827099999998,18.754405,18.720982,18.7846686,,,,
blst_swapped,1/64,16,cold,precompute,688,6489,4327,79,4333,30,11.679048633333334,11.6713705,11.6455482,11.711332699999998,,,,
blst_swapped,1/64,16,cold,predec_per_validator,688,6489,4327,79,4333,30,0.09624517594936709,0.09602532911392406,0.08957498101265822,0.10280799367088608,,,,
blst_swapped,1/64,16,cold,preparation,688,6489,4327,79,4333,30,193.50318333333334,193.76957,189.3529076,197.88969519999998,,,,
blst_swapped,1/64,16,cold,share_generation,688,6489,4327,79,4333,30,7.6033689,7.5860009999999996,7.076423499999999,8.1218315,,,,
blst_swapped,1/64,16,cold,validate_per_validator,688,6489,4327,79,4333,30,0.11160413670886075,0.11156637341772152,0.11108098987341772,0.11214339240506328,,,,
blst_swapped,1/64,16,cold,validation,688,6489,4327,79,4333,30,0.5867097,0.58573,0.5750413999999999,0.6061662000000001,,,,
blst_swapped,1/8,16,cached,acceptance,234,764,512,59,515,30,7.6617150999999994,7.6234675,7.5668069000000004,7.684482599999999,,,,
blst_swapped,1/8,16,cached,combiner,234,764,512,59,515,30,33.1374384,33.0883455,32.9808696,33.294896900000005,,,,
blst_swapped,1/8,16,cached,dec_open,234,764,512,59,515,30,25.475651566666667,25.457017,25.3966485,25.5888755,,,,
blst_swapped,1/8,16,cached,decryption_total,234,764,512,59,515,30,38.6618809,38.6347045,38.0086539,39.2513759,,,,
blst_swapped,1/8,16,cached,encryption,234,764,512,59,515,30,1.3121279,1.310997,1.2942107999999999,1.3345892,,,,
blst_swapped,1/8,16,cached,encryption_per_item,234,764,512,59,515,30,0.08200799375,0.0819373125,0.08088817499999999,0.083411825,,,,
blst_swapped,1/8,16,cached,end_to_end,234,764,512,59,515,30,40.5460201,40.516059999999996,39.88943160000001,41.145609400000005,,,,
blst_swapped,1/8,16,cached,opening,234,764,512,59,515,30,13.985902433333333,13.9731145,13.9464224,14.0275774,,,,
blst_swapped,1/8,16,cached,precompute,234,764,512,59,515,30,11.489749133333333,11.470750500000001,11.4339881,11.5918194,,,,
blst_swapped,1/8,16,cached,predec_per_validator,234,764,512,59,515,30,0.09363359604519773,0.09354093220338984,0.08470009491525424,0.10269836440677965,,,,
blst_swapped,1/8,16,cached,preparation,234,764,512,59,515,30,0.0,0.0,0.0,0.0,,,,
blst_swapped,1/8,16,cached,share_generation,234,764,512,59,515,30,5.524382166666666,5.518915000000001,4.9973056,6.0592035,,,,
blst_swapped,1/8,16,cached,validate_per_validator,234,764,512,59,515,30,0.1298595779661017,0.12921131355932203,0.1282509644067797,0.13024546779661017,,,,
blst_swapped,1/8,16,cached,validation,234,764,512,59,515,30,0.5719135000000001,0.5710305,0.5656920999999999,0.5807941,,,,
blst_swapped,1/8,16,cold,acceptance,234,764,512,59,515,30,7.692426533333333,7.6921315,7.661716900000001,7.7252432,,,,
blst_swapped,1/8,16,cold,combiner,234,764,512,59,515,30,71.67083553333333,71.74576350000001,70.5431121,72.84417730000001,,,,
blst_swapped,1/8,16,cold,dec_open,234,764,512,59,515,30,25.7247393,25.710146,25.6805417,25.7489577,,,,
blst_swapped,1/8,16,cold,decryption_total,234,764,512,59,515,30,77.1177984,77.079518,75.64992090000001,78.60863699999999,,,,
blst_swapped,1/8,16,cold,encryption,234,764,512,59,515,30,1.3276263666666668,1.325557,1.3083711,1.3500767,,,,
blst_swapped,1/8,16,cold,encryption_per_item,234,764,512,59,515,30,0.08297664791666667,0.0828473125,0.08177319375,0.08437979375,,,,
blst_swapped,1/8,16,cold,end_to_end,234,764,512,59,515,30,79.02689183333334,78.9663315,77.5515569,80.5396939,,,,
blst_swapped,1/8,16,cold,opening,234,764,512,59,515,30,14.114140966666668,14.115013999999999,14.0915217,14.1339001,,,,
blst_swapped,1/8,16,cold,precompute,234,764,512,59,515,30,11.610598333333334,11.605971499999999,11.574951299999999,11.623707000000001,,,,
blst_swapped,1/8,16,cold,predec_per_validator,234,764,512,59,515,30,0.09232031299435027,0.08611098305084744,0.08591635423728813,0.10310297966101696,,,,
blst_swapped,1/8,16,cold,preparation,234,764,512,59,515,30,38.25352083333333,38.3545525,37.103524,39.3263382,,,,
blst_swapped,1/8,16,cold,share_generation,234,764,512,59,515,30,5.446898466666667,5.080547999999999,5.069064900000001,6.0830758000000005,,,,
blst_swapped,1/8,16,cold,validate_per_validator,234,764,512,59,515,30,0.13038011073446326,0.13037511016949155,0.12985960847457628,0.13093632542372882,,,,
blst_swapped,1/8,16,cold,validation,234,764,512,59,515,30,0.5813653,0.580943,0.5752485,0.5883071000000001,,,,
bn_original_split2,1/16,16,cached,acceptance,419,1580,1060,76,1062,30,7.792153266666667,7.788454,7.715904,7.8558066,0,0,0,0
bn_original_split2,1/16,16,cached,combiner,419,1580,1060,76,1062,30,20.91574136666667,20.906958500000002,20.775620699999997,21.0424966,0,0,0,0
bn_original_split2,1/16,16,cached,dec_open,419,1580,1060,76,1062,30,13.123413166666667,13.111244,13.043761700000001,13.1786933,,,,
bn_original_split2,1/16,16,cached,decryption_total,419,1580,1060,76,1062,30,22.912081066666666,22.8819275,22.7363639,23.061405,0,0,0,0
bn_original_split2,1/16,16,cached,encryption,419,1580,1060,76,1062,30,0.7047203,0.7041325,0.6927976,0.7132654,0,0,0,0
bn_original_split2,1/16,16,cached,encryption_per_item,419,1580,1060,76,1062,30,0.04404501875,0.04400828125,0.04329985,0.0445790875,,,,
bn_original_split2,1/16,16,cached,end_to_end,419,1580,1060,76,1062,30,24.314752866666666,24.2843095,24.1343079,24.4643527,0,0,0,0
bn_original_split2,1/16,16,cached,opening,419,1580,1060,76,1062,30,12.2079123,12.215318499999999,12.144235799999999,12.2632619,0,0,0,0
bn_original_split2,1/16,16,cached,precompute,419,1580,1060,76,1062,30,0.9155008666666667,0.9073869999999999,0.8832127,0.9417951999999999,0,0,0,0
bn_original_split2,1/16,16,cached,predec_per_validator,419,1580,1060,76,1062,30,0.026266709210526318,0.025871414473684212,0.025625813157894736,0.026179340789473687,,,,
bn_original_split2,1/16,16,cached,preparation,419,1580,1060,76,1062,30,2.0700000000000002e-05,2e-05,2e-05,2.0100000000000004e-05,0,0,0,0
bn_original_split2,1/16,16,cached,share_generation,419,1580,1060,76,1062,30,1.9962699000000002,1.9662275,1.9475618,1.9896299000000002,0,0,0,0
bn_original_split2,1/16,16,cached,validate_per_validator,419,1580,1060,76,1062,30,0.10252833245614035,0.10247965789473684,0.10152505263157895,0.10336587631578947,,,,
bn_original_split2,1/16,16,cached,validation,419,1580,1060,76,1062,30,0.6977869666666667,0.6967525000000001,0.6829017000000001,0.7128599999999999,0,0,0,0
bn_original_split2,1/16,16,cold,acceptance,419,1580,1060,76,1062,30,7.7847547666666665,7.7276609999999994,7.6836934,7.7824817,0,0,0,0
bn_original_split2,1/16,16,cold,combiner,419,1580,1060,76,1062,30,44.7628406,44.723735500000004,44.472954699999995,44.8953921,0,0,0,0
bn_original_split2,1/16,16,cold,dec_open,419,1580,1060,76,1062,30,13.540970166666666,13.585541,13.304414399999999,13.7096488,,,,
bn_original_split2,1/16,16,cold,decryption_total,419,1580,1060,76,1062,30,46.733651900000005,46.6756995,46.4244918,46.854820999999994,0,0,0,0
bn_original_split2,1/16,16,cold,encryption,419,1580,1060,76,1062,30,0.6972813999999999,0.696392,0.6885699,0.7072712999999999,0,0,0,0
bn_original_split2,1/16,16,cold,encryption_per_item,419,1580,1060,76,1062,30,0.043580087499999996,0.0435245,0.04303561875,0.044204456249999996,,,,
bn_original_split2,1/16,16,cold,end_to_end,419,1580,1060,76,1062,30,48.1252812,48.066882,47.799801200000005,48.2524012,0,0,0,0
bn_original_split2,1/16,16,cold,opening,419,1580,1060,76,1062,30,12.0828405,12.0790565,12.058485600000001,12.1052343,0,0,0,0
bn_original_split2,1/16,16,cold,precompute,419,1580,1060,76,1062,30,1.4581296666666668,1.4954595,1.2261432,1.6412879,0,0,0,0
bn_original_split2,1/16,16,cold,predec_per_validator,419,1580,1060,76,1062,30,0.025930801754385963,0.02570875657894737,0.025600077631578948,0.025967806578947365,,,,
bn_original_split2,1/16,16,cold,preparation,419,1580,1060,76,1062,30,23.436959633333334,23.4087215,23.3339149,23.558291099999998,0,0,0,0
bn_original_split2,1/16,16,cold,share_generation,419,1580,1060,76,1062,30,1.9707409333333332,1.9538655,1.9456059,1.9735532999999998,0,0,0,0
bn_original_split2,1/16,16,cold,validate_per_validator,419,1580,1060,76,1062,30,0.10243098377192981,0.10167975,0.10110122894736842,0.102401075,,,,
bn_original_split2,1/16,16,cold,validation,419,1580,1060,76,1062,30,0.6941524666666666,0.6914705,0.676481,0.714263,0,0,0,0
bn_original_split2,1/16,32,cached,acceptance,419,1580,1060,76,1062,30,13.8566534,13.8820385,13.741577900000001,13.9653045,0,0,0,0
bn_original_split2,1/16,32,cached,combiner,419,1580,1060,76,1062,30,34.029650833333335,34.056586499999995,33.8117273,34.2091899,0,0,0,0
bn_original_split2,1/16,32,cached,dec_open,419,1580,1060,76,1062,30,20.172848600000002,20.173711,20.0534046,20.2861871,,,,
bn_original_split2,1/16,32,cached,decryption_total,419,1580,1060,76,1062,30,37.93769186666667,37.9688735,37.6803046,38.1286191,0,0,0,0
bn_original_split2,1/16,32,cached,encryption,419,1580,1060,76,1062,30,1.0595154333333334,1.05863,1.050574,1.0679912999999999,0,0,0,0
bn_original_split2,1/16,32,cached,encryption_per_item,419,1580,1060,76,1062,30,0.03310985729166667,0.0330821875,0.0328304375,0.033374728124999996,,,,
bn_original_split2,1/16,32,cached,end_to_end,419,1580,1060,76,1062,30,40.062608033333326,40.095476,39.7939599,40.2728924,0,0,0,0
bn_original_split2,1/16,32,cached,opening,419,1580,1060,76,1062,30,18.4640941,18.49164,18.3830364,18.5203229,0,0,0,0
bn_original_split2,1/16,32,cached,precompute,419,1580,1060,76,1062,30,1.7087545000000002,1.6803495,1.6425477,1.8148487999999998,0,0,0,0
bn_original_split2,1/16,32,cached,predec_per_validator,419,1580,1060,76,1062,30,0.05142080526315789,0.051459736842105266,0.051074984210526315,0.05170665789473684,,,,
bn_original_split2,1/16,32,cached,preparation,419,1580,1060,76,1062,30,2.17e-05,2e-05,2e-05,3e-05,0,0,0,0
bn_original_split2,1/16,32,cached,share_generation,419,1580,1060,76,1062,30,3.9079812,3.91094,3.8816988,3.929706,0,0,0,0
bn_original_split2,1/16,32,cached,validate_per_validator,419,1580,1060,76,1062,30,0.18232438684210528,0.18265840131578948,0.1808102355263158,0.1837540065789474,,,,
bn_original_split2,1/16,32,cached,validation,419,1580,1060,76,1062,30,1.0652576333333335,1.0647685,1.0475229,1.0822411,0,0,0,0
bn_original_split2,1/16,32,cold,acceptance,419,1580,1060,76,1062,30,13.808778233333333,13.8045475,13.7445185,13.8739856,0,0,0,0
bn_original_split2,1/16,32,cold,combiner,419,1580,1060,76,1062,30,58.06114316666667,58.055345,57.901182500000004,58.223838300000004,0,0,0,0
bn_original_split2,1/16,32,cold,dec_open,419,1580,1060,76,1062,30,20.5338608,20.523767499999998,20.364644,20.7180331,,,,
bn_original_split2,1/16,32,cold,decryption_total,419,1580,1060,76,1062,30,61.96998106666667,61.9694285,61.807923599999995,62.1225622,0,0,0,0
bn_original_split2,1/16,32,cold,encryption,419,1580,1060,76,1062,30,1.0625479666666666,1.060953,1.0494729,1.076137,0,0,0,0
bn_original_split2,1/16,32,cold,encryption_per_item,419,1580,1060,76,1062,30,0.03320462395833333,0.03315478125,0.032796028125,0.03362928125,,,,
bn_original_split2,1/16,32,cold,end_to_end,419,1580,1060,76,1062,30,64.09933423333334,64.080546,63.9445033,64.2572547,0,0,0,0
bn_original_split2,1/16,32,cold,opening,419,1580,1060,76,1062,30,18.3811494,18.3791195,18.359797800000003,18.3921895,0,0,0,0
bn_original_split2,1/16,32,cold,precompute,419,1580,1060,76,1062,30,2.1527114000000003,2.1552474999999998,1.9917076,2.3345102,0,0,0,0
bn_original_split2,1/16,32,cold,predec_per_validator,419,1580,1060,76,1062,30,0.05143139649122807,0.051449921052631575,0.05121540657894737,0.05166239342105264,,,,
bn_original_split2,1/16,32,cold,preparation,419,1580,1060,76,1062,30,23.7183613,23.6743375,23.6250227,23.9011051,0,0,0,0
bn_original_split2,1/16,32,cold,share_generation,419,1580,1060,76,1062,30,3.9087861333333334,3.9101939999999997,3.8923709,3.9263419,0,0,0,0
bn_original_split2,1/16,32,cold,validate_per_validator,419,1580,1060,76,1062,30,0.1816944504385965,0.18163878289473684,0.18084892763157895,0.18255244210526317,,,,
bn_original_split2,1/16,32,cold,validation,419,1580,1060,76,1062,30,1.0666492666666667,1.0669265,1.0437349,1.0865352000000001,0,0,0,0
bn_original_split2,1/16,64,cached,acceptance,419,1580,1060,76,1062,30,23.487093266666665,23.4155265,23.2780206,23.9081561,0,0,0,0
bn_original_split2,1/16,64,cached,combiner,419,1580,1060,76,1062,30,63.5055052,63.417328499999996,63.230893699999996,63.829436099999995,0,0,0,0
bn_original_split2,1/16,64,cached,dec_open,419,1580,1060,76,1062,30,40.0182443,40.003093,39.8941423,40.107172399999996,,,,
bn_original_split2,1/16,64,cached,decryption_total,419,1580,1060,76,1062,30,71.38669693333333,71.109701,70.90722269999999,71.7004503,0,0,0,0
bn_original_split2,1/16,64,cached,encryption,419,1580,1060,76,1062,30,2.103179133333333,2.100857,2.0801189,2.1190131,0,0,0,0
bn_original_split2,1/16,64,cached,encryption_per_item,419,1580,1060,76,1062,30,0.03286217395833333,0.032825890625,0.0325018578125,0.0331095796875,,,,
bn_original_split2,1/16,64,cached,end_to_end,419,1580,1060,76,1062,30,75.5417425,75.2686515,75.05513599999999,75.8701674,0,0,0,0
bn_original_split2,1/16,64,cached,opening,419,1580,1060,76,1062,30,36.87899016666667,36.877548000000004,36.822401299999996,36.9581303,0,0,0,0
bn_original_split2,1/16,64,cached,precompute,419,1580,1060,76,1062,30,3.139254133333333,3.1168435,3.0407148,3.2580543000000004,0,0,0,0
bn_original_split2,1/16,64,cached,predec_per_validator,419,1580,1060,76,1062,30,0.10369842412280701,0.10112978289473684,0.10066192631578948,0.10447583947368423,,,,
bn_original_split2,1/16,64,cached,preparation,419,1580,1060,76,1062,30,2.1333333333333335e-05,2e-05,2e-05,3e-05,0,0,0,0
bn_original_split2,1/16,64,cached,share_generation,419,1580,1060,76,1062,30,7.881080233333334,7.6858635,7.6503064,7.940163800000002,0,0,0,0
bn_original_split2,1/16,64,cached,validate_per_validator,419,1580,1060,76,1062,30,0.309040700877193,0.30809903289473684,0.3062897447368421,0.31458100131578953,,,,
bn_original_split2,1/16,64,cached,validation,419,1580,1060,76,1062,30,2.0517145,2.0490715,2.0312728,2.0780754999999997,0,0,0,0
bn_original_split2,1/16,64,cold,acceptance,419,1580,1060,76,1062,30,23.328110433333332,23.273156,23.1648437,23.4366392,0,0,0,0
bn_original_split2,1/16,64,cold,combiner,419,1580,1060,76,1062,30,87.38553786666667,87.29504399999999,87.1566124,87.6562229,0,0,0,0
bn_original_split2,1/16,64,cold,dec_open,419,1580,1060,76,1062,30,40.3088503,40.306796500000004,40.1118157,40.5781288,,,,
bn_original_split2,1/16,64,cold,decryption_total,419,1580,1060,76,1062,30,95.20971663333333,94.9610765,94.81263969999999,95.5633973,0,0,0,0
bn_original_split2,1/16,64,cold,encryption,419,1580,1060,76,1062,30,2.1091661333333334,2.087524,2.0731459,2.1033103,0,0,0,0
bn_original_split2,1/16,64,cold,encryption_per_item,419,1580,1060,76,1062,30,0.032955720833333334,0.0326175625,0.0323929046875,0.0328642234375,,,,
bn_original_split2,1/16,64,cold,end_to_end,419,1580,1060,76,1062,30,99.40022203333334,99.08202499999999,98.96087130000001,99.7627841,0,0,0,0
bn_original_split2,1/16,64,cold,opening,419,1580,1060,76,1062,30,36.6374809,36.6322565,36.57736,36.6905605,0,0,0,0
bn_original_split2,1/16,64,cold,precompute,419,1580,1060,76,1062,30,3.6713694,3.6652069999999997,3.4887419,3.9381844,0,0,0,0
bn_original_split2,1/16,64,cold,predec_per_validator,419,1580,1060,76,1062,30,0.10294881666666668,0.10060478289473684,0.1002602105263158,0.10356575000000003,,,,
bn_original_split2,1/16,64,cold,preparation,419,1580,1060,76,1062,30,23.748413566666667,23.7403775,23.627786699999998,23.912833799999998,0,0,0,0
bn_original_split2,1/16,64,cold,share_generation,419,1580,1060,76,1062,30,7.824110066666666,7.645963500000001,7.619776000000001,7.870997000000002,0,0,0,0
bn_original_split2,1/16,64,cold,validate_per_validator,419,1580,1060,76,1062,30,0.3069488214912281,0.30622573684210525,0.304800575,0.30837683157894735,,,,
bn_original_split2,1/16,64,cold,validation,419,1580,1060,76,1062,30,2.081158,2.044715,2.025167,2.0863618,0,0,0,0
bn_original_split2,1/16,128,cached,acceptance,419,1580,1060,76,1062,30,56.42476106666666,56.3863215,56.2487973,56.7272383,0,0,0,0
bn_original_split2,1/16,128,cached,combiner,419,1580,1060,76,1062,30,139.91976336666667,136.431987,135.3502403,148.6726413,0,0,0,0
bn_original_split2,1/16,128,cached,dec_open,419,1580,1060,76,1062,30,83.49485576666666,80.023882,78.9898266,92.1458008,,,,
bn_original_split2,1/16,128,cached,decryption_total,419,1580,1060,76,1062,30,155.20012136666668,151.72119800000002,150.5561031,163.87268550000002,0,0,0,0
bn_original_split2,1/16,128,cached,encryption,419,1580,1060,76,1062,30,4.129129566666666,4.129726,4.1018216999999995,4.1544361,0,0,0,0
bn_original_split2,1/16,128,cached,encryption_per_item,419,1580,1060,76,1062,30,0.03225882473958333,0.032263484375,0.032045482031249996,0.03245653203125,,,,
bn_original_split2,1/16,128,cached,end_to_end,419,1580,1060,76,1062,30,163.51091503333333,160.193336,159.0641875,171.90192280000002,0,0,0,0
bn_original_split2,1/16,128,cached,opening,419,1580,1060,76,1062,30,77.28306856666667,73.79919050000001,72.82268950000001,85.6952134,0,0,0,0
bn_original_split2,1/16,128,cached,precompute,419,1580,1060,76,1062,30,6.2117872,6.132858000000001,6.0039991,6.6051682,0,0,0,0
bn_original_split2,1/16,128,cached,predec_per_validator,419,1580,1060,76,1062,30,0.2010565600877193,0.20059292105263157,0.19986268815789474,0.20139154210526317,,,,
bn_original_split2,1/16,128,cached,preparation,419,1580,1060,76,1062,30,2.166666666666667e-05,2e-05,2e-05,2.1000000000000016e-05,0,0,0,0
bn_original_split2,1/16,128,cached,share_generation,419,1580,1060,76,1062,30,15.280298566666666,15.245062,15.189564299999999,15.3057572,0,0,0,0
bn_original_split2,1/16,128,cached,validate_per_validator,419,1580,1060,76,1062,30,0.7424310666666667,0.7419252828947369,0.7401157539473684,0.7464110302631579,,,,
bn_original_split2,1/16,128,cached,validation,419,1580,1060,76,1062,30,4.181496933333333,4.109999,3.8231614,4.4654065,0,0,0,0
bn_original_split2,1/16,128,cold,acceptance,419,1580,1060,76,1062,30,56.69153873333333,56.332501500000006,56.2176663,57.0116303,0,0,0,0
bn_original_split2,1/16,128,cold,combiner,419,1580,1060,76,1062,30,164.54987443333331,166.26244,157.28330110000002,172.8216643,0,0,0,0
bn_original_split2,1/16,128,cold,dec_open,419,1580,1060,76,1062,30,83.94909126666667,86.120285,75.8730428,92.35289569999999,,,,
bn_original_split2,1/16,128,cold,decryption_total,419,1580,1060,76,1062,30,180.0377217,181.5064355,172.93869859999998,188.3104535,0,0,0,0
bn_original_split2,1/16,128,cold,encryption,419,1580,1060,76,1062,30,4.1191473,4.120198,4.080332,4.145945,0,0,0,0
bn_original_split2,1/16,128,cold,encryption_per_item,419,1580,1060,76,1062,30,0.03218083828125,0.032189046875,0.03187759375,0.0323901953125,,,,
bn_original_split2,1/16,128,cold,end_to_end,419,1580,1060,76,1062,30,188.41587793333335,189.84486750000002,181.4299175,196.4323173,0,0,0,0
bn_original_split2,1/16,128,cold,opening,419,1580,1060,76,1062,30,77.11947083333332,79.343683,68.17689179999999,85.50088430000001,0,0,0,0
bn_original_split2,1/16,128,cold,precompute,419,1580,1060,76,1062,30,6.829620433333333,6.7476935000000005,6.5016342,7.1284296000000005,0,0,0,0
bn_original_split2,1/16,128,cold,predec_per_validator,419,1580,1060,76,1062,30,0.20378650614035088,0.2008292302631579,0.1989777105263158,0.20264665131578946,,,,
bn_original_split2,1/16,128,cold,preparation,419,1580,1060,76,1062,30,23.909089,23.87293,23.7290776,24.1827262,0,0,0,0
bn_original_split2,1/16,128,cold,share_generation,419,1580,1060,76,1062,30,15.487774466666668,15.2630215,15.122306,15.4011455,0,0,0,0
bn_original_split2,1/16,128,cold,validate_per_validator,419,1580,1060,76,1062,30,0.745941299122807,0.7412171250000001,0.7397061355263158,0.7501530302631578,,,,
bn_original_split2,1/16,128,cold,validation,419,1580,1060,76,1062,30,4.258825666666667,4.139234,4.0011969,4.4736908,0,0,0,0
bn_original_split2,1/16,256,cached,acceptance,419,1580,1060,76,1062,30,105.77976136666666,103.8310205,102.6309688,116.6110314,0,0,0,0
bn_original_split2,1/16,256,cached,combiner,419,1580,1060,76,1062,30,281.2215161666667,279.05512699999997,268.4271448,298.3299352,0,0,0,0
bn_original_split2,1/16,256,cached,dec_open,419,1580,1060,76,1062,30,175.44157553333335,175.1952715,160.91328780000003,190.3972655,,,,
bn_original_split2,1/16,256,cached,decryption_total,419,1580,1060,76,1062,30,311.5722752666667,309.32583950000003,298.6847127,328.58563730000003,0,0,0,0
bn_original_split2,1/16,256,cached,encryption,419,1580,1060,76,1062,30,8.2430409,8.239985,8.207087900000001,8.2819531,0,0,0,0
bn_original_split2,1/16,256,cached,encryption_per_item,419,1580,1060,76,1062,30,0.032199378515625,0.03218744140625,0.032058937109375005,0.032351379296875,,,,
bn_original_split2,1/16,256,cached,end_to_end,419,1580,1060,76,1062,30,328.42081733333333,326.2499795,316.00734719999997,344.9250893,0,0,0,0
bn_original_split2,1/16,256,cached,opening,419,1580,1060,76,1062,30,162.93060126666666,162.84080699999998,148.1039102,177.3249682,0,0,0,0
bn_original_split2,1/16,256,cached,precompute,419,1580,1060,76,1062,30,12.510974266666667,12.317122999999999,11.9080042,13.1272843,0,0,0,0
bn_original_split2,1/16,256,cached,predec_per_validator,419,1580,1060,76,1062,30,0.39935106447368424,0.3990848684210526,0.3978556644736842,0.4016864289473684,,,,
bn_original_split2,1/16,256,cached,preparation,419,1580,1060,76,1062,30,2.3000000000000003e-05,2e-05,2e-05,3e-05,0,0,0,0
bn_original_split2,1/16,256,cached,share_generation,419,1580,1060,76,1062,30,30.3506809,30.33045,30.2370305,30.5281686,0,0,0,0
bn_original_split2,1/16,256,cached,validate_per_validator,419,1580,1060,76,1062,30,1.3918389653508774,1.3661976381578946,1.3504074842105263,1.5343556763157895,,,,
bn_original_split2,1/16,256,cached,validation,419,1580,1060,76,1062,30,8.6053179,8.528276,7.7765536,9.5941195,0,0,0,0
bn_original_split2,1/16,256,cold,acceptance,419,1580,1060,76,1062,30,106.4260895,103.8197705,102.21495320000001,120.3851512,0,0,0,0
bn_original_split2,1/16,256,cold,combiner,419,1580,1060,76,1062,30,315.28120293333336,311.78121,299.6619114,336.9454575,0,0,0,0
bn_original_split2,1/16,256,cold,dec_open,419,1580,1060,76,1062,30,185.0111236,183.9156915,171.8052619,201.1629675,,,,
bn_original_split2,1/16,256,cold,decryption_total,419,1580,1060,76,1062,30,345.7707958666667,342.08240950000004,329.87944170000003,367.22837530000004,0,0,0,0
bn_original_split2,1/16,256,cold,encryption,419,1580,1060,76,1062,30,8.204143366666667,8.197831,8.1773838,8.2433446,0,0,0,0
bn_original_split2,1/16,256,cold,encryption_per_item,419,1580,1060,76,1062,30,0.03204743502604167,0.03202277734375,0.03194290546875,0.03220056484375,,,,
bn_original_split2,1/16,256,cold,end_to_end,419,1580,1060,76,1062,30,362.75173836666664,358.55983549999996,346.6674367,384.2194806,0,0,0,0
bn_original_split2,1/16,256,cold,opening,419,1580,1060,76,1062,30,172.09560936666668,170.938081,158.8564178,188.97136790000002,0,0,0,0
bn_original_split2,1/16,256,cold,precompute,419,1580,1060,76,1062,30,12.915514233333333,12.9162965,12.156801000000002,13.6212992,0,0,0,0
bn_original_split2,1/16,256,cold,predec_per_validator,419,1580,1060,76,1062,30,0.4011779548245614,0.3980846052631579,0.395892027631579,0.4002910289473684,,,,
bn_original_split2,1/16,256,cold,preparation,419,1580,1060,76,1062,30,23.843842333333335,23.7667395,23.6942273,24.0483444,0,0,0,0
bn_original_split2,1/16,256,cold,share_generation,419,1580,1060,76,1062,30,30.489524566666667,30.25443,30.0877941,30.4221182,0,0,0,0
bn_original_split2,1/16,256,cold,validate_per_validator,419,1580,1060,76,1062,30,1.4003432828947369,1.3660496118421053,1.3449335947368422,1.5840151473684212,,,,
bn_original_split2,1/16,256,cold,validation,419,1580,1060,76,1062,30,8.776597466666667,8.681886500000001,8.1253027,9.542362200000001,0,0,0,0
bn_original_split2,1/32,16,cached,acceptance,598,3063,2044,79,2046,30,8.034201533333334,8.034172,7.9463984,8.102613900000001,0,0,0,0
bn_original_split2,1/32,16,cached,combiner,598,3063,2044,79,2046,30,21.596691833333335,21.640171,21.4106329,21.7098121,0,0,0,0
bn_original_split2,1/32,16,cached,dec_open,598,3063,2044,79,2046,30,13.562321133333334,13.5836295,13.462393200000001,13.6413227,,,,
bn_original_split2,1/32,16,cached,decryption_total,598,3063,2044,79,2046,30,23.720195233333335,23.757030999999998,23.5108122,23.858527000000002,0,0,0,0
bn_original_split2,1/32,16,cached,encryption,598,3063,2044,79,2046,30,0.7074232333333333,0.7062005,0.6954359,0.7227776,0,0,0,0
bn_original_split2,1/32,16,cached,encryption_per_item,598,3063,2044,79,2046,30,0.044213952083333334,0.04413753125,0.04346474375,0.0451736,,,,
bn_original_split2,1/32,16,cached,end_to_end,598,3063,2044,79,2046,30,25.137733500000003,25.1876025,24.9264125,25.288879700000003,0,0,0,0
bn_original_split2,1/32,16,cached,opening,598,3063,2044,79,2046,30,12.663575866666667,12.6719805,12.5829809,12.728326,0,0,0,0
bn_original_split2,1/32,16,cached,precompute,598,3063,2044,79,2046,30,0.8987452666666668,0.895711,0.8579509,0.9372281,0,0,0,0
bn_original_split2,1/32,16,cached,predec_per_validator,598,3063,2044,79,2046,30,0.026878994514767933,0.026833462025316453,0.026628750632911393,0.027214227848101263,,,,
bn_original_split2,1/32,16,cached,preparation,598,3063,2044,79,2046,30,2.0033333333333337e-05,2e-05,2e-05,2e-05,0,0,0,0
bn_original_split2,1/32,16,cached,share_generation,598,3063,2044,79,2046,30,2.123440566666667,2.1198435,2.1036713000000002,2.149924,0,0,0,0
bn_original_split2,1/32,16,cached,validate_per_validator,598,3063,2044,79,2046,30,0.1016987535864979,0.10169837974683543,0.10058732151898733,0.10256473291139241,,,,
bn_original_split2,1/32,16,cached,validation,598,3063,2044,79,2046,30,0.7099888666666666,0.7134055,0.6947391,0.7203071,0,0,0,0
bn_original_split2,1/32,16,cold,acceptance,598,3063,2044,79,2046,30,8.0228597,7.9526045,7.8981889,8.0366068,0,0,0,0
bn_original_split2,1/32,16,cold,combiner,598,3063,2044,79,2046,30,62.90240593333333,62.818761,62.6610767,63.1902456,0,0,0,0
bn_original_split2,1/32,16,cold,dec_open,598,3063,2044,79,2046,30,13.384334366666668,13.379002500000002,13.3464908,13.422944999999999,,,,
bn_original_split2,1/32,16,cold,decryption_total,598,3063,2044,79,2046,30,65.06318436666666,64.9177495,64.7559718,65.51811269999999,0,0,0,0
bn_original_split2,1/32,16,cold,encryption,598,3063,2044,79,2046,30,0.7001335333333334,0.7000325000000001,0.6867519,0.7156773000000001,0,0,0,0
bn_original_split2,1/32,16,cold,encryption_per_item,598,3063,2044,79,2046,30,0.04375834583333334,0.043752031250000004,0.04292199375,0.044729831250000004,,,,
bn_original_split2,1/32,16,cold,end_to_end,598,3063,2044,79,2046,30,66.4797916,66.3268875,66.1316762,67.0824661,0,0,0,0
bn_original_split2,1/32,16,cold,opening,598,3063,2044,79,2046,30,12.482286966666667,12.479572000000001,12.4581765,12.5134251,0,0,0,0
bn_original_split2,1/32,16,cold,precompute,598,3063,2044,79,2046,30,0.9020474,0.9041175,0.8717653,0.9217591,0,0,0,0
bn_original_split2,1/32,16,cold,predec_per_validator,598,3063,2044,79,2046,30,0.0273509358649789,0.02653532911392405,0.02638494810126582,0.032195362025316455,,,,
bn_original_split2,1/32,16,cold,preparation,598,3063,2044,79,2046,30,41.49508466666667,41.4994305,41.3251817,41.6575894,0,0,0,0
bn_original_split2,1/32,16,cold,share_generation,598,3063,2044,79,2046,30,2.1607239333333337,2.096291,2.0844109,2.5434336,0,0,0,0
bn_original_split2,1/32,16,cold,validate_per_validator,598,3063,2044,79,2046,30,0.10155518607594936,0.10066587974683544,0.0999770746835443,0.1017292,,,,
bn_original_split2,1/32,16,cold,validation,598,3063,2044,79,2046,30,0.7163265,0.702205,0.6909898,0.7239673,0,0,0,0
bn_original_split2,1/64,16,cached,acceptance,688,6489,4327,79,4333,30,8.037524600000001,8.025855499999999,7.9600348,8.1029513,0,0,0,0
bn_original_split2,1/64,16,cached,combiner,688,6489,4327,79,4333,30,21.545164833333335,21.55828,21.390111400000002,21.730995800000002,0,0,0,0
bn_original_split2,1/64,16,cached,dec_open,688,6489,4327,79,4333,30,13.507476366666667,13.521818999999999,13.405938200000001,13.6185126,,,,
bn_original_split2,1/64,16,cached,decryption_total,688,6489,4327,79,4333,30,23.69899516666667,23.6873105,23.4948409,23.8997054,0,0,0,0
bn_original_split2,1/64,16,cached,encryption,688,6489,4327,79,4333,30,0.7054341999999999,0.7031115,0.6924517,0.7247971,0,0,0,0
bn_original_split2,1/64,16,cached,encryption_per_item,688,6489,4327,79,4333,30,0.044089637499999994,0.04394446875,0.04327823125,0.04529981875,,,,
bn_original_split2,1/64,16,cached,end_to_end,688,6489,4327,79,4333,30,25.107329,25.0934735,24.8862458,25.3261147,0,0,0,0
bn_original_split2,1/64,16,cached,opening,688,6489,4327,79,4333,30,12.613710666666666,12.62803,12.5123223,12.6870229,0,0,0,0
bn_original_split2,1/64,16,cached,precompute,688,6489,4327,79,4333,30,0.8937657,0.8908240000000001,0.8547219,0.9281912,0,0,0,0
bn_original_split2,1/64,16,cached,predec_per_validator,688,6489,4327,79,4333,30,0.027262872995780594,0.026854816455696207,0.02653129240506329,0.027093092405063295,,,,
bn_original_split2,1/64,16,cached,preparation,688,6489,4327,79,4333,30,2.0366666666666666e-05,2e-05,2e-05,2e-05,0,0,0,0
bn_original_split2,1/64,16,cached,share_generation,688,6489,4327,79,4333,30,2.153766966666667,2.1215305000000004,2.0959721,2.1403543000000003,0,0,0,0
bn_original_split2,1/64,16,cached,validate_per_validator,688,6489,4327,79,4333,30,0.10174081772151898,0.1015931075949367,0.1007599341772152,0.10256900379746836,,,,
bn_original_split2,1/64,16,cached,validation,688,6489,4327,79,4333,30,0.7027300666666666,0.7011635,0.688562,0.7210241,0,0,0,0
bn_original_split2,1/64,16,cold,acceptance,688,6489,4327,79,4333,30,7.936077133333333,7.9298385,7.847844800000001,7.979801500000001,0,0,0,0
bn_original_split2,1/64,16,cold,combiner,688,6489,4327,79,4333,30,104.44846716666666,104.600862,103.6535252,105.0465901,0,0,0,0
bn_original_split2,1/64,16,cold,dec_open,688,6489,4327,79,4333,30,13.826213033333334,13.782703000000001,13.625485200000002,14.0736483,,,,
bn_original_split2,1/64,16,cold,decryption_total,688,6489,4327,79,4333,30,106.57096566666665,106.6917305,105.7463195,107.4421842,0,0,0,0
bn_original_split2,1/64,16,cold,encryption,688,6489,4327,79,4333,30,0.6957399,0.695146,0.6823718,0.7077878,0,0,0,0
bn_original_split2,1/64,16,cold,encryption_per_item,688,6489,4327,79,4333,30,0.04348374375,0.043446625,0.0426482375,0.0442367375,,,,
bn_original_split2,1/64,16,cold,end_to_end,688,6489,4327,79,4333,30,107.96788216666667,108.0906335,107.1334657,108.83640050000001,0,0,0,0
bn_original_split2,1/64,16,cold,opening,688,6489,4327,79,4333,30,12.3938143,12.3874645,12.3623981,12.4271461,0,0,0,0
bn_original_split2,1/64,16,cold,precompute,688,6489,4327,79,4333,30,1.4323987333333332,1.3942614999999998,1.2266618,1.6941894000000002,0,0,0,0
bn_original_split2,1/64,16,cold,predec_per_validator,688,6489,4327,79,4333,30,0.026866076793248945,0.026483050632911394,0.026322754430379743,0.02675444683544304,,,,
bn_original_split2,1/64,16,cold,preparation,688,6489,4327,79,4333,30,82.68601753333334,82.7402355,82.01106010000001,83.4046457,0,0,0,0
bn_original_split2,1/64,16,cold,share_generation,688,6489,4327,79,4333,30,2.1224200666666664,2.092161,2.0794976,2.1136013,0,0,0,0
bn_original_split2,1/64,16,cold,validate_per_validator,688,6489,4327,79,4333,30,0.10045667257383965,0.10037770253164557,0.09933980759493671,0.10101014556962025,,,,
bn_original_split2,1/64,16,cold,validation,688,6489,4327,79,4333,30,0.7009828,0.6987705,0.685331,0.7193361,0,0,0,0
bn_original_split2,1/8,16,cached,acceptance,234,764,512,59,515,30,6.107918133333333,6.105881500000001,6.0572958,6.171315,0,0,0,0
bn_original_split2,1/8,16,cached,combiner,234,764,512,59,515,30,16.570127133333333,16.584994,16.4830961,16.657968500000003,0,0,0,0
bn_original_split2,1/8,16,cached,dec_open,234,764,512,59,515,30,10.462032966666667,10.471576,10.4155131,10.5060975,,,,
bn_original_split2,1/8,16,cached,decryption_total,234,764,512,59,515,30,18.117373266666668,18.1149615,18.0112015,18.202514700000002,0,0,0,0
bn_original_split2,1/8,16,cached,encryption,234,764,512,59,515,30,0.7055125333333333,0.7075469999999999,0.6921046000000001,0.7199981,0,0,0,0
bn_original_split2,1/8,16,cached,encryption_per_item,234,764,512,59,515,30,0.04409453333333333,0.044221687499999995,0.043256537500000004,0.04499988125,,,,
bn_original_split2,1/8,16,cached,end_to_end,234,764,512,59,515,30,19.531455033333334,19.534383499999997,19.4210375,19.61304,0,0,0,0
bn_original_split2,1/8,16,cached,opening,234,764,512,59,515,30,9.5745229,9.5732875,9.548470199999999,9.6079816,0,0,0,0
bn_original_split2,1/8,16,cached,precompute,234,764,512,59,515,30,0.8875100666666668,0.8833139999999999,0.8582487000000001,0.9139133,0,0,0,0
bn_original_split2,1/8,16,cached,predec_per_validator,234,764,512,59,515,30,0.02622315875706215,0.02611648305084746,0.02576234915254237,0.026296442372881357,,,,
bn_original_split2,1/8,16,cached,preparation,234,764,512,59,515,30,2.04e-05,2e-05,2e-05,2.0100000000000004e-05,0,0,0,0
bn_original_split2,1/8,16,cached,share_generation,234,764,512,59,515,30,1.5471663666666666,1.5408725,1.5199786,1.5514901,0,0,0,0
bn_original_split2,1/8,16,cached,validate_per_validator,234,764,512,59,515,30,0.1035240361581921,0.10348951694915254,0.10266603050847459,0.10459855932203391,,,,
bn_original_split2,1/8,16,cached,validation,234,764,512,59,515,30,0.7084097333333333,0.708253,0.6935709,0.7293615,0,0,0,0
bn_original_split2,1/8,16,cold,acceptance,234,764,512,59,515,30,6.095769833333334,6.096007999999999,6.0591667000000005,6.1332064,0,0,0,0
bn_original_split2,1/8,16,cold,combiner,234,764,512,59,515,30,28.603491366666667,28.6002675,28.526470200000002,28.6958968,0,0,0,0
bn_original_split2,1/8,16,cold,dec_open,234,764,512,59,515,30,10.436327333333333,10.438691500000001,10.402185399999999,10.4734625,,,,
bn_original_split2,1/8,16,cold,decryption_total,234,764,512,59,515,30,30.138774633333334,30.135488,30.063612,30.2296473,0,0,0,0
bn_original_split2,1/8,16,cold,encryption,234,764,512,59,515,30,0.7074033,0.7060055000000001,0.6939028,0.7185465000000001,0,0,0,0
bn_original_split2,1/8,16,cold,encryption_per_item,234,764,512,59,515,30,0.04421270625,0.044125343750000004,0.043368925,0.044909156250000005,,,,
bn_original_split2,1/8,16,cold,end_to_end,234,764,512,59,515,30,31.548169499999997,31.5491945,31.4638636,31.6303636,0,0,0,0
bn_original_split2,1/8,16,cold,opening,234,764,512,59,515,30,9.541974833333335,9.544538,9.5210347,9.559909900000001,0,0,0,0
bn_original_split2,1/8,16,cold,precompute,234,764,512,59,515,30,0.8943525,0.889032,0.8686518,0.9316135,0,0,0,0
bn_original_split2,1/8,16,cold,predec_per_validator,234,764,512,59,515,30,0.026020573446327685,0.026017118644067798,0.02586876949152542,0.026150883050847454,,,,
bn_original_split2,1/8,16,cold,preparation,234,764,512,59,515,30,12.0712256,12.0731875,12.010418,12.1444785,0,0,0,0
bn_original_split2,1/8,16,cold,share_generation,234,764,512,59,515,30,1.5352138333333334,1.53501,1.5262574,1.5429020999999998,0,0,0,0
bn_original_split2,1/8,16,cold,validate_per_validator,234,764,512,59,515,30,0.10331813276836159,0.10332216949152542,0.10269774067796611,0.10395265084745763,,,,
bn_original_split2,1/8,16,cold,validation,234,764,512,59,515,30,0.7018287,0.7021445,0.6876797,0.7216521,0,0,0,0
bn_swapped_split2,1/16,16,cached,acceptance,419,1580,1060,76,1062,30,9.9258224,9.9028,9.8450757,9.988275799999998,0,0,0,0
bn_swapped_split2,1/16,16,cached,combiner,419,1580,1060,76,1062,30,23.182234633333334,23.156270499999998,23.0593835,23.2561833,0,0,0,0
bn_swapped_split2,1/16,16,cached,dec_open,419,1580,1060,76,1062,30,13.256253,13.251773,13.1824678,13.3194192,,,,
bn_swapped_split2,1/16,16,cached,decryption_total,419,1580,1060,76,1062,30,26.5777691,26.552683000000002,26.4470135,26.6801721,0,0,0,0
bn_swapped_split2,1/16,16,cached,encryption,419,1580,1060,76,1062,30,0.7666614333333333,0.766884,0.7566278999999999,0.7787882,0,0,0,0
bn_swapped_split2,1/16,16,cached,encryption_per_item,419,1580,1060,76,1062,30,0.04791633958333333,0.04793025,0.047289243749999994,0.0486742625,,,,
bn_swapped_split2,1/16,16,cached,end_to_end,419,1580,1060,76,1062,30,28.268144866666667,28.245054000000003,28.141368200000002,28.384437499999997,0,0,0,0
bn_swapped_split2,1/16,16,cached,opening,419,1580,1060,76,1062,30,12.254818966666667,12.263785,12.206908799999999,12.286082200000001,0,0,0,0
bn_swapped_split2,1/16,16,cached,precompute,419,1580,1060,76,1062,30,1.0014340333333334,0.9933354999999999,0.9684413000000001,1.0383025,0,0,0,0
bn_swapped_split2,1/16,16,cached,predec_per_validator,419,1580,1060,76,1062,30,0.044677162719298245,0.044568026315789475,0.04430066973684211,0.04504609605263157,,,,
bn_swapped_split2,1/16,16,cached,preparation,419,1580,1060,76,1062,30,2.0666666666666666e-05,2e-05,2e-05,2e-05,0,0,0,0
bn_swapped_split2,1/16,16,cached,share_generation,419,1580,1060,76,1062,30,3.3954643666666664,3.3871700000000002,3.3668509,3.4235033,0,0,0,0
bn_swapped_split2,1/16,16,cached,validate_per_validator,419,1580,1060,76,1062,30,0.13060292631578946,0.13030000000000003,0.1295404697368421,0.13142468157894735,,,,
bn_swapped_split2,1/16,16,cached,validation,419,1580,1060,76,1062,30,0.9235745666666666,0.925231,0.9072868000000001,0.9390332,0,0,0,0
bn_swapped_split2,1/16,16,cold,acceptance,419,1580,1060,76,1062,30,9.972636066666666,9.9200635,9.8317647,9.9741733,0,0,0,0
bn_swapped_split2,1/16,16,cold,combiner,419,1580,1060,76,1062,30,35.558579466666664,35.506073,35.4025549,35.6229571,0,0,0,0
bn_swapped_split2,1/16,16,cold,dec_open,419,1580,1060,76,1062,30,13.197510099999999,13.193487000000001,13.1424999,13.243632700000001,,,,
bn_swapped_split2,1/16,16,cold,decryption_total,419,1580,1060,76,1062,30,38.94295056666667,38.872714,38.7844826,39.016927900000006,0,0,0,0
bn_swapped_split2,1/16,16,cold,encryption,419,1580,1060,76,1062,30,0.7617398333333333,0.760505,0.7491449,0.7757752,0,0,0,0
bn_swapped_split2,1/16,16,cold,encryption_per_item,419,1580,1060,76,1062,30,0.04760873958333333,0.0475315625,0.04682155625,0.04848595,,,,
bn_swapped_split2,1/16,16,cold,end_to_end,419,1580,1060,76,1062,30,40.63023716666667,40.571419,40.4835269,40.7017233,0,0,0,0
bn_swapped_split2,1/16,16,cold,opening,419,1580,1060,76,1062,30,12.195232299999999,12.193378,12.1645548,12.2329425,0,0,0,0
bn_swapped_split2,1/16,16,cold,precompute,419,1580,1060,76,1062,30,1.0022778,1.0029235,0.9706508,1.0406042,0,0,0,0
bn_swapped_split2,1/16,16,cold,predec_per_validator,419,1580,1060,76,1062,30,0.04453029298245614,0.04448436184210526,0.04426939078947368,0.044862382894736846,,,,
bn_swapped_split2,1/16,16,cold,preparation,419,1580,1060,76,1062,30,12.3882841,12.3885965,12.3163818,12.447650600000001,0,0,0,0
bn_swapped_split2,1/16,16,cold,share_generation,419,1580,1060,76,1062,30,3.3843022666666664,3.3808115,3.3644737,3.4095411,0,0,0,0
bn_swapped_split2,1/16,16,cold,validate_per_validator,419,1580,1060,76,1062,30,0.13121889561403507,0.13052715131578946,0.129365325,0.13123912236842103,,,,
bn_swapped_split2,1/16,16,cold,validation,419,1580,1060,76,1062,30,0.9254128333333332,0.9281455,0.9106577,0.9390481,0,0,0,0
bn_swapped_split2,1/16,32,cached,acceptance,419,1580,1060,76,1062,30,19.122946566666666,19.1014835,19.0339065,19.1759314,0,0,0,0
bn_swapped_split2,1/16,32,cached,combiner,419,1580,1060,76,1062,30,39.70796216666667,39.712435,39.5289694,39.8474261,0,0,0,0
bn_swapped_split2,1/16,32,cached,dec_open,419,1580,1060,76,1062,30,20.584842133333332,20.598669,20.452273,20.6822943,,,,
bn_swapped_split2,1/16,32,cached,decryption_total,419,1580,1060,76,1062,30,46.500084466666664,46.454306,46.2532717,46.5806999,0,0,0,0
bn_swapped_split2,1/16,32,cached,encryption,419,1580,1060,76,1062,30,1.1486283666666668,1.1463755,1.1377058,1.1620648,0,0,0,0
bn_swapped_split2,1/16,32,cached,encryption_per_item,419,1580,1060,76,1062,30,0.03589463645833334,0.035824234375,0.03555330625,0.036314525,,,,
bn_swapped_split2,1/16,32,cached,end_to_end,419,1580,1060,76,1062,30,49.04891476666667,48.9993425,48.800894299999996,49.1361437,0,0,0,0
bn_swapped_split2,1/16,32,cached,opening,419,1580,1060,76,1062,30,18.576377,18.585117500000003,18.5477117,18.608489400000003,0,0,0,0
bn_swapped_split2,1/16,32,cached,precompute,419,1580,1060,76,1062,30,2.0084651333333334,2.0310360000000003,1.9126006,2.0720261,0,0,0,0
bn_swapped_split2,1/16,32,cached,predec_per_validator,419,1580,1060,76,1062,30,0.08936909868421053,0.0887368947368421,0.0884269052631579,0.08897051184210526,,,,
bn_swapped_split2,1/16,32,cached,preparation,419,1580,1060,76,1062,30,2.1000000000000002e-05,2e-05,2e-05,2.1000000000000016e-05,0,0,0,0
bn_swapped_split2,1/16,32,cached,share_generation,419,1580,1060,76,1062,30,6.7920515,6.744004,6.7204448,6.7617589,0,0,0,0
bn_swapped_split2,1/16,32,cached,validate_per_validator,419,1580,1060,76,1062,30,0.25161771798245613,0.2513353092105263,0.25044613815789474,0.2523148868421053,,,,
bn_swapped_split2,1/16,32,cached,validation,419,1580,1060,76,1062,30,1.4000598333333334,1.4009749999999999,1.3782947,1.4184492000000002,0,0,0,0
bn_swapped_split2,1/16,32,cold,acceptance,419,1580,1060,76,1062,30,19.030144833333335,19.0304295,18.947795199999998,19.0990175,0,0,0,0
bn_swapped_split2,1/16,32,cold,combiner,419,1580,1060,76,1062,30,51.9668222,51.930276500000005,51.753257500000004,52.2408853,0,0,0,0
bn_swapped_split2,1/16,32,cold,dec_open,419,1580,1060,76,1062,30,20.455486800000003,20.445109,20.3589381,20.5527714,,,,
bn_swapped_split2,1/16,32,cold,decryption_total,419,1580,1060,76,1062,30,58.8418038,58.686907,58.4620729,59.1169993,0,0,0,0
bn_swapped_split2,1/16,32,cold,encryption,419,1580,1060,76,1062,30,1.1564003666666667,1.1535255,1.1427968,1.1722196,0,0,0,0
bn_swapped_split2,1/16,32,cold,encryption_per_item,419,1580,1060,76,1062,30,0.036137511458333334,0.036047671875,0.0357124,0.0366318625,,,,
bn_swapped_split2,1/16,32,cold,end_to_end,419,1580,1060,76,1062,30,61.40916273333333,61.2168985,61.0029726,61.690060700000004,0,0,0,0
bn_swapped_split2,1/16,32,cold,opening,419,1580,1060,76,1062,30,18.506991066666668,18.496807,18.462670499999998,18.5491107,0,0,0,0
bn_swapped_split2,1/16,32,cold,precompute,419,1580,1060,76,1062,30,1.9484957333333335,1.928035,1.8659546999999999,2.0456001,0,0,0,0
bn_swapped_split2,1/16,32,cold,predec_per_validator,419,1580,1060,76,1062,30,0.09045944429824561,0.08839786184210527,0.0881962105263158,0.09069331578947372,,,,
bn_swapped_split2,1/16,32,cold,preparation,419,1580,1060,76,1062,30,12.481042433333332,12.473658,12.3664354,12.6084013,0,0,0,0
bn_swapped_split2,1/16,32,cold,share_generation,419,1580,1060,76,1062,30,6.874917766666667,6.7182375,6.702912,6.892692000000002,0,0,0,0
bn_swapped_split2,1/16,32,cold,validate_per_validator,419,1580,1060,76,1062,30,0.2503966425438596,0.2504003881578947,0.2493130947368421,0.25130286184210526,,,,
bn_swapped_split2,1/16,32,cold,validation,419,1580,1060,76,1062,30,1.4108004333333333,1.398382,1.3773361000000002,1.4225289,0,0,0,0
bn_swapped_split2,1/16,64,cached,acceptance,419,1580,1060,76,1062,30,29.854786866666664,29.9139475,29.6496633,30.0057421,0,0,0,0
bn_swapped_split2,1/16,64,cached,combiner,419,1580,1060,76,1062,30,70.27126413333333,70.27856449999999,70.0620574,70.5398097,0,0,0,0
bn_swapped_split2,1/16,64,cached,dec_open,419,1580,1060,76,1062,30,40.41630703333333,40.4111045,40.310283999999996,40.5447329,,,,
bn_swapped_split2,1/16,64,cached,decryption_total,419,1580,1060,76,1062,30,83.63767953333333,83.56779399999999,83.2870607,83.8129316,0,0,0,0
bn_swapped_split2,1/16,64,cached,encryption,419,1580,1060,76,1062,30,2.2820500333333333,2.2797935000000003,2.2620839,2.3005690000000003,0,0,0,0
bn_swapped_split2,1/16,64,cached,encryption_per_item,419,1580,1060,76,1062,30,0.03565703177083333,0.035621773437500004,0.0353450609375,0.035946390625000005,,,,
bn_swapped_split2,1/16,64,cached,end_to_end,419,1580,1060,76,1062,30,88.6378599,88.5546925,88.2808466,88.8012124,0,0,0,0
bn_swapped_split2,1/16,64,cached,opening,419,1580,1060,76,1062,30,36.91916633333334,36.9077745,36.846946700000004,37.0078776,0,0,0,0
bn_swapped_split2,1/16,64,cached,precompute,419,1580,1060,76,1062,30,3.4971407,3.4816805,3.4022188,3.6595822,0,0,0,0
bn_swapped_split2,1/16,64,cached,predec_per_validator,419,1580,1060,76,1062,30,0.17587308201754387,0.17449205263157896,0.17383129868421054,0.17488745263157895,,,,
bn_swapped_split2,1/16,64,cached,preparation,419,1580,1060,76,1062,30,2.1133333333333333e-05,2e-05,2e-05,2.190000000000001e-05,0,0,0,0
bn_swapped_split2,1/16,64,cached,share_generation,419,1580,1060,76,1062,30,13.366354233333334,13.261396000000001,13.211178700000001,13.2914464,0,0,0,0
bn_swapped_split2,1/16,64,cached,validate_per_validator,419,1580,1060,76,1062,30,0.39282614298245616,0.39360457236842106,0.39012714868421056,0.3948123960526316,,,,
bn_swapped_split2,1/16,64,cached,validation,419,1580,1060,76,1062,30,2.7179554666666665,2.7173545,2.6961424000000003,2.7431693999999998,0,0,0,0
bn_swapped_split2,1/16,64,cold,acceptance,419,1580,1060,76,1062,30,29.851816933333335,29.8873215,29.660040600000002,29.9858137,0,0,0,0
bn_swapped_split2,1/16,64,cold,combiner,419,1580,1060,76,1062,30,82.77826413333334,82.7743375,82.4904126,83.0540842,0,0,0,0
bn_swapped_split2,1/16,64,cold,dec_open,419,1580,1060,76,1062,30,40.3637181,40.329142000000004,40.247323300000005,40.5128103,,,,
bn_swapped_split2,1/16,64,cold,decryption_total,419,1580,1060,76,1062,30,96.01408063333334,95.9954725,95.7479522,96.2993821,0,0,0,0
bn_swapped_split2,1/16,64,cold,encryption,419,1580,1060,76,1062,30,2.2709688333333333,2.265118,2.2551438,2.289997,0,0,0,0
bn_swapped_split2,1/16,64,cold,encryption_per_item,419,1580,1060,76,1062,30,0.03548388802083333,0.03539246875,0.035236621875,0.035781203125,,,,
bn_swapped_split2,1/16,64,cold,end_to_end,419,1580,1060,76,1062,30,100.9905594,100.9743455,100.71699319999999,101.2836408,0,0,0,0
bn_swapped_split2,1/16,64,cold,opening,419,1580,1060,76,1062,30,36.8425741,36.844698,36.772033300000004,36.9114531,0,0,0,0
bn_swapped_split2,1/16,64,cold,precompute,419,1580,1060,76,1062,30,3.521144,3.5102095,3.4277561,3.6443704,0,0,0,0
bn_swapped_split2,1/16,64,cold,predec_per_validator,419,1580,1060,76,1062,30,0.1741545890350877,0.17408425,0.17351729605263158,0.17473155,,,,
bn_swapped_split2,1/16,64,cold,preparation,419,1580,1060,76,1062,30,12.5625668,12.553277000000001,12.459452899999999,12.6947337,0,0,0,0
bn_swapped_split2,1/16,64,cold,share_generation,419,1580,1060,76,1062,30,13.235748766666667,13.230402999999999,13.187314500000001,13.2795978,0,0,0,0
bn_swapped_split2,1/16,64,cold,validate_per_validator,419,1580,1060,76,1062,30,0.3927870649122807,0.39325423026315787,0.3902636921052632,0.3945501802631579,,,,
bn_swapped_split2,1/16,64,cold,validation,419,1580,1060,76,1062,30,2.7053089999999997,2.7071655,2.6894717000000004,2.7196800000000003,0,0,0,0
bn_swapped_split2,1/16,128,cached,acceptance,419,1580,1060,76,1062,30,61.5894031,59.144065,59.0150608,76.4759687,0,0,0,0
bn_swapped_split2,1/16,128,cached,combiner,419,1580,1060,76,1062,30,143.8043102,140.36792150000002,139.6662216,152.6241827,0,0,0,0
bn_swapped_split2,1/16,128,cached,dec_open,419,1580,1060,76,1062,30,82.21473443333333,81.148957,79.90641029999999,87.2524684,,,,
bn_swapped_split2,1/16,128,cached,decryption_total,419,1580,1060,76,1062,30,170.7044337,166.794516,166.12361669999999,183.76146770000003,0,0,0,0
bn_swapped_split2,1/16,128,cached,encryption,419,1580,1060,76,1062,30,4.483090066666667,4.479617,4.4559299,4.518685400000001,0,0,0,0
bn_swapped_split2,1/16,128,cached,encryption_per_item,419,1580,1060,76,1062,30,0.03502414114583333,0.0349970078125,0.03481195234375,0.035302229687500006,,,,
bn_swapped_split2,1/16,128,cached,end_to_end,419,1580,1060,76,1062,30,180.75158533333334,176.920738,175.8831428,194.2071908,0,0,0,0
bn_swapped_split2,1/16,128,cached,opening,419,1580,1060,76,1062,30,75.09913406666666,73.95003349999999,72.9819551,79.96307220000001,0,0,0,0
bn_swapped_split2,1/16,128,cached,precompute,419,1580,1060,76,1062,30,7.1156003666666665,6.9976575,6.7463571,7.7285975,0,0,0,0
bn_swapped_split2,1/16,128,cached,predec_per_validator,419,1580,1060,76,1062,30,0.3539480535087719,0.3484397368421053,0.34752929473684213,0.3504669947368421,,,,
bn_swapped_split2,1/16,128,cached,preparation,419,1580,1060,76,1062,30,2.1033333333333334e-05,2e-05,2e-05,2.190000000000001e-05,0,0,0,0
bn_swapped_split2,1/16,128,cached,share_generation,419,1580,1060,76,1062,30,26.900052066666667,26.48142,26.4122264,26.6354916,0,0,0,0
bn_swapped_split2,1/16,128,cached,validate_per_validator,419,1580,1060,76,1062,30,0.8103868828947368,0.7782113815789473,0.7765139578947369,1.0062627460526314,,,,
bn_swapped_split2,1/16,128,cached,validation,419,1580,1060,76,1062,30,5.5638601,5.3999714999999995,5.2976498,5.9192952000000005,0,0,0,0
bn_swapped_split2,1/16,128,cold,acceptance,419,1580,1060,76,1062,30,60.9825138,59.263785,59.0189224,61.36633760000002,0,0,0,0
bn_swapped_split2,1/16,128,cold,combiner,419,1580,1060,76,1062,30,155.4305255,152.49005649999998,146.6172452,170.0282513,0,0,0,0
bn_swapped_split2,1/16,128,cold,dec_open,419,1580,1060,76,1062,30,81.9699444,80.72808450000001,75.0694176,87.33498469999999,,,,
bn_swapped_split2,1/16,128,cold,decryption_total,419,1580,1060,76,1062,30,181.87171080000002,178.942336,173.04159900000002,196.4551613,0,0,0,0
bn_swapped_split2,1/16,128,cold,encryption,419,1580,1060,76,1062,30,4.472905666666667,4.473018,4.4311004,4.5062141,0,0,0,0
bn_swapped_split2,1/16,128,cold,encryption_per_item,419,1580,1060,76,1062,30,0.03494457552083333,0.034945453125,0.034617971875,0.03520479765625,,,,
bn_swapped_split2,1/16,128,cold,end_to_end,419,1580,1060,76,1062,30,191.73013383333333,188.7201375,183.3433229,205.87584090000001,0,0,0,0
bn_swapped_split2,1/16,128,cold,opening,419,1580,1060,76,1062,30,74.96924253333333,73.8295335,67.8068688,79.92340949999999,0,0,0,0
bn_swapped_split2,1/16,128,cold,precompute,419,1580,1060,76,1062,30,7.000701866666666,6.9328935000000005,6.7333854,7.3625005,0,0,0,0
bn_swapped_split2,1/16,128,cold,predec_per_validator,419,1580,1060,76,1062,30,0.34790938070175437,0.34779655263157894,0.34702225,0.3491106605263158,,,,
bn_swapped_split2,1/16,128,cold,preparation,419,1580,1060,76,1062,30,12.477909799999999,12.481488500000001,12.4032037,12.5652189,0,0,0,0
bn_swapped_split2,1/16,128,cold,share_generation,419,1580,1060,76,1062,30,26.441112933333333,26.432538,26.373690999999997,26.5324102,0,0,0,0
bn_swapped_split2,1/16,128,cold,validate_per_validator,419,1580,1060,76,1062,30,0.802401497368421,0.7797866447368421,0.7765647684210526,0.8074518105263161,,,,
bn_swapped_split2,1/16,128,cold,validation,419,1580,1060,76,1062,30,5.3853498,5.3687385,4.9480450000000005,5.9117549,0,0,0,0
bn_swapped_split2,1/16,256,cached,acceptance,419,1580,1060,76,1062,30,144.12874533333334,144.140706,138.79683450000002,147.44323610000004,0,0,0,0
bn_swapped_split2,1/16,256,cached,combiner,419,1580,1060,76,1062,30,323.651619,313.964274,299.23716840000003,361.28466610000004,0,0,0,0
bn_swapped_split2,1/16,256,cached,dec_open,419,1580,1060,76,1062,30,179.52269903333334,170.5009745,160.6741753,204.0287891,,,,
bn_swapped_split2,1/16,256,cached,decryption_total,419,1580,1060,76,1062,30,376.6648593,366.0837855,351.69457,413.62425279999997,0,0,0,0
bn_swapped_split2,1/16,256,cached,encryption,419,1580,1060,76,1062,30,8.9095687,8.870096,8.8355104,8.927844,0,0,0,0
bn_swapped_split2,1/16,256,cached,encryption_per_item,419,1580,1060,76,1062,30,0.034803002734375,0.0346488125,0.0345137125,0.034874390625,,,,
bn_swapped_split2,1/16,256,cached,end_to_end,419,1580,1060,76,1062,30,396.86485106666663,386.39358749999997,372.51323210000004,433.613088,0,0,0,0
bn_swapped_split2,1/16,256,cached,opening,419,1580,1060,76,1062,30,165.8783892333333,156.9622775,146.9465712,190.2459283,0,0,0,0
bn_swapped_split2,1/16,256,cached,precompute,419,1580,1060,76,1062,30,13.6443098,13.586748,13.1889208,14.0362302,0,0,0,0
bn_swapped_split2,1/16,256,cached,predec_per_validator,419,1580,1060,76,1062,30,0.6975416609649123,0.6890940394736842,0.6858716513157894,0.6951814223684211,,,,
bn_swapped_split2,1/16,256,cached,preparation,419,1580,1060,76,1062,30,2.11e-05,2e-05,2e-05,3e-05,0,0,0,0
bn_swapped_split2,1/16,256,cached,share_generation,419,1580,1060,76,1062,30,53.01316623333333,52.371147,52.126245499999996,52.8337881,0,0,0,0
bn_swapped_split2,1/16,256,cached,validate_per_validator,419,1580,1060,76,1062,30,1.8964308596491228,1.8965882368421052,1.8262741381578949,1.9400425802631585,,,,
bn_swapped_split2,1/16,256,cached,validation,419,1580,1060,76,1062,30,11.290234933333332,11.1531685,10.2602167,12.153750200000001,0,0,0,0
bn_swapped_split2,1/16,256,cold,acceptance,419,1580,1060,76,1062,30,137.78500350000002,144.1882215,117.54354169999999,144.7208302,0,0,0,0
bn_swapped_split2,1/16,256,cold,combiner,419,1580,1060,76,1062,30,324.7337906,323.2803345,302.73113850000004,347.7190508,0,0,0,0
bn_swapped_split2,1/16,256,cold,dec_open,419,1580,1060,76,1062,30,174.48108043333335,172.084431,159.0618333,196.9780085,,,,
bn_swapped_split2,1/16,256,cold,decryption_total,419,1580,1060,76,1062,30,377.69564410000004,377.0980785,355.05972870000005,399.9719717,0,0,0,0
bn_swapped_split2,1/16,256,cold,encryption,419,1580,1060,76,1062,30,8.866053899999999,8.854144000000002,8.829437800000001,8.9177725,0,0,0,0
bn_swapped_split2,1/16,256,cold,encryption_per_item,419,1580,1060,76,1062,30,0.034633023046874996,0.034586500000000006,0.034489991406250003,0.034835048828125,,,,
bn_swapped_split2,1/16,256,cold,end_to_end,419,1580,1060,76,1062,30,397.8831864,397.16599499999995,375.86417850000004,420.5220082,0,0,0,0
bn_swapped_split2,1/16,256,cold,opening,419,1580,1060,76,1062,30,160.8839578333333,158.935184,145.80835520000002,183.36913149999998,0,0,0,0
bn_swapped_split2,1/16,256,cold,precompute,419,1580,1060,76,1062,30,13.5971226,13.496088499999999,13.1737806,14.037278800000001,0,0,0,0
bn_swapped_split2,1/16,256,cold,predec_per_validator,419,1580,1060,76,1062,30,0.6968655280701754,0.6879145197368421,0.6861610513157895,0.6898512605263157,,,,
bn_swapped_split2,1/16,256,cold,preparation,419,1580,1060,76,1062,30,12.467543866666666,12.471866,12.3728289,12.536672600000001,0,0,0,0
bn_swapped_split2,1/16,256,cold,share_generation,419,1580,1060,76,1062,30,52.961780133333335,52.2815035,52.1482399,52.4286958,0,0,0,0
bn_swapped_split2,1/16,256,cold,validate_per_validator,419,1580,1060,76,1062,30,1.812960572368421,1.8972134407894736,1.5466255486842106,1.9042214499999999,,,,
bn_swapped_split2,1/16,256,cold,validation,419,1580,1060,76,1062,30,11.321305200000001,11.231506,10.307278799999999,12.136351,0,0,0,0
bn_swapped_split2,1/32,16,cached,acceptance,598,3063,2044,79,2046,30,10.258834633333333,10.2562415,10.192199500000001,10.3102023,0,0,0,0
bn_swapped_split2,1/32,16,cached,combiner,598,3063,2044,79,2046,30,23.9949926,23.985304,23.900994,24.1124622,0,0,0,0
bn_swapped_split2,1/32,16,cached,dec_open,598,3063,2044,79,2046,30,13.7360018,13.728037,13.6648894,13.809227799999999,,,,
bn_swapped_split2,1/32,16,cached,decryption_total,598,3063,2044,79,2046,30,27.638745933333333,27.6259535,27.545679699999997,27.7619359,0,0,0,0
bn_swapped_split2,1/32,16,cached,encryption,598,3063,2044,79,2046,30,0.7645675,0.761657,0.751403,0.7832851,0,0,0,0
bn_swapped_split2,1/32,16,cached,encryption_per_item,598,3063,2044,79,2046,30,0.04778546875,0.0476035625,0.0469626875,0.04895531875,,,,
bn_swapped_split2,1/32,16,cached,end_to_end,598,3063,2044,79,2046,30,29.323816166666667,29.317002000000002,29.222356100000002,29.4718886,0,0,0,0
bn_swapped_split2,1/32,16,cached,opening,598,3063,2044,79,2046,30,12.730456166666666,12.7288645,12.6826672,12.785589400000001,0,0,0,0
bn_swapped_split2,1/32,16,cached,precompute,598,3063,2044,79,2046,30,1.0055456333333332,1.004696,0.9720567,1.0502962,0,0,0,0
bn_swapped_split2,1/32,16,cached,predec_per_validator,598,3063,2044,79,2046,30,0.046122694092827,0.046182772151898734,0.045779168354430376,0.04628959620253165,,,,
bn_swapped_split2,1/32,16,cached,preparation,598,3063,2044,79,2046,30,2.04e-05,2e-05,2e-05,2.0100000000000004e-05,0,0,0,0
bn_swapped_split2,1/32,16,cached,share_generation,598,3063,2044,79,2046,30,3.643692833333333,3.6484389999999998,3.6165542999999998,3.6568781,0,0,0,0
bn_swapped_split2,1/32,16,cached,validate_per_validator,598,3063,2044,79,2046,30,0.12985866624472575,0.1298258417721519,0.12901518354430383,0.13050888987341772,,,,
bn_swapped_split2,1/32,16,cached,validation,598,3063,2044,79,2046,30,0.9203849000000001,0.9169105,0.9118246999999999,0.9342633,0,0,0,0
bn_swapped_split2,1/32,16,cold,acceptance,598,3063,2044,79,2046,30,10.248524366666667,10.2133115,10.1464294,10.286317,0,0,0,0
bn_swapped_split2,1/32,16,cold,combiner,598,3063,2044,79,2046,30,44.5597729,44.5239465,44.3931569,44.6808231,0,0,0,0
bn_swapped_split2,1/32,16,cold,dec_open,598,3063,2044,79,2046,30,13.6490448,13.6482025,13.6137066,13.696382600000002,,,,
bn_swapped_split2,1/32,16,cold,decryption_total,598,3063,2044,79,2046,30,48.2147859,48.1475865,48.0208994,48.299466,0,0,0,0
bn_swapped_split2,1/32,16,cold,encryption,598,3063,2044,79,2046,30,0.7625940333333333,0.7586225,0.7484929,0.7775008,0,0,0,0
bn_swapped_split2,1/32,16,cold,encryption_per_item,598,3063,2044,79,2046,30,0.04766212708333333,0.04741390625,0.04678080625,0.0485938,,,,
bn_swapped_split2,1/32,16,cold,end_to_end,598,3063,2044,79,2046,30,49.896508133333334,49.839307500000004,49.6906775,49.9819578,0,0,0,0
bn_swapped_split2,1/32,16,cold,opening,598,3063,2044,79,2046,30,12.654655533333333,12.647261499999999,12.6224479,12.6965247,0,0,0,0
bn_swapped_split2,1/32,16,cold,precompute,598,3063,2044,79,2046,30,0.9943892666666667,0.995448,0.9678205,1.0321145999999999,0,0,0,0
bn_swapped_split2,1/32,16,cold,predec_per_validator,598,3063,2044,79,2046,30,0.04626518143459916,0.04589060759493671,0.045786940506329116,0.046141082278481016,,,,
bn_swapped_split2,1/32,16,cold,preparation,598,3063,2044,79,2046,30,20.662065233333333,20.633693,20.548305199999998,20.754525299999997,0,0,0,0
bn_swapped_split2,1/32,16,cold,share_generation,598,3063,2044,79,2046,30,3.6549493333333336,3.6253580000000003,3.6171683000000003,3.6451455,0,0,0,0
bn_swapped_split2,1/32,16,cold,validate_per_validator,598,3063,2044,79,2046,30,0.12972815654008438,0.1292824240506329,0.12843581518987343,0.13020654430379747,,,,
bn_swapped_split2,1/32,16,cold,validation,598,3063,2044,79,2046,30,0.9189850666666667,0.9171505,0.9037895,0.9405967,0,0,0,0
bn_swapped_split2,1/64,16,cached,acceptance,688,6489,4327,79,4333,30,10.243236999999999,10.234746000000001,10.1854379,10.3164491,0,0,0,0
bn_swapped_split2,1/64,16,cached,combiner,688,6489,4327,79,4333,30,23.929547300000003,23.9269345,23.7842983,24.0479522,0,0,0,0
bn_swapped_split2,1/64,16,cached,dec_open,688,6489,4327,79,4333,30,13.6861469,13.6987115,13.5937381,13.7494768,,,,
bn_swapped_split2,1/64,16,cached,decryption_total,688,6489,4327,79,4333,30,27.5727921,27.588917000000002,27.4021268,27.695988200000002,0,0,0,0
bn_swapped_split2,1/64,16,cached,encryption,688,6489,4327,79,4333,30,0.7592248,0.758352,0.7486038,0.7690324000000001,0,0,0,0
bn_swapped_split2,1/64,16,cached,encryption_per_item,688,6489,4327,79,4333,30,0.04745155,0.047397,0.0467877375,0.048064525000000004,,,,
bn_swapped_split2,1/64,16,cached,end_to_end,688,6489,4327,79,4333,30,29.250823333333333,29.266788,29.0633084,29.3854723,0,0,0,0
bn_swapped_split2,1/64,16,cached,opening,688,6489,4327,79,4333,30,12.683539833333333,12.6972205,12.601954899999999,12.733079,0,0,0,0
bn_swapped_split2,1/64,16,cached,precompute,688,6489,4327,79,4333,30,1.0026070666666667,1.0033145,0.9815894000000001,1.0252112,0,0,0,0
bn_swapped_split2,1/64,16,cached,predec_per_validator,688,6489,4327,79,4333,30,0.046116140084388184,0.0461656582278481,0.04575066962025316,0.04641339367088608,,,,
bn_swapped_split2,1/64,16,cached,preparation,688,6489,4327,79,4333,30,2.0333333333333337e-05,2e-05,2e-05,2e-05,0,0,0,0
bn_swapped_split2,1/64,16,cached,share_generation,688,6489,4327,79,4333,30,3.6431750666666667,3.647087,3.6143029,3.6666581,0,0,0,0
bn_swapped_split2,1/64,16,cached,validate_per_validator,688,6489,4327,79,4333,30,0.12966122784810127,0.12955374683544302,0.1289295936708861,0.13058796329113923,,,,
bn_swapped_split2,1/64,16,cached,validation,688,6489,4327,79,4333,30,0.9186582,0.9206955,0.8925218,0.9335382,0,0,0,0
bn_swapped_split2,1/64,16,cold,acceptance,688,6489,4327,79,4333,30,10.165446133333335,10.1706535,10.0943761,10.2253545,0,0,0,0
bn_swapped_split2,1/64,16,cold,combiner,688,6489,4327,79,4333,30,68.1332457,68.122499,67.8684389,68.4207225,0,0,0,0
bn_swapped_split2,1/64,16,cold,dec_open,688,6489,4327,79,4333,30,13.6898698,13.690275499999998,13.526261,13.8332889,,,,
bn_swapped_split2,1/64,16,cold,decryption_total,688,6489,4327,79,4333,30,71.76380983333334,71.73371850000001,71.4792827,72.02643619999999,0,0,0,0
bn_swapped_split2,1/64,16,cold,encryption,688,6489,4327,79,4333,30,0.7510746,0.7486235,0.736649,0.7695341,0,0,0,0
bn_swapped_split2,1/64,16,cold,encryption_per_item,688,6489,4327,79,4333,30,0.0469421625,0.04678896875,0.0460405625,0.04809588125,,,,
bn_swapped_split2,1/64,16,cold,end_to_end,688,6489,4327,79,4333,30,73.42626019999999,73.393675,73.1607108,73.6933961,0,0,0,0
bn_swapped_split2,1/64,16,cold,opening,688,6489,4327,79,4333,30,12.516807933333332,12.513358,12.475588,12.568133,0,0,0,0
bn_swapped_split2,1/64,16,cold,precompute,688,6489,4327,79,4333,30,1.1730618666666668,1.171956,1.0214056,1.326257,0,0,0,0
bn_swapped_split2,1/64,16,cold,predec_per_validator,688,6489,4327,79,4333,30,0.045955598312236286,0.045620487341772153,0.04543720253164557,0.0457684582278481,,,,
bn_swapped_split2,1/64,16,cold,preparation,688,6489,4327,79,4333,30,44.277781499999996,44.278675,44.114201099999995,44.450351700000006,0,0,0,0
bn_swapped_split2,1/64,16,cold,share_generation,688,6489,4327,79,4333,30,3.6304922666666664,3.6040184999999996,3.5895390000000003,3.6157082000000003,0,0,0,0
bn_swapped_split2,1/64,16,cold,validate_per_validator,688,6489,4327,79,4333,30,0.12867653333333334,0.12874244936708862,0.12777691265822785,0.1294348670886076,,,,
bn_swapped_split2,1/64,16,cold,validation,688,6489,4327,79,4333,30,0.9112286333333334,0.9093,0.8939677,0.9253819000000001,0,0,0,0
bn_swapped_split2,1/8,16,cached,acceptance,234,764,512,59,515,30,7.776188366666667,7.776097,7.6971717,7.8581127,0,0,0,0
bn_swapped_split2,1/8,16,cached,combiner,234,764,512,59,515,30,18.374618233333333,18.3833665,18.298543499999997,18.4714326,0,0,0,0
bn_swapped_split2,1/8,16,cached,dec_open,234,764,512,59,515,30,10.598256600000001,10.604683999999999,10.5583471,10.6294506,,,,
bn_swapped_split2,1/8,16,cached,decryption_total,234,764,512,59,515,30,21.024974366666665,21.0175865,20.921929900000002,21.1011231,0,0,0,0
bn_swapped_split2,1/8,16,cached,encryption,234,764,512,59,515,30,0.7615193,0.760019,0.7529387,0.7757903,0,0,0,0
bn_swapped_split2,1/8,16,cached,encryption_per_item,234,764,512,59,515,30,0.04759495625,0.0475011875,0.04705866875,0.04848689375,,,,
bn_swapped_split2,1/8,16,cached,end_to_end,234,764,512,59,515,30,22.711927233333334,22.695117,22.600869000000003,22.8123949,0,0,0,0
bn_swapped_split2,1/8,16,cached,opening,234,764,512,59,515,30,9.5944236,9.59742,9.5714688,9.6120114,0,0,0,0
bn_swapped_split2,1/8,16,cached,precompute,234,764,512,59,515,30,1.003833,1.0040049999999998,0.9744222,1.031602,0,0,0,0
bn_swapped_split2,1/8,16,cached,predec_per_validator,234,764,512,59,515,30,0.04492008531073446,0.044520669491525416,0.04427904576271187,0.04503720847457627,,,,
bn_swapped_split2,1/8,16,cached,preparation,234,764,512,59,515,30,2.176666666666667e-05,2e-05,2e-05,3e-05,0,0,0,0
bn_swapped_split2,1/8,16,cached,share_generation,234,764,512,59,515,30,2.650285033333333,2.6267195,2.6124637,2.6571952999999997,0,0,0,0
bn_swapped_split2,1/8,16,cached,validate_per_validator,234,764,512,59,515,30,0.13179980282485876,0.13179825423728814,0.1304605372881356,0.13318835084745764,,,,
bn_swapped_split2,1/8,16,cached,validation,234,764,512,59,515,30,0.9252691666666667,0.9259785,0.9093472,0.9379561,0,0,0,0
bn_swapped_split2,1/8,16,cold,acceptance,234,764,512,59,515,30,7.752909466666667,7.7583825,7.6981738,7.7966991,0,0,0,0
bn_swapped_split2,1/8,16,cold,combiner,234,764,512,59,515,30,25.418641633333333,25.426035,25.329553699999998,25.511518799999997,0,0,0,0
bn_swapped_split2,1/8,16,cold,dec_open,234,764,512,59,515,30,10.5962365,10.593479,10.5532536,10.6314333,,,,
bn_swapped_split2,1/8,16,cold,decryption_total,234,764,512,59,515,30,28.062996166666668,28.049960499999997,27.938589800000003,28.1560127,0,0,0,0
bn_swapped_split2,1/8,16,cold,encryption,234,764,512,59,515,30,0.7597548333333334,0.7578315,0.7465048999999999,0.7717661,0,0,0,0
bn_swapped_split2,1/8,16,cold,encryption_per_item,234,764,512,59,515,30,0.047484677083333336,0.04736446875,0.046656556249999995,0.04823538125,,,,
bn_swapped_split2,1/8,16,cold,end_to_end,234,764,512,59,515,30,29.763931300000003,29.7411255,29.6048712,29.8531009,0,0,0,0
bn_swapped_split2,1/8,16,cold,opening,234,764,512,59,515,30,9.596465466666666,9.595232,9.5737466,9.618322,0,0,0,0
bn_swapped_split2,1/8,16,cold,precompute,234,764,512,59,515,30,0.9997710333333334,0.9972654999999999,0.972291,1.0414212,0,0,0,0
bn_swapped_split2,1/8,16,cold,predec_per_validator,234,764,512,59,515,30,0.04481851016949153,0.04446636440677966,0.04419486271186441,0.044922086440677966,,,,
bn_swapped_split2,1/8,16,cold,preparation,234,764,512,59,515,30,7.069349866666667,7.074959,7.0081877,7.1303794,0,0,0,0
bn_swapped_split2,1/8,16,cold,share_generation,234,764,512,59,515,30,2.6442921,2.6235155,2.6074969,2.6504031,0,0,0,0
bn_swapped_split2,1/8,16,cold,validate_per_validator,234,764,512,59,515,30,0.13140524519774013,0.13149800847457627,0.1304775220338983,0.13214744237288137,,,,
bn_swapped_split2,1/8,16,cold,validation,234,764,512,59,515,30,0.9410146666666667,0.9274645,0.9061528,0.951842,0,0,0,0
