scheme,error,total,round,sample,samples,N,source_N,W,q,t,selected_parties,selected_weight,threads,phase,value,ms,unit,statistic,origin,denominator,source_label,log
pfe,1/8,16,1,0,5,764,234,764,512,511,512,512,12,setup,147.352,147.352,ms,internal_arithmetic_mean,reported,,trusted key generation,pfe_e8_m16_r1.stdout.log
pfe,1/8,16,1,0,5,764,234,764,512,511,512,512,12,encryption,1.301,1.301,ms,internal_arithmetic_mean,reported,,encrypt batch,pfe_e8_m16_r1.stdout.log
pfe,1/8,16,1,0,5,764,234,764,512,511,512,512,12,encryption_per_item,0.081,0.081,ms/item,internal_arithmetic_mean,reported,16,encrypt batch,pfe_e8_m16_r1.stdout.log
pfe,1/8,16,1,0,5,764,234,764,512,511,512,512,12,fixed_kernel,9.819,9.819,ms,internal_arithmetic_mean,reported,,fixed PFE FFT/G2 kernel,pfe_e8_m16_r1.stdout.log
pfe,1/8,16,1,0,5,764,234,764,512,511,512,512,12,validation,0.48,0.48,ms,internal_arithmetic_mean,reported,,ctxtCheck(B),pfe_e8_m16_r1.stdout.log
pfe,1/8,16,1,0,5,764,234,764,512,511,512,512,12,validation_per_item,0.03,0.03,ms/item,internal_arithmetic_mean,reported,16,ctxtCheck(B),pfe_e8_m16_r1.stdout.log
pfe,1/8,16,1,0,5,764,234,764,512,511,512,512,12,precompute,7.722,7.722,ms,internal_arithmetic_mean,reported,,precompute(B),pfe_e8_m16_r1.stdout.log
pfe,1/8,16,1,0,5,764,234,764,512,511,512,512,12,precompute_per_item,0.483,0.483,ms/item,internal_arithmetic_mean,reported,16,precompute(B),pfe_e8_m16_r1.stdout.log
pfe,1/8,16,1,0,5,764,234,764,512,511,512,512,12,predec_one_virtual_server,0.169,0.169,ms,internal_arithmetic_mean,reported,,"partialDecrypt(B), one server",pfe_e8_m16_r1.stdout.log
pfe,1/8,16,1,0,5,764,234,764,512,511,512,512,12,predec_one_virtual_server_per_item,0.011,0.011,ms/item,internal_arithmetic_mean,reported,16,"partialDecrypt(B), one server",pfe_e8_m16_r1.stdout.log
pfe,1/8,16,1,0,5,764,234,764,512,511,512,512,12,combine,11.133,11.133,ms,internal_arithmetic_mean,reported,,combine(n),pfe_e8_m16_r1.stdout.log
pfe,1/8,16,1,0,5,764,234,764,512,511,512,512,12,combine_per_item,0.022,0.022,ms/item,internal_arithmetic_mean,reported,512,combine(n),pfe_e8_m16_r1.stdout.log
pfe,1/8,16,1,0,5,764,234,764,512,511,512,512,12,server_check,2.522,2.522,ms,internal_arithmetic_mean,reported,,"serverCheck(B,n)",pfe_e8_m16_r1.stdout.log
pfe,1/8,16,1,0,5,764,234,764,512,511,512,512,12,server_check_per_item,0.158,0.158,ms/item,internal_arithmetic_mean,reported,16,"serverCheck(B,n)",pfe_e8_m16_r1.stdout.log
pfe,1/8,16,1,0,5,764,234,764,512,511,512,512,12,opening,2.139,2.139,ms,internal_arithmetic_mean,reported,,"open(B), fused 3-pair path",pfe_e8_m16_r1.stdout.log
pfe,1/8,16,1,0,5,764,234,764,512,511,512,512,12,opening_per_item,0.134,0.134,ms/item,internal_arithmetic_mean,reported,16,"open(B), fused 3-pair path",pfe_e8_m16_r1.stdout.log
pfe,1/8,16,1,0,5,764,234,764,512,511,512,512,12,core_one_server_total,21.163,21.163,ms,internal_arithmetic_mean,reported,,core sequential total,pfe_e8_m16_r1.stdout.log
pfe,1/8,16,1,0,5,764,234,764,512,511,512,512,12,robust_one_server_total,24.166,24.166,ms,internal_arithmetic_mean,reported,,robust sequential total,pfe_e8_m16_r1.stdout.log
pfe,1/8,16,1,0,5,764,234,764,512,511,512,512,12,all_virtual_shares_derived,86.528,86.528,ms,internal_arithmetic_mean,q_times_rounded_one_server_mean,,,pfe_e8_m16_r1.stdout.log
pfe,1/8,16,1,0,5,764,234,764,512,511,512,512,12,all_local_core_derived,107.52199999999999,107.52199999999999,ms,internal_arithmetic_mean,sum_with_q_times_rounded_one_server_mean,,,pfe_e8_m16_r1.stdout.log
pfe,1/8,16,1,0,5,764,234,764,512,511,512,512,12,all_local_robust_derived,110.524,110.524,ms,internal_arithmetic_mean,sum_with_q_times_rounded_one_server_mean,,,pfe_e8_m16_r1.stdout.log
btx,1/8,16,1,0,5,764,234,764,512,511,512,512,12,setup,142.822,142.822,ms,internal_arithmetic_mean,reported,,trusted key generation,btx_e8_m16_r1.stdout.log
btx,1/8,16,1,0,5,764,234,764,512,511,512,512,12,encryption,8.411,8.411,ms,internal_arithmetic_mean,reported,,encrypt batch,btx_e8_m16_r1.stdout.log
btx,1/8,16,1,0,5,764,234,764,512,511,512,512,12,encryption_per_item,0.526,0.526,ms/item,internal_arithmetic_mean,reported,16,encrypt batch,btx_e8_m16_r1.stdout.log
btx,1/8,16,1,0,5,764,234,764,512,511,512,512,12,fixed_kernel,6.544,6.544,ms,internal_arithmetic_mean,reported,,fixed G2 FFT kernel,btx_e8_m16_r1.stdout.log
btx,1/8,16,1,0,5,764,234,764,512,511,512,512,12,validation,0.352,0.352,ms,internal_arithmetic_mean,reported,,ctxtCheck(B),btx_e8_m16_r1.stdout.log
btx,1/8,16,1,0,5,764,234,764,512,511,512,512,12,validation_per_item,0.022,0.022,ms/item,internal_arithmetic_mean,reported,16,ctxtCheck(B),btx_e8_m16_r1.stdout.log
btx,1/8,16,1,0,5,764,234,764,512,511,512,512,12,precompute,8.583,8.583,ms,internal_arithmetic_mean,reported,,precompute(B),btx_e8_m16_r1.stdout.log
btx,1/8,16,1,0,5,764,234,764,512,511,512,512,12,precompute_per_item,0.536,0.536,ms/item,internal_arithmetic_mean,reported,16,precompute(B),btx_e8_m16_r1.stdout.log
btx,1/8,16,1,0,5,764,234,764,512,511,512,512,12,predec_one_virtual_server,0.191,0.191,ms,internal_arithmetic_mean,reported,,"partialDecrypt(B), one server",btx_e8_m16_r1.stdout.log
btx,1/8,16,1,0,5,764,234,764,512,511,512,512,12,predec_one_virtual_server_per_item,0.012,0.012,ms/item,internal_arithmetic_mean,reported,16,"partialDecrypt(B), one server",btx_e8_m16_r1.stdout.log
btx,1/8,16,1,0,5,764,234,764,512,511,512,512,12,combine,11.082,11.082,ms,internal_arithmetic_mean,reported,,combine(n),btx_e8_m16_r1.stdout.log
btx,1/8,16,1,0,5,764,234,764,512,511,512,512,12,combine_per_item,0.022,0.022,ms/item,internal_arithmetic_mean,reported,512,combine(n),btx_e8_m16_r1.stdout.log
btx,1/8,16,1,0,5,764,234,764,512,511,512,512,12,server_check,3.138,3.138,ms,internal_arithmetic_mean,reported,,"serverCheck(B,n)",btx_e8_m16_r1.stdout.log
btx,1/8,16,1,0,5,764,234,764,512,511,512,512,12,server_check_per_item,0.196,0.196,ms/item,internal_arithmetic_mean,reported,16,"serverCheck(B,n)",btx_e8_m16_r1.stdout.log
btx,1/8,16,1,0,5,764,234,764,512,511,512,512,12,opening,0.804,0.804,ms,internal_arithmetic_mean,reported,,open(B),btx_e8_m16_r1.stdout.log
btx,1/8,16,1,0,5,764,234,764,512,511,512,512,12,opening_per_item,0.05,0.05,ms/item,internal_arithmetic_mean,reported,16,open(B),btx_e8_m16_r1.stdout.log
btx,1/8,16,1,0,5,764,234,764,512,511,512,512,12,core_one_server_total,20.661,20.661,ms,internal_arithmetic_mean,reported,,core sequential total,btx_e8_m16_r1.stdout.log
btx,1/8,16,1,0,5,764,234,764,512,511,512,512,12,robust_one_server_total,24.151,24.151,ms,internal_arithmetic_mean,reported,,robust sequential total,btx_e8_m16_r1.stdout.log
btx,1/8,16,1,0,5,764,234,764,512,511,512,512,12,all_virtual_shares_derived,97.792,97.792,ms,internal_arithmetic_mean,q_times_rounded_one_server_mean,,,btx_e8_m16_r1.stdout.log
btx,1/8,16,1,0,5,764,234,764,512,511,512,512,12,all_local_core_derived,118.261,118.261,ms,internal_arithmetic_mean,sum_with_q_times_rounded_one_server_mean,,,btx_e8_m16_r1.stdout.log
btx,1/8,16,1,0,5,764,234,764,512,511,512,512,12,all_local_robust_derived,121.751,121.751,ms,internal_arithmetic_mean,sum_with_q_times_rounded_one_server_mean,,,btx_e8_m16_r1.stdout.log
beat,1/8,16,1,1,1,234,234,764,512,511,59,515,12,crs_setup,0.701,0.701,ms,single_observation,reported,,powers-of-tau CRS setup,beat_e8_m16_r1_s001.stdout.log
beat,1/8,16,1,1,1,234,234,764,512,511,59,515,12,setup,145.173,145.173,ms,single_observation,reported,,weighted master key generation,beat_e8_m16_r1_s001.stdout.log
beat,1/8,16,1,1,1,234,234,764,512,511,59,515,12,fixed_kernel,6.434,6.434,ms,single_observation,reported,,fixed G2 FFT kernel,beat_e8_m16_r1_s001.stdout.log
beat,1/8,16,1,1,1,234,234,764,512,511,59,515,12,encryption,1.42,1.42,ms,single_observation,reported,,encrypt batch,beat_e8_m16_r1_s001.stdout.log
beat,1/8,16,1,1,1,234,234,764,512,511,59,515,12,encryption_per_item,0.089,0.089,ms/item,single_observation,reported,16,encrypt batch,beat_e8_m16_r1_s001.stdout.log
beat,1/8,16,1,1,1,234,234,764,512,511,59,515,12,validation,0.482,0.482,ms,single_observation,reported,,client proof validation,beat_e8_m16_r1_s001.stdout.log
beat,1/8,16,1,1,1,234,234,764,512,511,59,515,12,validation_per_item,0.03,0.03,ms/item,single_observation,reported,16,client proof validation,beat_e8_m16_r1_s001.stdout.log
beat,1/8,16,1,1,1,234,234,764,512,511,59,515,12,predec_all_validators,3.657,3.657,ms,single_observation,reported,,"partial decryptions, all N parties",beat_e8_m16_r1_s001.stdout.log
beat,1/8,16,1,1,1,234,234,764,512,511,59,515,12,predec_all_validators_per_item,0.016,0.016,ms/item,single_observation,reported,234,"partial decryptions, all N parties",beat_e8_m16_r1_s001.stdout.log
beat,1/8,16,1,1,1,234,234,764,512,511,59,515,12,acceptance,4.782,4.782,ms,single_observation,reported,,all-N server proofs / select V,beat_e8_m16_r1_s001.stdout.log
beat,1/8,16,1,1,1,234,234,764,512,511,59,515,12,preparation,59.079,59.079,ms,single_observation,reported,,committee interpolation / G2 MSMs,beat_e8_m16_r1_s001.stdout.log
beat,1/8,16,1,1,1,234,234,764,512,511,59,515,12,precompute,8.606,8.606,ms,single_observation,reported,,cross-term precompute,beat_e8_m16_r1_s001.stdout.log
beat,1/8,16,1,1,1,234,234,764,512,511,59,515,12,precompute_per_item,0.538,0.538,ms/item,single_observation,reported,16,cross-term precompute,beat_e8_m16_r1_s001.stdout.log
beat,1/8,16,1,1,1,234,234,764,512,511,59,515,12,opening,14.068,14.068,ms,single_observation,reported,,weighted PRF opening / unmask,beat_e8_m16_r1_s001.stdout.log
beat,1/8,16,1,1,1,234,234,764,512,511,59,515,12,opening_per_item,0.879,0.879,ms/item,single_observation,reported,16,weighted PRF opening / unmask,beat_e8_m16_r1_s001.stdout.log
beat,1/8,16,1,1,1,234,234,764,512,511,59,515,12,cold_without_validation,90.192,90.192,ms,single_observation,reported,,post-validation cold-committee path,beat_e8_m16_r1_s001.stdout.log
beat,1/8,16,1,1,1,234,234,764,512,511,59,515,12,cached_without_validation,31.112,31.112,ms,single_observation,reported,,post-validation cached-committee path,beat_e8_m16_r1_s001.stdout.log
beat,1/8,16,1,1,1,234,234,764,512,511,59,515,12,cold_with_validation,90.674,90.674,ms,single_observation,reported,,full cold decryption incl client checks,beat_e8_m16_r1_s001.stdout.log
beat,1/8,16,1,1,1,234,234,764,512,511,59,515,12,cached_with_validation,31.595,31.595,ms,single_observation,reported,,full cached decryption incl client checks,beat_e8_m16_r1_s001.stdout.log
beat,1/8,16,1,1,1,234,234,764,512,511,59,515,12,dec_open,22.674,22.674,ms,single_observation,sum_of_rounded_phase_means,,,beat_e8_m16_r1_s001.stdout.log
beat,1/8,16,1,1,1,234,234,764,512,511,59,515,12,dec_total_without_validation,90.19200000000001,90.19200000000001,ms,single_observation,sum_of_rounded_phase_means,,,beat_e8_m16_r1_s001.stdout.log
beat,1/8,16,1,1,1,234,234,764,512,511,59,515,12,dec_cached_without_validation,31.113000000000007,31.113000000000007,ms,single_observation,sum_of_rounded_phase_means,,,beat_e8_m16_r1_s001.stdout.log
beat,1/8,16,1,2,1,234,234,764,512,511,59,515,12,crs_setup,0.68,0.68,ms,single_observation,reported,,powers-of-tau CRS setup,beat_e8_m16_r1_s002.stdout.log
beat,1/8,16,1,2,1,234,234,764,512,511,59,515,12,setup,134.645,134.645,ms,single_observation,reported,,weighted master key generation,beat_e8_m16_r1_s002.stdout.log
beat,1/8,16,1,2,1,234,234,764,512,511,59,515,12,fixed_kernel,6.196,6.196,ms,single_observation,reported,,fixed G2 FFT kernel,beat_e8_m16_r1_s002.stdout.log
beat,1/8,16,1,2,1,234,234,764,512,511,59,515,12,encryption,1.401,1.401,ms,single_observation,reported,,encrypt batch,beat_e8_m16_r1_s002.stdout.log
beat,1/8,16,1,2,1,234,234,764,512,511,59,515,12,encryption_per_item,0.088,0.088,ms/item,single_observation,reported,16,encrypt batch,beat_e8_m16_r1_s002.stdout.log
beat,1/8,16,1,2,1,234,234,764,512,511,59,515,12,validation,0.468,0.468,ms,single_observation,reported,,client proof validation,beat_e8_m16_r1_s002.stdout.log
beat,1/8,16,1,2,1,234,234,764,512,511,59,515,12,validation_per_item,0.029,0.029,ms/item,single_observation,reported,16,client proof validation,beat_e8_m16_r1_s002.stdout.log
beat,1/8,16,1,2,1,234,234,764,512,511,59,515,12,predec_all_validators,3.335,3.335,ms,single_observation,reported,,"partial decryptions, all N parties",beat_e8_m16_r1_s002.stdout.log
beat,1/8,16,1,2,1,234,234,764,512,511,59,515,12,predec_all_validators_per_item,0.014,0.014,ms/item,single_observation,reported,234,"partial decryptions, all N parties",beat_e8_m16_r1_s002.stdout.log
beat,1/8,16,1,2,1,234,234,764,512,511,59,515,12,acceptance,4.316,4.316,ms,single_observation,reported,,all-N server proofs / select V,beat_e8_m16_r1_s002.stdout.log
beat,1/8,16,1,2,1,234,234,764,512,511,59,515,12,preparation,54.352,54.352,ms,single_observation,reported,,committee interpolation / G2 MSMs,beat_e8_m16_r1_s002.stdout.log
beat,1/8,16,1,2,1,234,234,764,512,511,59,515,12,precompute,8.642,8.642,ms,single_observation,reported,,cross-term precompute,beat_e8_m16_r1_s002.stdout.log
beat,1/8,16,1,2,1,234,234,764,512,511,59,515,12,precompute_per_item,0.54,0.54,ms/item,single_observation,reported,16,cross-term precompute,beat_e8_m16_r1_s002.stdout.log
beat,1/8,16,1,2,1,234,234,764,512,511,59,515,12,opening,14.07,14.07,ms,single_observation,reported,,weighted PRF opening / unmask,beat_e8_m16_r1_s002.stdout.log
beat,1/8,16,1,2,1,234,234,764,512,511,59,515,12,opening_per_item,0.879,0.879,ms/item,single_observation,reported,16,weighted PRF opening / unmask,beat_e8_m16_r1_s002.stdout.log
beat,1/8,16,1,2,1,234,234,764,512,511,59,515,12,cold_without_validation,84.716,84.716,ms,single_observation,reported,,post-validation cold-committee path,beat_e8_m16_r1_s002.stdout.log
beat,1/8,16,1,2,1,234,234,764,512,511,59,515,12,cached_without_validation,30.364,30.364,ms,single_observation,reported,,post-validation cached-committee path,beat_e8_m16_r1_s002.stdout.log
beat,1/8,16,1,2,1,234,234,764,512,511,59,515,12,cold_with_validation,85.184,85.184,ms,single_observation,reported,,full cold decryption incl client checks,beat_e8_m16_r1_s002.stdout.log
beat,1/8,16,1,2,1,234,234,764,512,511,59,515,12,cached_with_validation,30.832,30.832,ms,single_observation,reported,,full cached decryption incl client checks,beat_e8_m16_r1_s002.stdout.log
beat,1/8,16,1,2,1,234,234,764,512,511,59,515,12,dec_open,22.712,22.712,ms,single_observation,sum_of_rounded_phase_means,,,beat_e8_m16_r1_s002.stdout.log
beat,1/8,16,1,2,1,234,234,764,512,511,59,515,12,dec_total_without_validation,84.715,84.715,ms,single_observation,sum_of_rounded_phase_means,,,beat_e8_m16_r1_s002.stdout.log
beat,1/8,16,1,2,1,234,234,764,512,511,59,515,12,dec_cached_without_validation,30.363000000000007,30.363000000000007,ms,single_observation,sum_of_rounded_phase_means,,,beat_e8_m16_r1_s002.stdout.log
beat,1/8,16,1,3,1,234,234,764,512,511,59,515,12,crs_setup,0.69,0.69,ms,single_observation,reported,,powers-of-tau CRS setup,beat_e8_m16_r1_s003.stdout.log
beat,1/8,16,1,3,1,234,234,764,512,511,59,515,12,setup,128.346,128.346,ms,single_observation,reported,,weighted master key generation,beat_e8_m16_r1_s003.stdout.log
beat,1/8,16,1,3,1,234,234,764,512,511,59,515,12,fixed_kernel,6.174,6.174,ms,single_observation,reported,,fixed G2 FFT kernel,beat_e8_m16_r1_s003.stdout.log
beat,1/8,16,1,3,1,234,234,764,512,511,59,515,12,encryption,1.386,1.386,ms,single_observation,reported,,encrypt batch,beat_e8_m16_r1_s003.stdout.log
beat,1/8,16,1,3,1,234,234,764,512,511,59,515,12,encryption_per_item,0.087,0.087,ms/item,single_observation,reported,16,encrypt batch,beat_e8_m16_r1_s003.stdout.log
beat,1/8,16,1,3,1,234,234,764,512,511,59,515,12,validation,0.471,0.471,ms,single_observation,reported,,client proof validation,beat_e8_m16_r1_s003.stdout.log
beat,1/8,16,1,3,1,234,234,764,512,511,59,515,12,validation_per_item,0.029,0.029,ms/item,single_observation,reported,16,client proof validation,beat_e8_m16_r1_s003.stdout.log
beat,1/8,16,1,3,1,234,234,764,512,511,59,515,12,predec_all_validators,3.305,3.305,ms,single_observation,reported,,"partial decryptions, all N parties",beat_e8_m16_r1_s003.stdout.log
beat,1/8,16,1,3,1,234,234,764,512,511,59,515,12,predec_all_validators_per_item,0.014,0.014,ms/item,single_observation,reported,234,"partial decryptions, all N parties",beat_e8_m16_r1_s003.stdout.log
beat,1/8,16,1,3,1,234,234,764,512,511,59,515,12,acceptance,4.296,4.296,ms,single_observation,reported,,all-N server proofs / select V,beat_e8_m16_r1_s003.stdout.log
beat,1/8,16,1,3,1,234,234,764,512,511,59,515,12,preparation,54.558,54.558,ms,single_observation,reported,,committee interpolation / G2 MSMs,beat_e8_m16_r1_s003.stdout.log
beat,1/8,16,1,3,1,234,234,764,512,511,59,515,12,precompute,8.642,8.642,ms,single_observation,reported,,cross-term precompute,beat_e8_m16_r1_s003.stdout.log
beat,1/8,16,1,3,1,234,234,764,512,511,59,515,12,precompute_per_item,0.54,0.54,ms/item,single_observation,reported,16,cross-term precompute,beat_e8_m16_r1_s003.stdout.log
beat,1/8,16,1,3,1,234,234,764,512,511,59,515,12,opening,14.135,14.135,ms,single_observation,reported,,weighted PRF opening / unmask,beat_e8_m16_r1_s003.stdout.log
beat,1/8,16,1,3,1,234,234,764,512,511,59,515,12,opening_per_item,0.883,0.883,ms/item,single_observation,reported,16,weighted PRF opening / unmask,beat_e8_m16_r1_s003.stdout.log
beat,1/8,16,1,3,1,234,234,764,512,511,59,515,12,cold_without_validation,84.936,84.936,ms,single_observation,reported,,post-validation cold-committee path,beat_e8_m16_r1_s003.stdout.log
beat,1/8,16,1,3,1,234,234,764,512,511,59,515,12,cached_without_validation,30.378,30.378,ms,single_observation,reported,,post-validation cached-committee path,beat_e8_m16_r1_s003.stdout.log
beat,1/8,16,1,3,1,234,234,764,512,511,59,515,12,cold_with_validation,85.407,85.407,ms,single_observation,reported,,full cold decryption incl client checks,beat_e8_m16_r1_s003.stdout.log
beat,1/8,16,1,3,1,234,234,764,512,511,59,515,12,cached_with_validation,30.849,30.849,ms,single_observation,reported,,full cached decryption incl client checks,beat_e8_m16_r1_s003.stdout.log
beat,1/8,16,1,3,1,234,234,764,512,511,59,515,12,dec_open,22.777,22.777,ms,single_observation,sum_of_rounded_phase_means,,,beat_e8_m16_r1_s003.stdout.log
beat,1/8,16,1,3,1,234,234,764,512,511,59,515,12,dec_total_without_validation,84.93599999999999,84.93599999999999,ms,single_observation,sum_of_rounded_phase_means,,,beat_e8_m16_r1_s003.stdout.log
beat,1/8,16,1,3,1,234,234,764,512,511,59,515,12,dec_cached_without_validation,30.377999999999993,30.377999999999993,ms,single_observation,sum_of_rounded_phase_means,,,beat_e8_m16_r1_s003.stdout.log
beat,1/8,16,1,4,1,234,234,764,512,511,59,515,12,crs_setup,0.55,0.55,ms,single_observation,reported,,powers-of-tau CRS setup,beat_e8_m16_r1_s004.stdout.log
beat,1/8,16,1,4,1,234,234,764,512,511,59,515,12,setup,125.537,125.537,ms,single_observation,reported,,weighted master key generation,beat_e8_m16_r1_s004.stdout.log
beat,1/8,16,1,4,1,234,234,764,512,511,59,515,12,fixed_kernel,6.212,6.212,ms,single_observation,reported,,fixed G2 FFT kernel,beat_e8_m16_r1_s004.stdout.log
beat,1/8,16,1,4,1,234,234,764,512,511,59,515,12,encryption,1.403,1.403,ms,single_observation,reported,,encrypt batch,beat_e8_m16_r1_s004.stdout.log
beat,1/8,16,1,4,1,234,234,764,512,511,59,515,12,encryption_per_item,0.088,0.088,ms/item,single_observation,reported,16,encrypt batch,beat_e8_m16_r1_s004.stdout.log
beat,1/8,16,1,4,1,234,234,764,512,511,59,515,12,validation,0.478,0.478,ms,single_observation,reported,,client proof validation,beat_e8_m16_r1_s004.stdout.log
beat,1/8,16,1,4,1,234,234,764,512,511,59,515,12,validation_per_item,0.03,0.03,ms/item,single_observation,reported,16,client proof validation,beat_e8_m16_r1_s004.stdout.log
beat,1/8,16,1,4,1,234,234,764,512,511,59,515,12,predec_all_validators,3.314,3.314,ms,single_observation,reported,,"partial decryptions, all N parties",beat_e8_m16_r1_s004.stdout.log
beat,1/8,16,1,4,1,234,234,764,512,511,59,515,12,predec_all_validators_per_item,0.014,0.014,ms/item,single_observation,reported,234,"partial decryptions, all N parties",beat_e8_m16_r1_s004.stdout.log
beat,1/8,16,1,4,1,234,234,764,512,511,59,515,12,acceptance,4.335,4.335,ms,single_observation,reported,,all-N server proofs / select V,beat_e8_m16_r1_s004.stdout.log
beat,1/8,16,1,4,1,234,234,764,512,511,59,515,12,preparation,54.586,54.586,ms,single_observation,reported,,committee interpolation / G2 MSMs,beat_e8_m16_r1_s004.stdout.log
beat,1/8,16,1,4,1,234,234,764,512,511,59,515,12,precompute,8.642,8.642,ms,single_observation,reported,,cross-term precompute,beat_e8_m16_r1_s004.stdout.log
beat,1/8,16,1,4,1,234,234,764,512,511,59,515,12,precompute_per_item,0.54,0.54,ms/item,single_observation,reported,16,cross-term precompute,beat_e8_m16_r1_s004.stdout.log
beat,1/8,16,1,4,1,234,234,764,512,511,59,515,12,opening,14.11,14.11,ms,single_observation,reported,,weighted PRF opening / unmask,beat_e8_m16_r1_s004.stdout.log
beat,1/8,16,1,4,1,234,234,764,512,511,59,515,12,opening_per_item,0.882,0.882,ms/item,single_observation,reported,16,weighted PRF opening / unmask,beat_e8_m16_r1_s004.stdout.log
beat,1/8,16,1,4,1,234,234,764,512,511,59,515,12,cold_without_validation,84.987,84.987,ms,single_observation,reported,,post-validation cold-committee path,beat_e8_m16_r1_s004.stdout.log
beat,1/8,16,1,4,1,234,234,764,512,511,59,515,12,cached_without_validation,30.4,30.4,ms,single_observation,reported,,post-validation cached-committee path,beat_e8_m16_r1_s004.stdout.log
beat,1/8,16,1,4,1,234,234,764,512,511,59,515,12,cold_with_validation,85.465,85.465,ms,single_observation,reported,,full cold decryption incl client checks,beat_e8_m16_r1_s004.stdout.log
beat,1/8,16,1,4,1,234,234,764,512,511,59,515,12,cached_with_validation,30.879,30.879,ms,single_observation,reported,,full cached decryption incl client checks,beat_e8_m16_r1_s004.stdout.log
beat,1/8,16,1,4,1,234,234,764,512,511,59,515,12,dec_open,22.752,22.752,ms,single_observation,sum_of_rounded_phase_means,,,beat_e8_m16_r1_s004.stdout.log
beat,1/8,16,1,4,1,234,234,764,512,511,59,515,12,dec_total_without_validation,84.987,84.987,ms,single_observation,sum_of_rounded_phase_means,,,beat_e8_m16_r1_s004.stdout.log
beat,1/8,16,1,4,1,234,234,764,512,511,59,515,12,dec_cached_without_validation,30.400999999999996,30.400999999999996,ms,single_observation,sum_of_rounded_phase_means,,,beat_e8_m16_r1_s004.stdout.log
beat,1/8,16,1,5,1,234,234,764,512,511,59,515,12,crs_setup,0.705,0.705,ms,single_observation,reported,,powers-of-tau CRS setup,beat_e8_m16_r1_s005.stdout.log
beat,1/8,16,1,5,1,234,234,764,512,511,59,515,12,setup,137.659,137.659,ms,single_observation,reported,,weighted master key generation,beat_e8_m16_r1_s005.stdout.log
beat,1/8,16,1,5,1,234,234,764,512,511,59,515,12,fixed_kernel,6.161,6.161,ms,single_observation,reported,,fixed G2 FFT kernel,beat_e8_m16_r1_s005.stdout.log
beat,1/8,16,1,5,1,234,234,764,512,511,59,515,12,encryption,1.404,1.404,ms,single_observation,reported,,encrypt batch,beat_e8_m16_r1_s005.stdout.log
beat,1/8,16,1,5,1,234,234,764,512,511,59,515,12,encryption_per_item,0.088,0.088,ms/item,single_observation,reported,16,encrypt batch,beat_e8_m16_r1_s005.stdout.log
beat,1/8,16,1,5,1,234,234,764,512,511,59,515,12,validation,0.478,0.478,ms,single_observation,reported,,client proof validation,beat_e8_m16_r1_s005.stdout.log
beat,1/8,16,1,5,1,234,234,764,512,511,59,515,12,validation_per_item,0.03,0.03,ms/item,single_observation,reported,16,client proof validation,beat_e8_m16_r1_s005.stdout.log
beat,1/8,16,1,5,1,234,234,764,512,511,59,515,12,predec_all_validators,3.344,3.344,ms,single_observation,reported,,"partial decryptions, all N parties",beat_e8_m16_r1_s005.stdout.log
beat,1/8,16,1,5,1,234,234,764,512,511,59,515,12,predec_all_validators_per_item,0.014,0.014,ms/item,single_observation,reported,234,"partial decryptions, all N parties",beat_e8_m16_r1_s005.stdout.log
beat,1/8,16,1,5,1,234,234,764,512,511,59,515,12,acceptance,4.337,4.337,ms,single_observation,reported,,all-N server proofs / select V,beat_e8_m16_r1_s005.stdout.log
beat,1/8,16,1,5,1,234,234,764,512,511,59,515,12,preparation,54.084,54.084,ms,single_observation,reported,,committee interpolation / G2 MSMs,beat_e8_m16_r1_s005.stdout.log
beat,1/8,16,1,5,1,234,234,764,512,511,59,515,12,precompute,8.65,8.65,ms,single_observation,reported,,cross-term precompute,beat_e8_m16_r1_s005.stdout.log
beat,1/8,16,1,5,1,234,234,764,512,511,59,515,12,precompute_per_item,0.541,0.541,ms/item,single_observation,reported,16,cross-term precompute,beat_e8_m16_r1_s005.stdout.log
beat,1/8,16,1,5,1,234,234,764,512,511,59,515,12,opening,14.096,14.096,ms,single_observation,reported,,weighted PRF opening / unmask,beat_e8_m16_r1_s005.stdout.log
beat,1/8,16,1,5,1,234,234,764,512,511,59,515,12,opening_per_item,0.881,0.881,ms/item,single_observation,reported,16,weighted PRF opening / unmask,beat_e8_m16_r1_s005.stdout.log
beat,1/8,16,1,5,1,234,234,764,512,511,59,515,12,cold_without_validation,84.512,84.512,ms,single_observation,reported,,post-validation cold-committee path,beat_e8_m16_r1_s005.stdout.log
beat,1/8,16,1,5,1,234,234,764,512,511,59,515,12,cached_without_validation,30.427,30.427,ms,single_observation,reported,,post-validation cached-committee path,beat_e8_m16_r1_s005.stdout.log
beat,1/8,16,1,5,1,234,234,764,512,511,59,515,12,cold_with_validation,84.989,84.989,ms,single_observation,reported,,full cold decryption incl client checks,beat_e8_m16_r1_s005.stdout.log
beat,1/8,16,1,5,1,234,234,764,512,511,59,515,12,cached_with_validation,30.905,30.905,ms,single_observation,reported,,full cached decryption incl client checks,beat_e8_m16_r1_s005.stdout.log
beat,1/8,16,1,5,1,234,234,764,512,511,59,515,12,dec_open,22.746000000000002,22.746000000000002,ms,single_observation,sum_of_rounded_phase_means,,,beat_e8_m16_r1_s005.stdout.log
beat,1/8,16,1,5,1,234,234,764,512,511,59,515,12,dec_total_without_validation,84.51100000000001,84.51100000000001,ms,single_observation,sum_of_rounded_phase_means,,,beat_e8_m16_r1_s005.stdout.log
beat,1/8,16,1,5,1,234,234,764,512,511,59,515,12,dec_cached_without_validation,30.427000000000007,30.427000000000007,ms,single_observation,sum_of_rounded_phase_means,,,beat_e8_m16_r1_s005.stdout.log
pfe,1/16,16,1,0,5,1580,419,1580,1060,1059,1060,1060,12,setup,348.351,348.351,ms,internal_arithmetic_mean,reported,,trusted key generation,pfe_e16_m16_r1.stdout.log
pfe,1/16,16,1,0,5,1580,419,1580,1060,1059,1060,1060,12,encryption,1.308,1.308,ms,internal_arithmetic_mean,reported,,encrypt batch,pfe_e16_m16_r1.stdout.log
pfe,1/16,16,1,0,5,1580,419,1580,1060,1059,1060,1060,12,encryption_per_item,0.082,0.082,ms/item,internal_arithmetic_mean,reported,16,encrypt batch,pfe_e16_m16_r1.stdout.log
pfe,1/16,16,1,0,5,1580,419,1580,1060,1059,1060,1060,12,fixed_kernel,9.835,9.835,ms,internal_arithmetic_mean,reported,,fixed PFE FFT/G2 kernel,pfe_e16_m16_r1.stdout.log
pfe,1/16,16,1,0,5,1580,419,1580,1060,1059,1060,1060,12,validation,0.472,0.472,ms,internal_arithmetic_mean,reported,,ctxtCheck(B),pfe_e16_m16_r1.stdout.log
pfe,1/16,16,1,0,5,1580,419,1580,1060,1059,1060,1060,12,validation_per_item,0.03,0.03,ms/item,internal_arithmetic_mean,reported,16,ctxtCheck(B),pfe_e16_m16_r1.stdout.log
pfe,1/16,16,1,0,5,1580,419,1580,1060,1059,1060,1060,12,precompute,7.714,7.714,ms,internal_arithmetic_mean,reported,,precompute(B),pfe_e16_m16_r1.stdout.log
pfe,1/16,16,1,0,5,1580,419,1580,1060,1059,1060,1060,12,precompute_per_item,0.482,0.482,ms/item,internal_arithmetic_mean,reported,16,precompute(B),pfe_e16_m16_r1.stdout.log
pfe,1/16,16,1,0,5,1580,419,1580,1060,1059,1060,1060,12,predec_one_virtual_server,0.171,0.171,ms,internal_arithmetic_mean,reported,,"partialDecrypt(B), one server",pfe_e16_m16_r1.stdout.log
pfe,1/16,16,1,0,5,1580,419,1580,1060,1059,1060,1060,12,predec_one_virtual_server_per_item,0.011,0.011,ms/item,internal_arithmetic_mean,reported,16,"partialDecrypt(B), one server",pfe_e16_m16_r1.stdout.log
pfe,1/16,16,1,0,5,1580,419,1580,1060,1059,1060,1060,12,combine,45.781,45.781,ms,internal_arithmetic_mean,reported,,combine(n),pfe_e16_m16_r1.stdout.log
pfe,1/16,16,1,0,5,1580,419,1580,1060,1059,1060,1060,12,combine_per_item,0.043,0.043,ms/item,internal_arithmetic_mean,reported,1060,combine(n),pfe_e16_m16_r1.stdout.log
pfe,1/16,16,1,0,5,1580,419,1580,1060,1059,1060,1060,12,server_check,2.495,2.495,ms,internal_arithmetic_mean,reported,,"serverCheck(B,n)",pfe_e16_m16_r1.stdout.log
pfe,1/16,16,1,0,5,1580,419,1580,1060,1059,1060,1060,12,server_check_per_item,0.156,0.156,ms/item,internal_arithmetic_mean,reported,16,"serverCheck(B,n)",pfe_e16_m16_r1.stdout.log
pfe,1/16,16,1,0,5,1580,419,1580,1060,1059,1060,1060,12,opening,2.137,2.137,ms,internal_arithmetic_mean,reported,,"open(B), fused 3-pair path",pfe_e16_m16_r1.stdout.log
pfe,1/16,16,1,0,5,1580,419,1580,1060,1059,1060,1060,12,opening_per_item,0.134,0.134,ms/item,internal_arithmetic_mean,reported,16,"open(B), fused 3-pair path",pfe_e16_m16_r1.stdout.log
pfe,1/16,16,1,0,5,1580,419,1580,1060,1059,1060,1060,12,core_one_server_total,55.803,55.803,ms,internal_arithmetic_mean,reported,,core sequential total,pfe_e16_m16_r1.stdout.log
pfe,1/16,16,1,0,5,1580,419,1580,1060,1059,1060,1060,12,robust_one_server_total,58.771,58.771,ms,internal_arithmetic_mean,reported,,robust sequential total,pfe_e16_m16_r1.stdout.log
pfe,1/16,16,1,0,5,1580,419,1580,1060,1059,1060,1060,12,all_virtual_shares_derived,181.26000000000002,181.26000000000002,ms,internal_arithmetic_mean,q_times_rounded_one_server_mean,,,pfe_e16_m16_r1.stdout.log
pfe,1/16,16,1,0,5,1580,419,1580,1060,1059,1060,1060,12,all_local_core_derived,236.89200000000002,236.89200000000002,ms,internal_arithmetic_mean,sum_with_q_times_rounded_one_server_mean,,,pfe_e16_m16_r1.stdout.log
pfe,1/16,16,1,0,5,1580,419,1580,1060,1059,1060,1060,12,all_local_robust_derived,239.85900000000004,239.85900000000004,ms,internal_arithmetic_mean,sum_with_q_times_rounded_one_server_mean,,,pfe_e16_m16_r1.stdout.log
btx,1/16,16,1,0,5,1580,419,1580,1060,1059,1060,1060,12,setup,335.501,335.501,ms,internal_arithmetic_mean,reported,,trusted key generation,btx_e16_m16_r1.stdout.log
btx,1/16,16,1,0,5,1580,419,1580,1060,1059,1060,1060,12,encryption,8.452,8.452,ms,internal_arithmetic_mean,reported,,encrypt batch,btx_e16_m16_r1.stdout.log
btx,1/16,16,1,0,5,1580,419,1580,1060,1059,1060,1060,12,encryption_per_item,0.528,0.528,ms/item,internal_arithmetic_mean,reported,16,encrypt batch,btx_e16_m16_r1.stdout.log
btx,1/16,16,1,0,5,1580,419,1580,1060,1059,1060,1060,12,fixed_kernel,6.59,6.59,ms,internal_arithmetic_mean,reported,,fixed G2 FFT kernel,btx_e16_m16_r1.stdout.log
btx,1/16,16,1,0,5,1580,419,1580,1060,1059,1060,1060,12,validation,0.361,0.361,ms,internal_arithmetic_mean,reported,,ctxtCheck(B),btx_e16_m16_r1.stdout.log
btx,1/16,16,1,0,5,1580,419,1580,1060,1059,1060,1060,12,validation_per_item,0.023,0.023,ms/item,internal_arithmetic_mean,reported,16,ctxtCheck(B),btx_e16_m16_r1.stdout.log
btx,1/16,16,1,0,5,1580,419,1580,1060,1059,1060,1060,12,precompute,8.6,8.6,ms,internal_arithmetic_mean,reported,,precompute(B),btx_e16_m16_r1.stdout.log
btx,1/16,16,1,0,5,1580,419,1580,1060,1059,1060,1060,12,precompute_per_item,0.538,0.538,ms/item,internal_arithmetic_mean,reported,16,precompute(B),btx_e16_m16_r1.stdout.log
btx,1/16,16,1,0,5,1580,419,1580,1060,1059,1060,1060,12,predec_one_virtual_server,0.17,0.17,ms,internal_arithmetic_mean,reported,,"partialDecrypt(B), one server",btx_e16_m16_r1.stdout.log
btx,1/16,16,1,0,5,1580,419,1580,1060,1059,1060,1060,12,predec_one_virtual_server_per_item,0.011,0.011,ms/item,internal_arithmetic_mean,reported,16,"partialDecrypt(B), one server",btx_e16_m16_r1.stdout.log
btx,1/16,16,1,0,5,1580,419,1580,1060,1059,1060,1060,12,combine,45.561,45.561,ms,internal_arithmetic_mean,reported,,combine(n),btx_e16_m16_r1.stdout.log
btx,1/16,16,1,0,5,1580,419,1580,1060,1059,1060,1060,12,combine_per_item,0.043,0.043,ms/item,internal_arithmetic_mean,reported,1060,combine(n),btx_e16_m16_r1.stdout.log
btx,1/16,16,1,0,5,1580,419,1580,1060,1059,1060,1060,12,server_check,3.128,3.128,ms,internal_arithmetic_mean,reported,,"serverCheck(B,n)",btx_e16_m16_r1.stdout.log
btx,1/16,16,1,0,5,1580,419,1580,1060,1059,1060,1060,12,server_check_per_item,0.196,0.196,ms/item,internal_arithmetic_mean,reported,16,"serverCheck(B,n)",btx_e16_m16_r1.stdout.log
btx,1/16,16,1,0,5,1580,419,1580,1060,1059,1060,1060,12,opening,0.764,0.764,ms,internal_arithmetic_mean,reported,,open(B),btx_e16_m16_r1.stdout.log
btx,1/16,16,1,0,5,1580,419,1580,1060,1059,1060,1060,12,opening_per_item,0.048,0.048,ms/item,internal_arithmetic_mean,reported,16,open(B),btx_e16_m16_r1.stdout.log
btx,1/16,16,1,0,5,1580,419,1580,1060,1059,1060,1060,12,core_one_server_total,55.095,55.095,ms,internal_arithmetic_mean,reported,,core sequential total,btx_e16_m16_r1.stdout.log
btx,1/16,16,1,0,5,1580,419,1580,1060,1059,1060,1060,12,robust_one_server_total,58.585,58.585,ms,internal_arithmetic_mean,reported,,robust sequential total,btx_e16_m16_r1.stdout.log
btx,1/16,16,1,0,5,1580,419,1580,1060,1059,1060,1060,12,all_virtual_shares_derived,180.20000000000002,180.20000000000002,ms,internal_arithmetic_mean,q_times_rounded_one_server_mean,,,btx_e16_m16_r1.stdout.log
btx,1/16,16,1,0,5,1580,419,1580,1060,1059,1060,1060,12,all_local_core_derived,235.12500000000003,235.12500000000003,ms,internal_arithmetic_mean,sum_with_q_times_rounded_one_server_mean,,,btx_e16_m16_r1.stdout.log
btx,1/16,16,1,0,5,1580,419,1580,1060,1059,1060,1060,12,all_local_robust_derived,238.61400000000003,238.61400000000003,ms,internal_arithmetic_mean,sum_with_q_times_rounded_one_server_mean,,,btx_e16_m16_r1.stdout.log
beat,1/16,16,1,1,1,419,419,1580,1060,1059,76,1062,12,crs_setup,0.651,0.651,ms,single_observation,reported,,powers-of-tau CRS setup,beat_e16_m16_r1_s001.stdout.log
beat,1/16,16,1,1,1,419,419,1580,1060,1059,76,1062,12,setup,273.967,273.967,ms,single_observation,reported,,weighted master key generation,beat_e16_m16_r1_s001.stdout.log
beat,1/16,16,1,1,1,419,419,1580,1060,1059,76,1062,12,fixed_kernel,6.489,6.489,ms,single_observation,reported,,fixed G2 FFT kernel,beat_e16_m16_r1_s001.stdout.log
beat,1/16,16,1,1,1,419,419,1580,1060,1059,76,1062,12,encryption,1.397,1.397,ms,single_observation,reported,,encrypt batch,beat_e16_m16_r1_s001.stdout.log
beat,1/16,16,1,1,1,419,419,1580,1060,1059,76,1062,12,encryption_per_item,0.087,0.087,ms/item,single_observation,reported,16,encrypt batch,beat_e16_m16_r1_s001.stdout.log
beat,1/16,16,1,1,1,419,419,1580,1060,1059,76,1062,12,validation,0.478,0.478,ms,single_observation,reported,,client proof validation,beat_e16_m16_r1_s001.stdout.log
beat,1/16,16,1,1,1,419,419,1580,1060,1059,76,1062,12,validation_per_item,0.03,0.03,ms/item,single_observation,reported,16,client proof validation,beat_e16_m16_r1_s001.stdout.log
beat,1/16,16,1,1,1,419,419,1580,1060,1059,76,1062,12,predec_all_validators,5.788,5.788,ms,single_observation,reported,,"partial decryptions, all N parties",beat_e16_m16_r1_s001.stdout.log
beat,1/16,16,1,1,1,419,419,1580,1060,1059,76,1062,12,predec_all_validators_per_item,0.014,0.014,ms/item,single_observation,reported,419,"partial decryptions, all N parties",beat_e16_m16_r1_s001.stdout.log
beat,1/16,16,1,1,1,419,419,1580,1060,1059,76,1062,12,acceptance,7.537,7.537,ms,single_observation,reported,,all-N server proofs / select V,beat_e16_m16_r1_s001.stdout.log
beat,1/16,16,1,1,1,419,419,1580,1060,1059,76,1062,12,preparation,110.394,110.394,ms,single_observation,reported,,committee interpolation / G2 MSMs,beat_e16_m16_r1_s001.stdout.log
beat,1/16,16,1,1,1,419,419,1580,1060,1059,76,1062,12,precompute,8.636,8.636,ms,single_observation,reported,,cross-term precompute,beat_e16_m16_r1_s001.stdout.log
beat,1/16,16,1,1,1,419,419,1580,1060,1059,76,1062,12,precompute_per_item,0.54,0.54,ms/item,single_observation,reported,16,cross-term precompute,beat_e16_m16_r1_s001.stdout.log
beat,1/16,16,1,1,1,419,419,1580,1060,1059,76,1062,12,opening,17.928,17.928,ms,single_observation,reported,,weighted PRF opening / unmask,beat_e16_m16_r1_s001.stdout.log
beat,1/16,16,1,1,1,419,419,1580,1060,1059,76,1062,12,opening_per_item,1.121,1.121,ms/item,single_observation,reported,16,weighted PRF opening / unmask,beat_e16_m16_r1_s001.stdout.log
beat,1/16,16,1,1,1,419,419,1580,1060,1059,76,1062,12,cold_without_validation,150.283,150.283,ms,single_observation,reported,,post-validation cold-committee path,beat_e16_m16_r1_s001.stdout.log
beat,1/16,16,1,1,1,419,419,1580,1060,1059,76,1062,12,cached_without_validation,39.89,39.89,ms,single_observation,reported,,post-validation cached-committee path,beat_e16_m16_r1_s001.stdout.log
beat,1/16,16,1,1,1,419,419,1580,1060,1059,76,1062,12,cold_with_validation,150.761,150.761,ms,single_observation,reported,,full cold decryption incl client checks,beat_e16_m16_r1_s001.stdout.log
beat,1/16,16,1,1,1,419,419,1580,1060,1059,76,1062,12,cached_with_validation,40.367,40.367,ms,single_observation,reported,,full cached decryption incl client checks,beat_e16_m16_r1_s001.stdout.log
beat,1/16,16,1,1,1,419,419,1580,1060,1059,76,1062,12,dec_open,26.564,26.564,ms,single_observation,sum_of_rounded_phase_means,,,beat_e16_m16_r1_s001.stdout.log
beat,1/16,16,1,1,1,419,419,1580,1060,1059,76,1062,12,dec_total_without_validation,150.28300000000002,150.28300000000002,ms,single_observation,sum_of_rounded_phase_means,,,beat_e16_m16_r1_s001.stdout.log
beat,1/16,16,1,1,1,419,419,1580,1060,1059,76,1062,12,dec_cached_without_validation,39.88900000000001,39.88900000000001,ms,single_observation,sum_of_rounded_phase_means,,,beat_e16_m16_r1_s001.stdout.log
beat,1/16,16,1,2,1,419,419,1580,1060,1059,76,1062,12,crs_setup,0.662,0.662,ms,single_observation,reported,,powers-of-tau CRS setup,beat_e16_m16_r1_s002.stdout.log
beat,1/16,16,1,2,1,419,419,1580,1060,1059,76,1062,12,setup,281.414,281.414,ms,single_observation,reported,,weighted master key generation,beat_e16_m16_r1_s002.stdout.log
beat,1/16,16,1,2,1,419,419,1580,1060,1059,76,1062,12,fixed_kernel,6.146,6.146,ms,single_observation,reported,,fixed G2 FFT kernel,beat_e16_m16_r1_s002.stdout.log
beat,1/16,16,1,2,1,419,419,1580,1060,1059,76,1062,12,encryption,1.403,1.403,ms,single_observation,reported,,encrypt batch,beat_e16_m16_r1_s002.stdout.log
beat,1/16,16,1,2,1,419,419,1580,1060,1059,76,1062,12,encryption_per_item,0.088,0.088,ms/item,single_observation,reported,16,encrypt batch,beat_e16_m16_r1_s002.stdout.log
beat,1/16,16,1,2,1,419,419,1580,1060,1059,76,1062,12,validation,0.474,0.474,ms,single_observation,reported,,client proof validation,beat_e16_m16_r1_s002.stdout.log
beat,1/16,16,1,2,1,419,419,1580,1060,1059,76,1062,12,validation_per_item,0.03,0.03,ms/item,single_observation,reported,16,client proof validation,beat_e16_m16_r1_s002.stdout.log
beat,1/16,16,1,2,1,419,419,1580,1060,1059,76,1062,12,predec_all_validators,5.749,5.749,ms,single_observation,reported,,"partial decryptions, all N parties",beat_e16_m16_r1_s002.stdout.log
beat,1/16,16,1,2,1,419,419,1580,1060,1059,76,1062,12,predec_all_validators_per_item,0.014,0.014,ms/item,single_observation,reported,419,"partial decryptions, all N parties",beat_e16_m16_r1_s002.stdout.log
beat,1/16,16,1,2,1,419,419,1580,1060,1059,76,1062,12,acceptance,7.534,7.534,ms,single_observation,reported,,all-N server proofs / select V,beat_e16_m16_r1_s002.stdout.log
beat,1/16,16,1,2,1,419,419,1580,1060,1059,76,1062,12,preparation,102.025,102.025,ms,single_observation,reported,,committee interpolation / G2 MSMs,beat_e16_m16_r1_s002.stdout.log
beat,1/16,16,1,2,1,419,419,1580,1060,1059,76,1062,12,precompute,8.596,8.596,ms,single_observation,reported,,cross-term precompute,beat_e16_m16_r1_s002.stdout.log
beat,1/16,16,1,2,1,419,419,1580,1060,1059,76,1062,12,precompute_per_item,0.537,0.537,ms/item,single_observation,reported,16,cross-term precompute,beat_e16_m16_r1_s002.stdout.log
beat,1/16,16,1,2,1,419,419,1580,1060,1059,76,1062,12,opening,17.934,17.934,ms,single_observation,reported,,weighted PRF opening / unmask,beat_e16_m16_r1_s002.stdout.log
beat,1/16,16,1,2,1,419,419,1580,1060,1059,76,1062,12,opening_per_item,1.121,1.121,ms/item,single_observation,reported,16,weighted PRF opening / unmask,beat_e16_m16_r1_s002.stdout.log
beat,1/16,16,1,2,1,419,419,1580,1060,1059,76,1062,12,cold_without_validation,141.839,141.839,ms,single_observation,reported,,post-validation cold-committee path,beat_e16_m16_r1_s002.stdout.log
beat,1/16,16,1,2,1,419,419,1580,1060,1059,76,1062,12,cached_without_validation,39.814,39.814,ms,single_observation,reported,,post-validation cached-committee path,beat_e16_m16_r1_s002.stdout.log
beat,1/16,16,1,2,1,419,419,1580,1060,1059,76,1062,12,cold_with_validation,142.313,142.313,ms,single_observation,reported,,full cold decryption incl client checks,beat_e16_m16_r1_s002.stdout.log
beat,1/16,16,1,2,1,419,419,1580,1060,1059,76,1062,12,cached_with_validation,40.288,40.288,ms,single_observation,reported,,full cached decryption incl client checks,beat_e16_m16_r1_s002.stdout.log
beat,1/16,16,1,2,1,419,419,1580,1060,1059,76,1062,12,dec_open,26.53,26.53,ms,single_observation,sum_of_rounded_phase_means,,,beat_e16_m16_r1_s002.stdout.log
beat,1/16,16,1,2,1,419,419,1580,1060,1059,76,1062,12,dec_total_without_validation,141.838,141.838,ms,single_observation,sum_of_rounded_phase_means,,,beat_e16_m16_r1_s002.stdout.log
beat,1/16,16,1,2,1,419,419,1580,1060,1059,76,1062,12,dec_cached_without_validation,39.81299999999999,39.81299999999999,ms,single_observation,sum_of_rounded_phase_means,,,beat_e16_m16_r1_s002.stdout.log
beat,1/16,16,1,3,1,419,419,1580,1060,1059,76,1062,12,crs_setup,0.673,0.673,ms,single_observation,reported,,powers-of-tau CRS setup,beat_e16_m16_r1_s003.stdout.log
beat,1/16,16,1,3,1,419,419,1580,1060,1059,76,1062,12,setup,264.831,264.831,ms,single_observation,reported,,weighted master key generation,beat_e16_m16_r1_s003.stdout.log
beat,1/16,16,1,3,1,419,419,1580,1060,1059,76,1062,12,fixed_kernel,6.316,6.316,ms,single_observation,reported,,fixed G2 FFT kernel,beat_e16_m16_r1_s003.stdout.log
beat,1/16,16,1,3,1,419,419,1580,1060,1059,76,1062,12,encryption,1.413,1.413,ms,single_observation,reported,,encrypt batch,beat_e16_m16_r1_s003.stdout.log
beat,1/16,16,1,3,1,419,419,1580,1060,1059,76,1062,12,encryption_per_item,0.088,0.088,ms/item,single_observation,reported,16,encrypt batch,beat_e16_m16_r1_s003.stdout.log
beat,1/16,16,1,3,1,419,419,1580,1060,1059,76,1062,12,validation,0.486,0.486,ms,single_observation,reported,,client proof validation,beat_e16_m16_r1_s003.stdout.log
beat,1/16,16,1,3,1,419,419,1580,1060,1059,76,1062,12,validation_per_item,0.03,0.03,ms/item,single_observation,reported,16,client proof validation,beat_e16_m16_r1_s003.stdout.log
beat,1/16,16,1,3,1,419,419,1580,1060,1059,76,1062,12,predec_all_validators,5.83,5.83,ms,single_observation,reported,,"partial decryptions, all N parties",beat_e16_m16_r1_s003.stdout.log
beat,1/16,16,1,3,1,419,419,1580,1060,1059,76,1062,12,predec_all_validators_per_item,0.014,0.014,ms/item,single_observation,reported,419,"partial decryptions, all N parties",beat_e16_m16_r1_s003.stdout.log
beat,1/16,16,1,3,1,419,419,1580,1060,1059,76,1062,12,acceptance,7.575,7.575,ms,single_observation,reported,,all-N server proofs / select V,beat_e16_m16_r1_s003.stdout.log
beat,1/16,16,1,3,1,419,419,1580,1060,1059,76,1062,12,preparation,111.635,111.635,ms,single_observation,reported,,committee interpolation / G2 MSMs,beat_e16_m16_r1_s003.stdout.log
beat,1/16,16,1,3,1,419,419,1580,1060,1059,76,1062,12,precompute,8.637,8.637,ms,single_observation,reported,,cross-term precompute,beat_e16_m16_r1_s003.stdout.log
beat,1/16,16,1,3,1,419,419,1580,1060,1059,76,1062,12,precompute_per_item,0.54,0.54,ms/item,single_observation,reported,16,cross-term precompute,beat_e16_m16_r1_s003.stdout.log
beat,1/16,16,1,3,1,419,419,1580,1060,1059,76,1062,12,opening,17.872,17.872,ms,single_observation,reported,,weighted PRF opening / unmask,beat_e16_m16_r1_s003.stdout.log
beat,1/16,16,1,3,1,419,419,1580,1060,1059,76,1062,12,opening_per_item,1.117,1.117,ms/item,single_observation,reported,16,weighted PRF opening / unmask,beat_e16_m16_r1_s003.stdout.log
beat,1/16,16,1,3,1,419,419,1580,1060,1059,76,1062,12,cold_without_validation,151.55,151.55,ms,single_observation,reported,,post-validation cold-committee path,beat_e16_m16_r1_s003.stdout.log
beat,1/16,16,1,3,1,419,419,1580,1060,1059,76,1062,12,cached_without_validation,39.915,39.915,ms,single_observation,reported,,post-validation cached-committee path,beat_e16_m16_r1_s003.stdout.log
beat,1/16,16,1,3,1,419,419,1580,1060,1059,76,1062,12,cold_with_validation,152.036,152.036,ms,single_observation,reported,,full cold decryption incl client checks,beat_e16_m16_r1_s003.stdout.log
beat,1/16,16,1,3,1,419,419,1580,1060,1059,76,1062,12,cached_with_validation,40.401,40.401,ms,single_observation,reported,,full cached decryption incl client checks,beat_e16_m16_r1_s003.stdout.log
beat,1/16,16,1,3,1,419,419,1580,1060,1059,76,1062,12,dec_open,26.509,26.509,ms,single_observation,sum_of_rounded_phase_means,,,beat_e16_m16_r1_s003.stdout.log
beat,1/16,16,1,3,1,419,419,1580,1060,1059,76,1062,12,dec_total_without_validation,151.549,151.549,ms,single_observation,sum_of_rounded_phase_means,,,beat_e16_m16_r1_s003.stdout.log
beat,1/16,16,1,3,1,419,419,1580,1060,1059,76,1062,12,dec_cached_without_validation,39.914,39.914,ms,single_observation,sum_of_rounded_phase_means,,,beat_e16_m16_r1_s003.stdout.log
beat,1/16,16,1,4,1,419,419,1580,1060,1059,76,1062,12,crs_setup,0.544,0.544,ms,single_observation,reported,,powers-of-tau CRS setup,beat_e16_m16_r1_s004.stdout.log
beat,1/16,16,1,4,1,419,419,1580,1060,1059,76,1062,12,setup,254.06,254.06,ms,single_observation,reported,,weighted master key generation,beat_e16_m16_r1_s004.stdout.log
beat,1/16,16,1,4,1,419,419,1580,1060,1059,76,1062,12,fixed_kernel,6.135,6.135,ms,single_observation,reported,,fixed G2 FFT kernel,beat_e16_m16_r1_s004.stdout.log
beat,1/16,16,1,4,1,419,419,1580,1060,1059,76,1062,12,encryption,1.421,1.421,ms,single_observation,reported,,encrypt batch,beat_e16_m16_r1_s004.stdout.log
beat,1/16,16,1,4,1,419,419,1580,1060,1059,76,1062,12,encryption_per_item,0.089,0.089,ms/item,single_observation,reported,16,encrypt batch,beat_e16_m16_r1_s004.stdout.log
beat,1/16,16,1,4,1,419,419,1580,1060,1059,76,1062,12,validation,0.479,0.479,ms,single_observation,reported,,client proof validation,beat_e16_m16_r1_s004.stdout.log
beat,1/16,16,1,4,1,419,419,1580,1060,1059,76,1062,12,validation_per_item,0.03,0.03,ms/item,single_observation,reported,16,client proof validation,beat_e16_m16_r1_s004.stdout.log
beat,1/16,16,1,4,1,419,419,1580,1060,1059,76,1062,12,predec_all_validators,5.82,5.82,ms,single_observation,reported,,"partial decryptions, all N parties",beat_e16_m16_r1_s004.stdout.log
beat,1/16,16,1,4,1,419,419,1580,1060,1059,76,1062,12,predec_all_validators_per_item,0.014,0.014,ms/item,single_observation,reported,419,"partial decryptions, all N parties",beat_e16_m16_r1_s004.stdout.log
beat,1/16,16,1,4,1,419,419,1580,1060,1059,76,1062,12,acceptance,7.569,7.569,ms,single_observation,reported,,all-N server proofs / select V,beat_e16_m16_r1_s004.stdout.log
beat,1/16,16,1,4,1,419,419,1580,1060,1059,76,1062,12,preparation,101.557,101.557,ms,single_observation,reported,,committee interpolation / G2 MSMs,beat_e16_m16_r1_s004.stdout.log
beat,1/16,16,1,4,1,419,419,1580,1060,1059,76,1062,12,precompute,8.627,8.627,ms,single_observation,reported,,cross-term precompute,beat_e16_m16_r1_s004.stdout.log
beat,1/16,16,1,4,1,419,419,1580,1060,1059,76,1062,12,precompute_per_item,0.539,0.539,ms/item,single_observation,reported,16,cross-term precompute,beat_e16_m16_r1_s004.stdout.log
beat,1/16,16,1,4,1,419,419,1580,1060,1059,76,1062,12,opening,17.926,17.926,ms,single_observation,reported,,weighted PRF opening / unmask,beat_e16_m16_r1_s004.stdout.log
beat,1/16,16,1,4,1,419,419,1580,1060,1059,76,1062,12,opening_per_item,1.12,1.12,ms/item,single_observation,reported,16,weighted PRF opening / unmask,beat_e16_m16_r1_s004.stdout.log
beat,1/16,16,1,4,1,419,419,1580,1060,1059,76,1062,12,cold_without_validation,141.499,141.499,ms,single_observation,reported,,post-validation cold-committee path,beat_e16_m16_r1_s004.stdout.log
beat,1/16,16,1,4,1,419,419,1580,1060,1059,76,1062,12,cached_without_validation,39.942,39.942,ms,single_observation,reported,,post-validation cached-committee path,beat_e16_m16_r1_s004.stdout.log
beat,1/16,16,1,4,1,419,419,1580,1060,1059,76,1062,12,cold_with_validation,141.978,141.978,ms,single_observation,reported,,full cold decryption incl client checks,beat_e16_m16_r1_s004.stdout.log
beat,1/16,16,1,4,1,419,419,1580,1060,1059,76,1062,12,cached_with_validation,40.421,40.421,ms,single_observation,reported,,full cached decryption incl client checks,beat_e16_m16_r1_s004.stdout.log
beat,1/16,16,1,4,1,419,419,1580,1060,1059,76,1062,12,dec_open,26.552999999999997,26.552999999999997,ms,single_observation,sum_of_rounded_phase_means,,,beat_e16_m16_r1_s004.stdout.log
beat,1/16,16,1,4,1,419,419,1580,1060,1059,76,1062,12,dec_total_without_validation,141.499,141.499,ms,single_observation,sum_of_rounded_phase_means,,,beat_e16_m16_r1_s004.stdout.log
beat,1/16,16,1,4,1,419,419,1580,1060,1059,76,1062,12,dec_cached_without_validation,39.94199999999999,39.94199999999999,ms,single_observation,sum_of_rounded_phase_means,,,beat_e16_m16_r1_s004.stdout.log
beat,1/16,16,1,5,1,419,419,1580,1060,1059,76,1062,12,crs_setup,0.678,0.678,ms,single_observation,reported,,powers-of-tau CRS setup,beat_e16_m16_r1_s005.stdout.log
beat,1/16,16,1,5,1,419,419,1580,1060,1059,76,1062,12,setup,281.206,281.206,ms,single_observation,reported,,weighted master key generation,beat_e16_m16_r1_s005.stdout.log
beat,1/16,16,1,5,1,419,419,1580,1060,1059,76,1062,12,fixed_kernel,6.176,6.176,ms,single_observation,reported,,fixed G2 FFT kernel,beat_e16_m16_r1_s005.stdout.log
beat,1/16,16,1,5,1,419,419,1580,1060,1059,76,1062,12,encryption,1.392,1.392,ms,single_observation,reported,,encrypt batch,beat_e16_m16_r1_s005.stdout.log
beat,1/16,16,1,5,1,419,419,1580,1060,1059,76,1062,12,encryption_per_item,0.087,0.087,ms/item,single_observation,reported,16,encrypt batch,beat_e16_m16_r1_s005.stdout.log
beat,1/16,16,1,5,1,419,419,1580,1060,1059,76,1062,12,validation,0.478,0.478,ms,single_observation,reported,,client proof validation,beat_e16_m16_r1_s005.stdout.log
beat,1/16,16,1,5,1,419,419,1580,1060,1059,76,1062,12,validation_per_item,0.03,0.03,ms/item,single_observation,reported,16,client proof validation,beat_e16_m16_r1_s005.stdout.log
beat,1/16,16,1,5,1,419,419,1580,1060,1059,76,1062,12,predec_all_validators,5.766,5.766,ms,single_observation,reported,,"partial decryptions, all N parties",beat_e16_m16_r1_s005.stdout.log
beat,1/16,16,1,5,1,419,419,1580,1060,1059,76,1062,12,predec_all_validators_per_item,0.014,0.014,ms/item,single_observation,reported,419,"partial decryptions, all N parties",beat_e16_m16_r1_s005.stdout.log
beat,1/16,16,1,5,1,419,419,1580,1060,1059,76,1062,12,acceptance,7.536,7.536,ms,single_observation,reported,,all-N server proofs / select V,beat_e16_m16_r1_s005.stdout.log
beat,1/16,16,1,5,1,419,419,1580,1060,1059,76,1062,12,preparation,101.956,101.956,ms,single_observation,reported,,committee interpolation / G2 MSMs,beat_e16_m16_r1_s005.stdout.log
beat,1/16,16,1,5,1,419,419,1580,1060,1059,76,1062,12,precompute,8.666,8.666,ms,single_observation,reported,,cross-term precompute,beat_e16_m16_r1_s005.stdout.log
beat,1/16,16,1,5,1,419,419,1580,1060,1059,76,1062,12,precompute_per_item,0.542,0.542,ms/item,single_observation,reported,16,cross-term precompute,beat_e16_m16_r1_s005.stdout.log
beat,1/16,16,1,5,1,419,419,1580,1060,1059,76,1062,12,opening,17.976,17.976,ms,single_observation,reported,,weighted PRF opening / unmask,beat_e16_m16_r1_s005.stdout.log
beat,1/16,16,1,5,1,419,419,1580,1060,1059,76,1062,12,opening_per_item,1.123,1.123,ms/item,single_observation,reported,16,weighted PRF opening / unmask,beat_e16_m16_r1_s005.stdout.log
beat,1/16,16,1,5,1,419,419,1580,1060,1059,76,1062,12,cold_without_validation,141.9,141.9,ms,single_observation,reported,,post-validation cold-committee path,beat_e16_m16_r1_s005.stdout.log
beat,1/16,16,1,5,1,419,419,1580,1060,1059,76,1062,12,cached_without_validation,39.944,39.944,ms,single_observation,reported,,post-validation cached-committee path,beat_e16_m16_r1_s005.stdout.log
beat,1/16,16,1,5,1,419,419,1580,1060,1059,76,1062,12,cold_with_validation,142.379,142.379,ms,single_observation,reported,,full cold decryption incl client checks,beat_e16_m16_r1_s005.stdout.log
beat,1/16,16,1,5,1,419,419,1580,1060,1059,76,1062,12,cached_with_validation,40.422,40.422,ms,single_observation,reported,,full cached decryption incl client checks,beat_e16_m16_r1_s005.stdout.log
beat,1/16,16,1,5,1,419,419,1580,1060,1059,76,1062,12,dec_open,26.642,26.642,ms,single_observation,sum_of_rounded_phase_means,,,beat_e16_m16_r1_s005.stdout.log
beat,1/16,16,1,5,1,419,419,1580,1060,1059,76,1062,12,dec_total_without_validation,141.9,141.9,ms,single_observation,sum_of_rounded_phase_means,,,beat_e16_m16_r1_s005.stdout.log
beat,1/16,16,1,5,1,419,419,1580,1060,1059,76,1062,12,dec_cached_without_validation,39.944,39.944,ms,single_observation,sum_of_rounded_phase_means,,,beat_e16_m16_r1_s005.stdout.log
pfe,1/32,16,1,0,5,3063,598,3063,2044,2043,2044,2044,12,setup,841.502,841.502,ms,internal_arithmetic_mean,reported,,trusted key generation,pfe_e32_m16_r1.stdout.log
pfe,1/32,16,1,0,5,3063,598,3063,2044,2043,2044,2044,12,encryption,1.313,1.313,ms,internal_arithmetic_mean,reported,,encrypt batch,pfe_e32_m16_r1.stdout.log
pfe,1/32,16,1,0,5,3063,598,3063,2044,2043,2044,2044,12,encryption_per_item,0.082,0.082,ms/item,internal_arithmetic_mean,reported,16,encrypt batch,pfe_e32_m16_r1.stdout.log
pfe,1/32,16,1,0,5,3063,598,3063,2044,2043,2044,2044,12,fixed_kernel,9.824,9.824,ms,internal_arithmetic_mean,reported,,fixed PFE FFT/G2 kernel,pfe_e32_m16_r1.stdout.log
pfe,1/32,16,1,0,5,3063,598,3063,2044,2043,2044,2044,12,validation,0.505,0.505,ms,internal_arithmetic_mean,reported,,ctxtCheck(B),pfe_e32_m16_r1.stdout.log
pfe,1/32,16,1,0,5,3063,598,3063,2044,2043,2044,2044,12,validation_per_item,0.032,0.032,ms/item,internal_arithmetic_mean,reported,16,ctxtCheck(B),pfe_e32_m16_r1.stdout.log
pfe,1/32,16,1,0,5,3063,598,3063,2044,2043,2044,2044,12,precompute,7.721,7.721,ms,internal_arithmetic_mean,reported,,precompute(B),pfe_e32_m16_r1.stdout.log
pfe,1/32,16,1,0,5,3063,598,3063,2044,2043,2044,2044,12,precompute_per_item,0.483,0.483,ms/item,internal_arithmetic_mean,reported,16,precompute(B),pfe_e32_m16_r1.stdout.log
pfe,1/32,16,1,0,5,3063,598,3063,2044,2043,2044,2044,12,predec_one_virtual_server,0.172,0.172,ms,internal_arithmetic_mean,reported,,"partialDecrypt(B), one server",pfe_e32_m16_r1.stdout.log
pfe,1/32,16,1,0,5,3063,598,3063,2044,2043,2044,2044,12,predec_one_virtual_server_per_item,0.011,0.011,ms/item,internal_arithmetic_mean,reported,16,"partialDecrypt(B), one server",pfe_e32_m16_r1.stdout.log
pfe,1/32,16,1,0,5,3063,598,3063,2044,2043,2044,2044,12,combine,163.825,163.825,ms,internal_arithmetic_mean,reported,,combine(n),pfe_e32_m16_r1.stdout.log
pfe,1/32,16,1,0,5,3063,598,3063,2044,2043,2044,2044,12,combine_per_item,0.08,0.08,ms/item,internal_arithmetic_mean,reported,2044,combine(n),pfe_e32_m16_r1.stdout.log
pfe,1/32,16,1,0,5,3063,598,3063,2044,2043,2044,2044,12,server_check,2.458,2.458,ms,internal_arithmetic_mean,reported,,"serverCheck(B,n)",pfe_e32_m16_r1.stdout.log
pfe,1/32,16,1,0,5,3063,598,3063,2044,2043,2044,2044,12,server_check_per_item,0.154,0.154,ms/item,internal_arithmetic_mean,reported,16,"serverCheck(B,n)",pfe_e32_m16_r1.stdout.log
pfe,1/32,16,1,0,5,3063,598,3063,2044,2043,2044,2044,12,opening,2.102,2.102,ms,internal_arithmetic_mean,reported,,"open(B), fused 3-pair path",pfe_e32_m16_r1.stdout.log
pfe,1/32,16,1,0,5,3063,598,3063,2044,2043,2044,2044,12,opening_per_item,0.131,0.131,ms/item,internal_arithmetic_mean,reported,16,"open(B), fused 3-pair path",pfe_e32_m16_r1.stdout.log
pfe,1/32,16,1,0,5,3063,598,3063,2044,2043,2044,2044,12,core_one_server_total,173.82,173.82,ms,internal_arithmetic_mean,reported,,core sequential total,pfe_e32_m16_r1.stdout.log
pfe,1/32,16,1,0,5,3063,598,3063,2044,2043,2044,2044,12,robust_one_server_total,176.783,176.783,ms,internal_arithmetic_mean,reported,,robust sequential total,pfe_e32_m16_r1.stdout.log
pfe,1/32,16,1,0,5,3063,598,3063,2044,2043,2044,2044,12,all_virtual_shares_derived,351.568,351.568,ms,internal_arithmetic_mean,q_times_rounded_one_server_mean,,,pfe_e32_m16_r1.stdout.log
pfe,1/32,16,1,0,5,3063,598,3063,2044,2043,2044,2044,12,all_local_core_derived,525.216,525.216,ms,internal_arithmetic_mean,sum_with_q_times_rounded_one_server_mean,,,pfe_e32_m16_r1.stdout.log
pfe,1/32,16,1,0,5,3063,598,3063,2044,2043,2044,2044,12,all_local_robust_derived,528.179,528.179,ms,internal_arithmetic_mean,sum_with_q_times_rounded_one_server_mean,,,pfe_e32_m16_r1.stdout.log
btx,1/32,16,1,0,5,3063,598,3063,2044,2043,2044,2044,12,setup,822.688,822.688,ms,internal_arithmetic_mean,reported,,trusted key generation,btx_e32_m16_r1.stdout.log
btx,1/32,16,1,0,5,3063,598,3063,2044,2043,2044,2044,12,encryption,8.443,8.443,ms,internal_arithmetic_mean,reported,,encrypt batch,btx_e32_m16_r1.stdout.log
btx,1/32,16,1,0,5,3063,598,3063,2044,2043,2044,2044,12,encryption_per_item,0.528,0.528,ms/item,internal_arithmetic_mean,reported,16,encrypt batch,btx_e32_m16_r1.stdout.log
btx,1/32,16,1,0,5,3063,598,3063,2044,2043,2044,2044,12,fixed_kernel,6.504,6.504,ms,internal_arithmetic_mean,reported,,fixed G2 FFT kernel,btx_e32_m16_r1.stdout.log
btx,1/32,16,1,0,5,3063,598,3063,2044,2043,2044,2044,12,validation,0.355,0.355,ms,internal_arithmetic_mean,reported,,ctxtCheck(B),btx_e32_m16_r1.stdout.log
btx,1/32,16,1,0,5,3063,598,3063,2044,2043,2044,2044,12,validation_per_item,0.022,0.022,ms/item,internal_arithmetic_mean,reported,16,ctxtCheck(B),btx_e32_m16_r1.stdout.log
btx,1/32,16,1,0,5,3063,598,3063,2044,2043,2044,2044,12,precompute,8.61,8.61,ms,internal_arithmetic_mean,reported,,precompute(B),btx_e32_m16_r1.stdout.log
btx,1/32,16,1,0,5,3063,598,3063,2044,2043,2044,2044,12,precompute_per_item,0.538,0.538,ms/item,internal_arithmetic_mean,reported,16,precompute(B),btx_e32_m16_r1.stdout.log
btx,1/32,16,1,0,5,3063,598,3063,2044,2043,2044,2044,12,predec_one_virtual_server,0.17,0.17,ms,internal_arithmetic_mean,reported,,"partialDecrypt(B), one server",btx_e32_m16_r1.stdout.log
btx,1/32,16,1,0,5,3063,598,3063,2044,2043,2044,2044,12,predec_one_virtual_server_per_item,0.011,0.011,ms/item,internal_arithmetic_mean,reported,16,"partialDecrypt(B), one server",btx_e32_m16_r1.stdout.log
btx,1/32,16,1,0,5,3063,598,3063,2044,2043,2044,2044,12,combine,163.064,163.064,ms,internal_arithmetic_mean,reported,,combine(n),btx_e32_m16_r1.stdout.log
btx,1/32,16,1,0,5,3063,598,3063,2044,2043,2044,2044,12,combine_per_item,0.08,0.08,ms/item,internal_arithmetic_mean,reported,2044,combine(n),btx_e32_m16_r1.stdout.log
btx,1/32,16,1,0,5,3063,598,3063,2044,2043,2044,2044,12,server_check,3.065,3.065,ms,internal_arithmetic_mean,reported,,"serverCheck(B,n)",btx_e32_m16_r1.stdout.log
btx,1/32,16,1,0,5,3063,598,3063,2044,2043,2044,2044,12,server_check_per_item,0.192,0.192,ms/item,internal_arithmetic_mean,reported,16,"serverCheck(B,n)",btx_e32_m16_r1.stdout.log
btx,1/32,16,1,0,5,3063,598,3063,2044,2043,2044,2044,12,opening,0.829,0.829,ms,internal_arithmetic_mean,reported,,open(B),btx_e32_m16_r1.stdout.log
btx,1/32,16,1,0,5,3063,598,3063,2044,2043,2044,2044,12,opening_per_item,0.052,0.052,ms/item,internal_arithmetic_mean,reported,16,open(B),btx_e32_m16_r1.stdout.log
btx,1/32,16,1,0,5,3063,598,3063,2044,2043,2044,2044,12,core_one_server_total,172.673,172.673,ms,internal_arithmetic_mean,reported,,core sequential total,btx_e32_m16_r1.stdout.log
btx,1/32,16,1,0,5,3063,598,3063,2044,2043,2044,2044,12,robust_one_server_total,176.093,176.093,ms,internal_arithmetic_mean,reported,,robust sequential total,btx_e32_m16_r1.stdout.log
btx,1/32,16,1,0,5,3063,598,3063,2044,2043,2044,2044,12,all_virtual_shares_derived,347.48,347.48,ms,internal_arithmetic_mean,q_times_rounded_one_server_mean,,,btx_e32_m16_r1.stdout.log
btx,1/32,16,1,0,5,3063,598,3063,2044,2043,2044,2044,12,all_local_core_derived,519.983,519.983,ms,internal_arithmetic_mean,sum_with_q_times_rounded_one_server_mean,,,btx_e32_m16_r1.stdout.log
btx,1/32,16,1,0,5,3063,598,3063,2044,2043,2044,2044,12,all_local_robust_derived,523.403,523.403,ms,internal_arithmetic_mean,sum_with_q_times_rounded_one_server_mean,,,btx_e32_m16_r1.stdout.log
beat,1/32,16,1,1,1,598,598,3063,2044,2043,79,2046,12,crs_setup,0.685,0.685,ms,single_observation,reported,,powers-of-tau CRS setup,beat_e32_m16_r1_s001.stdout.log
beat,1/32,16,1,1,1,598,598,3063,2044,2043,79,2046,12,setup,511.539,511.539,ms,single_observation,reported,,weighted master key generation,beat_e32_m16_r1_s001.stdout.log
beat,1/32,16,1,1,1,598,598,3063,2044,2043,79,2046,12,fixed_kernel,6.167,6.167,ms,single_observation,reported,,fixed G2 FFT kernel,beat_e32_m16_r1_s001.stdout.log
beat,1/32,16,1,1,1,598,598,3063,2044,2043,79,2046,12,encryption,1.407,1.407,ms,single_observation,reported,,encrypt batch,beat_e32_m16_r1_s001.stdout.log
beat,1/32,16,1,1,1,598,598,3063,2044,2043,79,2046,12,encryption_per_item,0.088,0.088,ms/item,single_observation,reported,16,encrypt batch,beat_e32_m16_r1_s001.stdout.log
beat,1/32,16,1,1,1,598,598,3063,2044,2043,79,2046,12,validation,0.468,0.468,ms,single_observation,reported,,client proof validation,beat_e32_m16_r1_s001.stdout.log
beat,1/32,16,1,1,1,598,598,3063,2044,2043,79,2046,12,validation_per_item,0.029,0.029,ms/item,single_observation,reported,16,client proof validation,beat_e32_m16_r1_s001.stdout.log
beat,1/32,16,1,1,1,598,598,3063,2044,2043,79,2046,12,predec_all_validators,8.261,8.261,ms,single_observation,reported,,"partial decryptions, all N parties",beat_e32_m16_r1_s001.stdout.log
beat,1/32,16,1,1,1,598,598,3063,2044,2043,79,2046,12,predec_all_validators_per_item,0.014,0.014,ms/item,single_observation,reported,598,"partial decryptions, all N parties",beat_e32_m16_r1_s001.stdout.log
beat,1/32,16,1,1,1,598,598,3063,2044,2043,79,2046,12,acceptance,10.88,10.88,ms,single_observation,reported,,all-N server proofs / select V,beat_e32_m16_r1_s001.stdout.log
beat,1/32,16,1,1,1,598,598,3063,2044,2043,79,2046,12,preparation,170.864,170.864,ms,single_observation,reported,,committee interpolation / G2 MSMs,beat_e32_m16_r1_s001.stdout.log
beat,1/32,16,1,1,1,598,598,3063,2044,2043,79,2046,12,precompute,8.662,8.662,ms,single_observation,reported,,cross-term precompute,beat_e32_m16_r1_s001.stdout.log
beat,1/32,16,1,1,1,598,598,3063,2044,2043,79,2046,12,precompute_per_item,0.541,0.541,ms/item,single_observation,reported,16,cross-term precompute,beat_e32_m16_r1_s001.stdout.log
beat,1/32,16,1,1,1,598,598,3063,2044,2043,79,2046,12,opening,18.594,18.594,ms,single_observation,reported,,weighted PRF opening / unmask,beat_e32_m16_r1_s001.stdout.log
beat,1/32,16,1,1,1,598,598,3063,2044,2043,79,2046,12,opening_per_item,1.162,1.162,ms/item,single_observation,reported,16,weighted PRF opening / unmask,beat_e32_m16_r1_s001.stdout.log
beat,1/32,16,1,1,1,598,598,3063,2044,2043,79,2046,12,cold_without_validation,217.262,217.262,ms,single_observation,reported,,post-validation cold-committee path,beat_e32_m16_r1_s001.stdout.log
beat,1/32,16,1,1,1,598,598,3063,2044,2043,79,2046,12,cached_without_validation,46.398,46.398,ms,single_observation,reported,,post-validation cached-committee path,beat_e32_m16_r1_s001.stdout.log
beat,1/32,16,1,1,1,598,598,3063,2044,2043,79,2046,12,cold_with_validation,217.729,217.729,ms,single_observation,reported,,full cold decryption incl client checks,beat_e32_m16_r1_s001.stdout.log
beat,1/32,16,1,1,1,598,598,3063,2044,2043,79,2046,12,cached_with_validation,46.865,46.865,ms,single_observation,reported,,full cached decryption incl client checks,beat_e32_m16_r1_s001.stdout.log
beat,1/32,16,1,1,1,598,598,3063,2044,2043,79,2046,12,dec_open,27.256,27.256,ms,single_observation,sum_of_rounded_phase_means,,,beat_e32_m16_r1_s001.stdout.log
beat,1/32,16,1,1,1,598,598,3063,2044,2043,79,2046,12,dec_total_without_validation,217.261,217.261,ms,single_observation,sum_of_rounded_phase_means,,,beat_e32_m16_r1_s001.stdout.log
beat,1/32,16,1,1,1,598,598,3063,2044,2043,79,2046,12,dec_cached_without_validation,46.39699999999999,46.39699999999999,ms,single_observation,sum_of_rounded_phase_means,,,beat_e32_m16_r1_s001.stdout.log
beat,1/32,16,1,2,1,598,598,3063,2044,2043,79,2046,12,crs_setup,0.652,0.652,ms,single_observation,reported,,powers-of-tau CRS setup,beat_e32_m16_r1_s002.stdout.log
beat,1/32,16,1,2,1,598,598,3063,2044,2043,79,2046,12,setup,489.821,489.821,ms,single_observation,reported,,weighted master key generation,beat_e32_m16_r1_s002.stdout.log
beat,1/32,16,1,2,1,598,598,3063,2044,2043,79,2046,12,fixed_kernel,6.166,6.166,ms,single_observation,reported,,fixed G2 FFT kernel,beat_e32_m16_r1_s002.stdout.log
beat,1/32,16,1,2,1,598,598,3063,2044,2043,79,2046,12,encryption,1.406,1.406,ms,single_observation,reported,,encrypt batch,beat_e32_m16_r1_s002.stdout.log
beat,1/32,16,1,2,1,598,598,3063,2044,2043,79,2046,12,encryption_per_item,0.088,0.088,ms/item,single_observation,reported,16,encrypt batch,beat_e32_m16_r1_s002.stdout.log
beat,1/32,16,1,2,1,598,598,3063,2044,2043,79,2046,12,validation,0.475,0.475,ms,single_observation,reported,,client proof validation,beat_e32_m16_r1_s002.stdout.log
beat,1/32,16,1,2,1,598,598,3063,2044,2043,79,2046,12,validation_per_item,0.03,0.03,ms/item,single_observation,reported,16,client proof validation,beat_e32_m16_r1_s002.stdout.log
beat,1/32,16,1,2,1,598,598,3063,2044,2043,79,2046,12,predec_all_validators,8.417,8.417,ms,single_observation,reported,,"partial decryptions, all N parties",beat_e32_m16_r1_s002.stdout.log
beat,1/32,16,1,2,1,598,598,3063,2044,2043,79,2046,12,predec_all_validators_per_item,0.014,0.014,ms/item,single_observation,reported,598,"partial decryptions, all N parties",beat_e32_m16_r1_s002.stdout.log
beat,1/32,16,1,2,1,598,598,3063,2044,2043,79,2046,12,acceptance,10.787,10.787,ms,single_observation,reported,,all-N server proofs / select V,beat_e32_m16_r1_s002.stdout.log
beat,1/32,16,1,2,1,598,598,3063,2044,2043,79,2046,12,preparation,169.587,169.587,ms,single_observation,reported,,committee interpolation / G2 MSMs,beat_e32_m16_r1_s002.stdout.log
beat,1/32,16,1,2,1,598,598,3063,2044,2043,79,2046,12,precompute,8.655,8.655,ms,single_observation,reported,,cross-term precompute,beat_e32_m16_r1_s002.stdout.log
beat,1/32,16,1,2,1,598,598,3063,2044,2043,79,2046,12,precompute_per_item,0.541,0.541,ms/item,single_observation,reported,16,cross-term precompute,beat_e32_m16_r1_s002.stdout.log
beat,1/32,16,1,2,1,598,598,3063,2044,2043,79,2046,12,opening,18.549,18.549,ms,single_observation,reported,,weighted PRF opening / unmask,beat_e32_m16_r1_s002.stdout.log
beat,1/32,16,1,2,1,598,598,3063,2044,2043,79,2046,12,opening_per_item,1.159,1.159,ms/item,single_observation,reported,16,weighted PRF opening / unmask,beat_e32_m16_r1_s002.stdout.log
beat,1/32,16,1,2,1,598,598,3063,2044,2043,79,2046,12,cold_without_validation,215.994,215.994,ms,single_observation,reported,,post-validation cold-committee path,beat_e32_m16_r1_s002.stdout.log
beat,1/32,16,1,2,1,598,598,3063,2044,2043,79,2046,12,cached_without_validation,46.408,46.408,ms,single_observation,reported,,post-validation cached-committee path,beat_e32_m16_r1_s002.stdout.log
beat,1/32,16,1,2,1,598,598,3063,2044,2043,79,2046,12,cold_with_validation,216.47,216.47,ms,single_observation,reported,,full cold decryption incl client checks,beat_e32_m16_r1_s002.stdout.log
beat,1/32,16,1,2,1,598,598,3063,2044,2043,79,2046,12,cached_with_validation,46.883,46.883,ms,single_observation,reported,,full cached decryption incl client checks,beat_e32_m16_r1_s002.stdout.log
beat,1/32,16,1,2,1,598,598,3063,2044,2043,79,2046,12,dec_open,27.204,27.204,ms,single_observation,sum_of_rounded_phase_means,,,beat_e32_m16_r1_s002.stdout.log
beat,1/32,16,1,2,1,598,598,3063,2044,2043,79,2046,12,dec_total_without_validation,215.99499999999998,215.99499999999998,ms,single_observation,sum_of_rounded_phase_means,,,beat_e32_m16_r1_s002.stdout.log
beat,1/32,16,1,2,1,598,598,3063,2044,2043,79,2046,12,dec_cached_without_validation,46.40799999999999,46.40799999999999,ms,single_observation,sum_of_rounded_phase_means,,,beat_e32_m16_r1_s002.stdout.log
beat,1/32,16,1,3,1,598,598,3063,2044,2043,79,2046,12,crs_setup,0.56,0.56,ms,single_observation,reported,,powers-of-tau CRS setup,beat_e32_m16_r1_s003.stdout.log
beat,1/32,16,1,3,1,598,598,3063,2044,2043,79,2046,12,setup,489.996,489.996,ms,single_observation,reported,,weighted master key generation,beat_e32_m16_r1_s003.stdout.log
beat,1/32,16,1,3,1,598,598,3063,2044,2043,79,2046,12,fixed_kernel,6.176,6.176,ms,single_observation,reported,,fixed G2 FFT kernel,beat_e32_m16_r1_s003.stdout.log
beat,1/32,16,1,3,1,598,598,3063,2044,2043,79,2046,12,encryption,1.411,1.411,ms,single_observation,reported,,encrypt batch,beat_e32_m16_r1_s003.stdout.log
beat,1/32,16,1,3,1,598,598,3063,2044,2043,79,2046,12,encryption_per_item,0.088,0.088,ms/item,single_observation,reported,16,encrypt batch,beat_e32_m16_r1_s003.stdout.log
beat,1/32,16,1,3,1,598,598,3063,2044,2043,79,2046,12,validation,0.482,0.482,ms,single_observation,reported,,client proof validation,beat_e32_m16_r1_s003.stdout.log
beat,1/32,16,1,3,1,598,598,3063,2044,2043,79,2046,12,validation_per_item,0.03,0.03,ms/item,single_observation,reported,16,client proof validation,beat_e32_m16_r1_s003.stdout.log
beat,1/32,16,1,3,1,598,598,3063,2044,2043,79,2046,12,predec_all_validators,8.424,8.424,ms,single_observation,reported,,"partial decryptions, all N parties",beat_e32_m16_r1_s003.stdout.log
beat,1/32,16,1,3,1,598,598,3063,2044,2043,79,2046,12,predec_all_validators_per_item,0.014,0.014,ms/item,single_observation,reported,598,"partial decryptions, all N parties",beat_e32_m16_r1_s003.stdout.log
beat,1/32,16,1,3,1,598,598,3063,2044,2043,79,2046,12,acceptance,10.781,10.781,ms,single_observation,reported,,all-N server proofs / select V,beat_e32_m16_r1_s003.stdout.log
beat,1/32,16,1,3,1,598,598,3063,2044,2043,79,2046,12,preparation,169.765,169.765,ms,single_observation,reported,,committee interpolation / G2 MSMs,beat_e32_m16_r1_s003.stdout.log
beat,1/32,16,1,3,1,598,598,3063,2044,2043,79,2046,12,precompute,8.642,8.642,ms,single_observation,reported,,cross-term precompute,beat_e32_m16_r1_s003.stdout.log
beat,1/32,16,1,3,1,598,598,3063,2044,2043,79,2046,12,precompute_per_item,0.54,0.54,ms/item,single_observation,reported,16,cross-term precompute,beat_e32_m16_r1_s003.stdout.log
beat,1/32,16,1,3,1,598,598,3063,2044,2043,79,2046,12,opening,18.579,18.579,ms,single_observation,reported,,weighted PRF opening / unmask,beat_e32_m16_r1_s003.stdout.log
beat,1/32,16,1,3,1,598,598,3063,2044,2043,79,2046,12,opening_per_item,1.161,1.161,ms/item,single_observation,reported,16,weighted PRF opening / unmask,beat_e32_m16_r1_s003.stdout.log
beat,1/32,16,1,3,1,598,598,3063,2044,2043,79,2046,12,cold_without_validation,216.191,216.191,ms,single_observation,reported,,post-validation cold-committee path,beat_e32_m16_r1_s003.stdout.log
beat,1/32,16,1,3,1,598,598,3063,2044,2043,79,2046,12,cached_without_validation,46.426,46.426,ms,single_observation,reported,,post-validation cached-committee path,beat_e32_m16_r1_s003.stdout.log
beat,1/32,16,1,3,1,598,598,3063,2044,2043,79,2046,12,cold_with_validation,216.673,216.673,ms,single_observation,reported,,full cold decryption incl client checks,beat_e32_m16_r1_s003.stdout.log
beat,1/32,16,1,3,1,598,598,3063,2044,2043,79,2046,12,cached_with_validation,46.908,46.908,ms,single_observation,reported,,full cached decryption incl client checks,beat_e32_m16_r1_s003.stdout.log
beat,1/32,16,1,3,1,598,598,3063,2044,2043,79,2046,12,dec_open,27.221,27.221,ms,single_observation,sum_of_rounded_phase_means,,,beat_e32_m16_r1_s003.stdout.log
beat,1/32,16,1,3,1,598,598,3063,2044,2043,79,2046,12,dec_total_without_validation,216.19099999999997,216.19099999999997,ms,single_observation,sum_of_rounded_phase_means,,,beat_e32_m16_r1_s003.stdout.log
beat,1/32,16,1,3,1,598,598,3063,2044,2043,79,2046,12,dec_cached_without_validation,46.42599999999999,46.42599999999999,ms,single_observation,sum_of_rounded_phase_means,,,beat_e32_m16_r1_s003.stdout.log
beat,1/32,16,1,4,1,598,598,3063,2044,2043,79,2046,12,crs_setup,0.543,0.543,ms,single_observation,reported,,powers-of-tau CRS setup,beat_e32_m16_r1_s004.stdout.log
beat,1/32,16,1,4,1,598,598,3063,2044,2043,79,2046,12,setup,506.102,506.102,ms,single_observation,reported,,weighted master key generation,beat_e32_m16_r1_s004.stdout.log
beat,1/32,16,1,4,1,598,598,3063,2044,2043,79,2046,12,fixed_kernel,6.152,6.152,ms,single_observation,reported,,fixed G2 FFT kernel,beat_e32_m16_r1_s004.stdout.log
beat,1/32,16,1,4,1,598,598,3063,2044,2043,79,2046,12,encryption,1.407,1.407,ms,single_observation,reported,,encrypt batch,beat_e32_m16_r1_s004.stdout.log
beat,1/32,16,1,4,1,598,598,3063,2044,2043,79,2046,12,encryption_per_item,0.088,0.088,ms/item,single_observation,reported,16,encrypt batch,beat_e32_m16_r1_s004.stdout.log
beat,1/32,16,1,4,1,598,598,3063,2044,2043,79,2046,12,validation,0.47,0.47,ms,single_observation,reported,,client proof validation,beat_e32_m16_r1_s004.stdout.log
beat,1/32,16,1,4,1,598,598,3063,2044,2043,79,2046,12,validation_per_item,0.029,0.029,ms/item,single_observation,reported,16,client proof validation,beat_e32_m16_r1_s004.stdout.log
beat,1/32,16,1,4,1,598,598,3063,2044,2043,79,2046,12,predec_all_validators,8.437,8.437,ms,single_observation,reported,,"partial decryptions, all N parties",beat_e32_m16_r1_s004.stdout.log
beat,1/32,16,1,4,1,598,598,3063,2044,2043,79,2046,12,predec_all_validators_per_item,0.014,0.014,ms/item,single_observation,reported,598,"partial decryptions, all N parties",beat_e32_m16_r1_s004.stdout.log
beat,1/32,16,1,4,1,598,598,3063,2044,2043,79,2046,12,acceptance,10.796,10.796,ms,single_observation,reported,,all-N server proofs / select V,beat_e32_m16_r1_s004.stdout.log
beat,1/32,16,1,4,1,598,598,3063,2044,2043,79,2046,12,preparation,169.034,169.034,ms,single_observation,reported,,committee interpolation / G2 MSMs,beat_e32_m16_r1_s004.stdout.log
beat,1/32,16,1,4,1,598,598,3063,2044,2043,79,2046,12,precompute,8.66,8.66,ms,single_observation,reported,,cross-term precompute,beat_e32_m16_r1_s004.stdout.log
beat,1/32,16,1,4,1,598,598,3063,2044,2043,79,2046,12,precompute_per_item,0.541,0.541,ms/item,single_observation,reported,16,cross-term precompute,beat_e32_m16_r1_s004.stdout.log
beat,1/32,16,1,4,1,598,598,3063,2044,2043,79,2046,12,opening,18.593,18.593,ms,single_observation,reported,,weighted PRF opening / unmask,beat_e32_m16_r1_s004.stdout.log
beat,1/32,16,1,4,1,598,598,3063,2044,2043,79,2046,12,opening_per_item,1.162,1.162,ms/item,single_observation,reported,16,weighted PRF opening / unmask,beat_e32_m16_r1_s004.stdout.log
beat,1/32,16,1,4,1,598,598,3063,2044,2043,79,2046,12,cold_without_validation,215.519,215.519,ms,single_observation,reported,,post-validation cold-committee path,beat_e32_m16_r1_s004.stdout.log
beat,1/32,16,1,4,1,598,598,3063,2044,2043,79,2046,12,cached_without_validation,46.485,46.485,ms,single_observation,reported,,post-validation cached-committee path,beat_e32_m16_r1_s004.stdout.log
beat,1/32,16,1,4,1,598,598,3063,2044,2043,79,2046,12,cold_with_validation,215.989,215.989,ms,single_observation,reported,,full cold decryption incl client checks,beat_e32_m16_r1_s004.stdout.log
beat,1/32,16,1,4,1,598,598,3063,2044,2043,79,2046,12,cached_with_validation,46.955,46.955,ms,single_observation,reported,,full cached decryption incl client checks,beat_e32_m16_r1_s004.stdout.log
beat,1/32,16,1,4,1,598,598,3063,2044,2043,79,2046,12,dec_open,27.253,27.253,ms,single_observation,sum_of_rounded_phase_means,,,beat_e32_m16_r1_s004.stdout.log
beat,1/32,16,1,4,1,598,598,3063,2044,2043,79,2046,12,dec_total_without_validation,215.51999999999998,215.51999999999998,ms,single_observation,sum_of_rounded_phase_means,,,beat_e32_m16_r1_s004.stdout.log
beat,1/32,16,1,4,1,598,598,3063,2044,2043,79,2046,12,dec_cached_without_validation,46.48599999999999,46.48599999999999,ms,single_observation,sum_of_rounded_phase_means,,,beat_e32_m16_r1_s004.stdout.log
beat,1/32,16,1,5,1,598,598,3063,2044,2043,79,2046,12,crs_setup,0.554,0.554,ms,single_observation,reported,,powers-of-tau CRS setup,beat_e32_m16_r1_s005.stdout.log
beat,1/32,16,1,5,1,598,598,3063,2044,2043,79,2046,12,setup,493.508,493.508,ms,single_observation,reported,,weighted master key generation,beat_e32_m16_r1_s005.stdout.log
beat,1/32,16,1,5,1,598,598,3063,2044,2043,79,2046,12,fixed_kernel,6.147,6.147,ms,single_observation,reported,,fixed G2 FFT kernel,beat_e32_m16_r1_s005.stdout.log
beat,1/32,16,1,5,1,598,598,3063,2044,2043,79,2046,12,encryption,1.419,1.419,ms,single_observation,reported,,encrypt batch,beat_e32_m16_r1_s005.stdout.log
beat,1/32,16,1,5,1,598,598,3063,2044,2043,79,2046,12,encryption_per_item,0.089,0.089,ms/item,single_observation,reported,16,encrypt batch,beat_e32_m16_r1_s005.stdout.log
beat,1/32,16,1,5,1,598,598,3063,2044,2043,79,2046,12,validation,0.485,0.485,ms,single_observation,reported,,client proof validation,beat_e32_m16_r1_s005.stdout.log
beat,1/32,16,1,5,1,598,598,3063,2044,2043,79,2046,12,validation_per_item,0.03,0.03,ms/item,single_observation,reported,16,client proof validation,beat_e32_m16_r1_s005.stdout.log
beat,1/32,16,1,5,1,598,598,3063,2044,2043,79,2046,12,predec_all_validators,8.314,8.314,ms,single_observation,reported,,"partial decryptions, all N parties",beat_e32_m16_r1_s005.stdout.log
beat,1/32,16,1,5,1,598,598,3063,2044,2043,79,2046,12,predec_all_validators_per_item,0.014,0.014,ms/item,single_observation,reported,598,"partial decryptions, all N parties",beat_e32_m16_r1_s005.stdout.log
beat,1/32,16,1,5,1,598,598,3063,2044,2043,79,2046,12,acceptance,10.976,10.976,ms,single_observation,reported,,all-N server proofs / select V,beat_e32_m16_r1_s005.stdout.log
beat,1/32,16,1,5,1,598,598,3063,2044,2043,79,2046,12,preparation,186.786,186.786,ms,single_observation,reported,,committee interpolation / G2 MSMs,beat_e32_m16_r1_s005.stdout.log
beat,1/32,16,1,5,1,598,598,3063,2044,2043,79,2046,12,precompute,8.594,8.594,ms,single_observation,reported,,cross-term precompute,beat_e32_m16_r1_s005.stdout.log
beat,1/32,16,1,5,1,598,598,3063,2044,2043,79,2046,12,precompute_per_item,0.537,0.537,ms/item,single_observation,reported,16,cross-term precompute,beat_e32_m16_r1_s005.stdout.log
beat,1/32,16,1,5,1,598,598,3063,2044,2043,79,2046,12,opening,18.61,18.61,ms,single_observation,reported,,weighted PRF opening / unmask,beat_e32_m16_r1_s005.stdout.log
beat,1/32,16,1,5,1,598,598,3063,2044,2043,79,2046,12,opening_per_item,1.163,1.163,ms/item,single_observation,reported,16,weighted PRF opening / unmask,beat_e32_m16_r1_s005.stdout.log
beat,1/32,16,1,5,1,598,598,3063,2044,2043,79,2046,12,cold_without_validation,233.281,233.281,ms,single_observation,reported,,post-validation cold-committee path,beat_e32_m16_r1_s005.stdout.log
beat,1/32,16,1,5,1,598,598,3063,2044,2043,79,2046,12,cached_without_validation,46.494,46.494,ms,single_observation,reported,,post-validation cached-committee path,beat_e32_m16_r1_s005.stdout.log
beat,1/32,16,1,5,1,598,598,3063,2044,2043,79,2046,12,cold_with_validation,233.766,233.766,ms,single_observation,reported,,full cold decryption incl client checks,beat_e32_m16_r1_s005.stdout.log
beat,1/32,16,1,5,1,598,598,3063,2044,2043,79,2046,12,cached_with_validation,46.979,46.979,ms,single_observation,reported,,full cached decryption incl client checks,beat_e32_m16_r1_s005.stdout.log
beat,1/32,16,1,5,1,598,598,3063,2044,2043,79,2046,12,dec_open,27.204,27.204,ms,single_observation,sum_of_rounded_phase_means,,,beat_e32_m16_r1_s005.stdout.log
beat,1/32,16,1,5,1,598,598,3063,2044,2043,79,2046,12,dec_total_without_validation,233.28,233.28,ms,single_observation,sum_of_rounded_phase_means,,,beat_e32_m16_r1_s005.stdout.log
beat,1/32,16,1,5,1,598,598,3063,2044,2043,79,2046,12,dec_cached_without_validation,46.494,46.494,ms,single_observation,sum_of_rounded_phase_means,,,beat_e32_m16_r1_s005.stdout.log
pfe,1/64,16,1,0,5,6489,688,6489,4327,4326,4327,4327,12,setup,2536.566,2536.566,ms,internal_arithmetic_mean,reported,,trusted key generation,pfe_e64_m16_r1.stdout.log
pfe,1/64,16,1,0,5,6489,688,6489,4327,4326,4327,4327,12,encryption,1.316,1.316,ms,internal_arithmetic_mean,reported,,encrypt batch,pfe_e64_m16_r1.stdout.log
pfe,1/64,16,1,0,5,6489,688,6489,4327,4326,4327,4327,12,encryption_per_item,0.082,0.082,ms/item,internal_arithmetic_mean,reported,16,encrypt batch,pfe_e64_m16_r1.stdout.log
pfe,1/64,16,1,0,5,6489,688,6489,4327,4326,4327,4327,12,fixed_kernel,9.805,9.805,ms,internal_arithmetic_mean,reported,,fixed PFE FFT/G2 kernel,pfe_e64_m16_r1.stdout.log
pfe,1/64,16,1,0,5,6489,688,6489,4327,4326,4327,4327,12,validation,0.505,0.505,ms,internal_arithmetic_mean,reported,,ctxtCheck(B),pfe_e64_m16_r1.stdout.log
pfe,1/64,16,1,0,5,6489,688,6489,4327,4326,4327,4327,12,validation_per_item,0.032,0.032,ms/item,internal_arithmetic_mean,reported,16,ctxtCheck(B),pfe_e64_m16_r1.stdout.log
pfe,1/64,16,1,0,5,6489,688,6489,4327,4326,4327,4327,12,precompute,7.72,7.72,ms,internal_arithmetic_mean,reported,,precompute(B),pfe_e64_m16_r1.stdout.log
pfe,1/64,16,1,0,5,6489,688,6489,4327,4326,4327,4327,12,precompute_per_item,0.482,0.482,ms/item,internal_arithmetic_mean,reported,16,precompute(B),pfe_e64_m16_r1.stdout.log
pfe,1/64,16,1,0,5,6489,688,6489,4327,4326,4327,4327,12,predec_one_virtual_server,0.172,0.172,ms,internal_arithmetic_mean,reported,,"partialDecrypt(B), one server",pfe_e64_m16_r1.stdout.log
pfe,1/64,16,1,0,5,6489,688,6489,4327,4326,4327,4327,12,predec_one_virtual_server_per_item,0.011,0.011,ms/item,internal_arithmetic_mean,reported,16,"partialDecrypt(B), one server",pfe_e64_m16_r1.stdout.log
pfe,1/64,16,1,0,5,6489,688,6489,4327,4326,4327,4327,12,combine,723.387,723.387,ms,internal_arithmetic_mean,reported,,combine(n),pfe_e64_m16_r1.stdout.log
pfe,1/64,16,1,0,5,6489,688,6489,4327,4326,4327,4327,12,combine_per_item,0.167,0.167,ms/item,internal_arithmetic_mean,reported,4327,combine(n),pfe_e64_m16_r1.stdout.log
pfe,1/64,16,1,0,5,6489,688,6489,4327,4326,4327,4327,12,server_check,2.461,2.461,ms,internal_arithmetic_mean,reported,,"serverCheck(B,n)",pfe_e64_m16_r1.stdout.log
pfe,1/64,16,1,0,5,6489,688,6489,4327,4326,4327,4327,12,server_check_per_item,0.154,0.154,ms/item,internal_arithmetic_mean,reported,16,"serverCheck(B,n)",pfe_e64_m16_r1.stdout.log
pfe,1/64,16,1,0,5,6489,688,6489,4327,4326,4327,4327,12,opening,2.096,2.096,ms,internal_arithmetic_mean,reported,,"open(B), fused 3-pair path",pfe_e64_m16_r1.stdout.log
pfe,1/64,16,1,0,5,6489,688,6489,4327,4326,4327,4327,12,opening_per_item,0.131,0.131,ms/item,internal_arithmetic_mean,reported,16,"open(B), fused 3-pair path",pfe_e64_m16_r1.stdout.log
pfe,1/64,16,1,0,5,6489,688,6489,4327,4326,4327,4327,12,core_one_server_total,733.375,733.375,ms,internal_arithmetic_mean,reported,,core sequential total,pfe_e64_m16_r1.stdout.log
pfe,1/64,16,1,0,5,6489,688,6489,4327,4326,4327,4327,12,robust_one_server_total,736.341,736.341,ms,internal_arithmetic_mean,reported,,robust sequential total,pfe_e64_m16_r1.stdout.log
pfe,1/64,16,1,0,5,6489,688,6489,4327,4326,4327,4327,12,all_virtual_shares_derived,744.2439999999999,744.2439999999999,ms,internal_arithmetic_mean,q_times_rounded_one_server_mean,,,pfe_e64_m16_r1.stdout.log
pfe,1/64,16,1,0,5,6489,688,6489,4327,4326,4327,4327,12,all_local_core_derived,1477.447,1477.447,ms,internal_arithmetic_mean,sum_with_q_times_rounded_one_server_mean,,,pfe_e64_m16_r1.stdout.log
pfe,1/64,16,1,0,5,6489,688,6489,4327,4326,4327,4327,12,all_local_robust_derived,1480.413,1480.413,ms,internal_arithmetic_mean,sum_with_q_times_rounded_one_server_mean,,,pfe_e64_m16_r1.stdout.log
btx,1/64,16,1,0,5,6489,688,6489,4327,4326,4327,4327,12,setup,2496.243,2496.243,ms,internal_arithmetic_mean,reported,,trusted key generation,btx_e64_m16_r1.stdout.log
btx,1/64,16,1,0,5,6489,688,6489,4327,4326,4327,4327,12,encryption,8.467,8.467,ms,internal_arithmetic_mean,reported,,encrypt batch,btx_e64_m16_r1.stdout.log
btx,1/64,16,1,0,5,6489,688,6489,4327,4326,4327,4327,12,encryption_per_item,0.529,0.529,ms/item,internal_arithmetic_mean,reported,16,encrypt batch,btx_e64_m16_r1.stdout.log
btx,1/64,16,1,0,5,6489,688,6489,4327,4326,4327,4327,12,fixed_kernel,6.628,6.628,ms,internal_arithmetic_mean,reported,,fixed G2 FFT kernel,btx_e64_m16_r1.stdout.log
btx,1/64,16,1,0,5,6489,688,6489,4327,4326,4327,4327,12,validation,0.362,0.362,ms,internal_arithmetic_mean,reported,,ctxtCheck(B),btx_e64_m16_r1.stdout.log
btx,1/64,16,1,0,5,6489,688,6489,4327,4326,4327,4327,12,validation_per_item,0.023,0.023,ms/item,internal_arithmetic_mean,reported,16,ctxtCheck(B),btx_e64_m16_r1.stdout.log
btx,1/64,16,1,0,5,6489,688,6489,4327,4326,4327,4327,12,precompute,8.613,8.613,ms,internal_arithmetic_mean,reported,,precompute(B),btx_e64_m16_r1.stdout.log
btx,1/64,16,1,0,5,6489,688,6489,4327,4326,4327,4327,12,precompute_per_item,0.538,0.538,ms/item,internal_arithmetic_mean,reported,16,precompute(B),btx_e64_m16_r1.stdout.log
btx,1/64,16,1,0,5,6489,688,6489,4327,4326,4327,4327,12,predec_one_virtual_server,0.171,0.171,ms,internal_arithmetic_mean,reported,,"partialDecrypt(B), one server",btx_e64_m16_r1.stdout.log
btx,1/64,16,1,0,5,6489,688,6489,4327,4326,4327,4327,12,predec_one_virtual_server_per_item,0.011,0.011,ms/item,internal_arithmetic_mean,reported,16,"partialDecrypt(B), one server",btx_e64_m16_r1.stdout.log
btx,1/64,16,1,0,5,6489,688,6489,4327,4326,4327,4327,12,combine,719.76,719.76,ms,internal_arithmetic_mean,reported,,combine(n),btx_e64_m16_r1.stdout.log
btx,1/64,16,1,0,5,6489,688,6489,4327,4326,4327,4327,12,combine_per_item,0.166,0.166,ms/item,internal_arithmetic_mean,reported,4327,combine(n),btx_e64_m16_r1.stdout.log
btx,1/64,16,1,0,5,6489,688,6489,4327,4326,4327,4327,12,server_check,3.05,3.05,ms,internal_arithmetic_mean,reported,,"serverCheck(B,n)",btx_e64_m16_r1.stdout.log
btx,1/64,16,1,0,5,6489,688,6489,4327,4326,4327,4327,12,server_check_per_item,0.191,0.191,ms/item,internal_arithmetic_mean,reported,16,"serverCheck(B,n)",btx_e64_m16_r1.stdout.log
btx,1/64,16,1,0,5,6489,688,6489,4327,4326,4327,4327,12,opening,0.748,0.748,ms,internal_arithmetic_mean,reported,,open(B),btx_e64_m16_r1.stdout.log
btx,1/64,16,1,0,5,6489,688,6489,4327,4326,4327,4327,12,opening_per_item,0.047,0.047,ms/item,internal_arithmetic_mean,reported,16,open(B),btx_e64_m16_r1.stdout.log
btx,1/64,16,1,0,5,6489,688,6489,4327,4326,4327,4327,12,core_one_server_total,729.292,729.292,ms,internal_arithmetic_mean,reported,,core sequential total,btx_e64_m16_r1.stdout.log
btx,1/64,16,1,0,5,6489,688,6489,4327,4326,4327,4327,12,robust_one_server_total,732.705,732.705,ms,internal_arithmetic_mean,reported,,robust sequential total,btx_e64_m16_r1.stdout.log
btx,1/64,16,1,0,5,6489,688,6489,4327,4326,4327,4327,12,all_virtual_shares_derived,739.917,739.917,ms,internal_arithmetic_mean,q_times_rounded_one_server_mean,,,btx_e64_m16_r1.stdout.log
btx,1/64,16,1,0,5,6489,688,6489,4327,4326,4327,4327,12,all_local_core_derived,1469.038,1469.038,ms,internal_arithmetic_mean,sum_with_q_times_rounded_one_server_mean,,,btx_e64_m16_r1.stdout.log
btx,1/64,16,1,0,5,6489,688,6489,4327,4326,4327,4327,12,all_local_robust_derived,1472.45,1472.45,ms,internal_arithmetic_mean,sum_with_q_times_rounded_one_server_mean,,,btx_e64_m16_r1.stdout.log
beat,1/64,16,1,1,1,688,688,6489,4327,4326,79,4333,12,crs_setup,0.686,0.686,ms,single_observation,reported,,powers-of-tau CRS setup,beat_e64_m16_r1_s001.stdout.log
beat,1/64,16,1,1,1,688,688,6489,4327,4326,79,4333,12,setup,1039.468,1039.468,ms,single_observation,reported,,weighted master key generation,beat_e64_m16_r1_s001.stdout.log
beat,1/64,16,1,1,1,688,688,6489,4327,4326,79,4333,12,fixed_kernel,6.127,6.127,ms,single_observation,reported,,fixed G2 FFT kernel,beat_e64_m16_r1_s001.stdout.log
beat,1/64,16,1,1,1,688,688,6489,4327,4326,79,4333,12,encryption,2.1,2.1,ms,single_observation,reported,,encrypt batch,beat_e64_m16_r1_s001.stdout.log
beat,1/64,16,1,1,1,688,688,6489,4327,4326,79,4333,12,encryption_per_item,0.131,0.131,ms/item,single_observation,reported,16,encrypt batch,beat_e64_m16_r1_s001.stdout.log
beat,1/64,16,1,1,1,688,688,6489,4327,4326,79,4333,12,validation,0.475,0.475,ms,single_observation,reported,,client proof validation,beat_e64_m16_r1_s001.stdout.log
beat,1/64,16,1,1,1,688,688,6489,4327,4326,79,4333,12,validation_per_item,0.03,0.03,ms/item,single_observation,reported,16,client proof validation,beat_e64_m16_r1_s001.stdout.log
beat,1/64,16,1,1,1,688,688,6489,4327,4326,79,4333,12,predec_all_validators,9.533,9.533,ms,single_observation,reported,,"partial decryptions, all N parties",beat_e64_m16_r1_s001.stdout.log
beat,1/64,16,1,1,1,688,688,6489,4327,4326,79,4333,12,predec_all_validators_per_item,0.014,0.014,ms/item,single_observation,reported,688,"partial decryptions, all N parties",beat_e64_m16_r1_s001.stdout.log
beat,1/64,16,1,1,1,688,688,6489,4327,4326,79,4333,12,acceptance,12.4,12.4,ms,single_observation,reported,,all-N server proofs / select V,beat_e64_m16_r1_s001.stdout.log
beat,1/64,16,1,1,1,688,688,6489,4327,4326,79,4333,12,preparation,311.16,311.16,ms,single_observation,reported,,committee interpolation / G2 MSMs,beat_e64_m16_r1_s001.stdout.log
beat,1/64,16,1,1,1,688,688,6489,4327,4326,79,4333,12,precompute,8.647,8.647,ms,single_observation,reported,,cross-term precompute,beat_e64_m16_r1_s001.stdout.log
beat,1/64,16,1,1,1,688,688,6489,4327,4326,79,4333,12,precompute_per_item,0.54,0.54,ms/item,single_observation,reported,16,cross-term precompute,beat_e64_m16_r1_s001.stdout.log
beat,1/64,16,1,1,1,688,688,6489,4327,4326,79,4333,12,opening,18.589,18.589,ms,single_observation,reported,,weighted PRF opening / unmask,beat_e64_m16_r1_s001.stdout.log
beat,1/64,16,1,1,1,688,688,6489,4327,4326,79,4333,12,opening_per_item,1.162,1.162,ms/item,single_observation,reported,16,weighted PRF opening / unmask,beat_e64_m16_r1_s001.stdout.log
beat,1/64,16,1,1,1,688,688,6489,4327,4326,79,4333,12,cold_without_validation,360.329,360.329,ms,single_observation,reported,,post-validation cold-committee path,beat_e64_m16_r1_s001.stdout.log
beat,1/64,16,1,1,1,688,688,6489,4327,4326,79,4333,12,cached_without_validation,49.169,49.169,ms,single_observation,reported,,post-validation cached-committee path,beat_e64_m16_r1_s001.stdout.log
beat,1/64,16,1,1,1,688,688,6489,4327,4326,79,4333,12,cold_with_validation,360.804,360.804,ms,single_observation,reported,,full cold decryption incl client checks,beat_e64_m16_r1_s001.stdout.log
beat,1/64,16,1,1,1,688,688,6489,4327,4326,79,4333,12,cached_with_validation,49.644,49.644,ms,single_observation,reported,,full cached decryption incl client checks,beat_e64_m16_r1_s001.stdout.log
beat,1/64,16,1,1,1,688,688,6489,4327,4326,79,4333,12,dec_open,27.235999999999997,27.235999999999997,ms,single_observation,sum_of_rounded_phase_means,,,beat_e64_m16_r1_s001.stdout.log
beat,1/64,16,1,1,1,688,688,6489,4327,4326,79,4333,12,dec_total_without_validation,360.329,360.329,ms,single_observation,sum_of_rounded_phase_means,,,beat_e64_m16_r1_s001.stdout.log
beat,1/64,16,1,1,1,688,688,6489,4327,4326,79,4333,12,dec_cached_without_validation,49.16899999999998,49.16899999999998,ms,single_observation,sum_of_rounded_phase_means,,,beat_e64_m16_r1_s001.stdout.log
beat,1/64,16,1,2,1,688,688,6489,4327,4326,79,4333,12,crs_setup,0.684,0.684,ms,single_observation,reported,,powers-of-tau CRS setup,beat_e64_m16_r1_s002.stdout.log
beat,1/64,16,1,2,1,688,688,6489,4327,4326,79,4333,12,setup,1067.427,1067.427,ms,single_observation,reported,,weighted master key generation,beat_e64_m16_r1_s002.stdout.log
beat,1/64,16,1,2,1,688,688,6489,4327,4326,79,4333,12,fixed_kernel,6.12,6.12,ms,single_observation,reported,,fixed G2 FFT kernel,beat_e64_m16_r1_s002.stdout.log
beat,1/64,16,1,2,1,688,688,6489,4327,4326,79,4333,12,encryption,2.277,2.277,ms,single_observation,reported,,encrypt batch,beat_e64_m16_r1_s002.stdout.log
beat,1/64,16,1,2,1,688,688,6489,4327,4326,79,4333,12,encryption_per_item,0.142,0.142,ms/item,single_observation,reported,16,encrypt batch,beat_e64_m16_r1_s002.stdout.log
beat,1/64,16,1,2,1,688,688,6489,4327,4326,79,4333,12,validation,0.491,0.491,ms,single_observation,reported,,client proof validation,beat_e64_m16_r1_s002.stdout.log
beat,1/64,16,1,2,1,688,688,6489,4327,4326,79,4333,12,validation_per_item,0.031,0.031,ms/item,single_observation,reported,16,client proof validation,beat_e64_m16_r1_s002.stdout.log
beat,1/64,16,1,2,1,688,688,6489,4327,4326,79,4333,12,predec_all_validators,9.556,9.556,ms,single_observation,reported,,"partial decryptions, all N parties",beat_e64_m16_r1_s002.stdout.log
beat,1/64,16,1,2,1,688,688,6489,4327,4326,79,4333,12,predec_all_validators_per_item,0.014,0.014,ms/item,single_observation,reported,688,"partial decryptions, all N parties",beat_e64_m16_r1_s002.stdout.log
beat,1/64,16,1,2,1,688,688,6489,4327,4326,79,4333,12,acceptance,12.436,12.436,ms,single_observation,reported,,all-N server proofs / select V,beat_e64_m16_r1_s002.stdout.log
beat,1/64,16,1,2,1,688,688,6489,4327,4326,79,4333,12,preparation,313.039,313.039,ms,single_observation,reported,,committee interpolation / G2 MSMs,beat_e64_m16_r1_s002.stdout.log
beat,1/64,16,1,2,1,688,688,6489,4327,4326,79,4333,12,precompute,8.648,8.648,ms,single_observation,reported,,cross-term precompute,beat_e64_m16_r1_s002.stdout.log
beat,1/64,16,1,2,1,688,688,6489,4327,4326,79,4333,12,precompute_per_item,0.541,0.541,ms/item,single_observation,reported,16,cross-term precompute,beat_e64_m16_r1_s002.stdout.log
beat,1/64,16,1,2,1,688,688,6489,4327,4326,79,4333,12,opening,18.595,18.595,ms,single_observation,reported,,weighted PRF opening / unmask,beat_e64_m16_r1_s002.stdout.log
beat,1/64,16,1,2,1,688,688,6489,4327,4326,79,4333,12,opening_per_item,1.162,1.162,ms/item,single_observation,reported,16,weighted PRF opening / unmask,beat_e64_m16_r1_s002.stdout.log
beat,1/64,16,1,2,1,688,688,6489,4327,4326,79,4333,12,cold_without_validation,362.274,362.274,ms,single_observation,reported,,post-validation cold-committee path,beat_e64_m16_r1_s002.stdout.log
beat,1/64,16,1,2,1,688,688,6489,4327,4326,79,4333,12,cached_without_validation,49.235,49.235,ms,single_observation,reported,,post-validation cached-committee path,beat_e64_m16_r1_s002.stdout.log
beat,1/64,16,1,2,1,688,688,6489,4327,4326,79,4333,12,cold_with_validation,362.765,362.765,ms,single_observation,reported,,full cold decryption incl client checks,beat_e64_m16_r1_s002.stdout.log
beat,1/64,16,1,2,1,688,688,6489,4327,4326,79,4333,12,cached_with_validation,49.726,49.726,ms,single_observation,reported,,full cached decryption incl client checks,beat_e64_m16_r1_s002.stdout.log
beat,1/64,16,1,2,1,688,688,6489,4327,4326,79,4333,12,dec_open,27.243,27.243,ms,single_observation,sum_of_rounded_phase_means,,,beat_e64_m16_r1_s002.stdout.log
beat,1/64,16,1,2,1,688,688,6489,4327,4326,79,4333,12,dec_total_without_validation,362.274,362.274,ms,single_observation,sum_of_rounded_phase_means,,,beat_e64_m16_r1_s002.stdout.log
beat,1/64,16,1,2,1,688,688,6489,4327,4326,79,4333,12,dec_cached_without_validation,49.235000000000014,49.235000000000014,ms,single_observation,sum_of_rounded_phase_means,,,beat_e64_m16_r1_s002.stdout.log
beat,1/64,16,1,3,1,688,688,6489,4327,4326,79,4333,12,crs_setup,0.685,0.685,ms,single_observation,reported,,powers-of-tau CRS setup,beat_e64_m16_r1_s003.stdout.log
beat,1/64,16,1,3,1,688,688,6489,4327,4326,79,4333,12,setup,1039.953,1039.953,ms,single_observation,reported,,weighted master key generation,beat_e64_m16_r1_s003.stdout.log
beat,1/64,16,1,3,1,688,688,6489,4327,4326,79,4333,12,fixed_kernel,6.12,6.12,ms,single_observation,reported,,fixed G2 FFT kernel,beat_e64_m16_r1_s003.stdout.log
beat,1/64,16,1,3,1,688,688,6489,4327,4326,79,4333,12,encryption,2.151,2.151,ms,single_observation,reported,,encrypt batch,beat_e64_m16_r1_s003.stdout.log
beat,1/64,16,1,3,1,688,688,6489,4327,4326,79,4333,12,encryption_per_item,0.134,0.134,ms/item,single_observation,reported,16,encrypt batch,beat_e64_m16_r1_s003.stdout.log
beat,1/64,16,1,3,1,688,688,6489,4327,4326,79,4333,12,validation,0.475,0.475,ms,single_observation,reported,,client proof validation,beat_e64_m16_r1_s003.stdout.log
beat,1/64,16,1,3,1,688,688,6489,4327,4326,79,4333,12,validation_per_item,0.03,0.03,ms/item,single_observation,reported,16,client proof validation,beat_e64_m16_r1_s003.stdout.log
beat,1/64,16,1,3,1,688,688,6489,4327,4326,79,4333,12,predec_all_validators,9.563,9.563,ms,single_observation,reported,,"partial decryptions, all N parties",beat_e64_m16_r1_s003.stdout.log
beat,1/64,16,1,3,1,688,688,6489,4327,4326,79,4333,12,predec_all_validators_per_item,0.014,0.014,ms/item,single_observation,reported,688,"partial decryptions, all N parties",beat_e64_m16_r1_s003.stdout.log
beat,1/64,16,1,3,1,688,688,6489,4327,4326,79,4333,12,acceptance,12.442,12.442,ms,single_observation,reported,,all-N server proofs / select V,beat_e64_m16_r1_s003.stdout.log
beat,1/64,16,1,3,1,688,688,6489,4327,4326,79,4333,12,preparation,312.24,312.24,ms,single_observation,reported,,committee interpolation / G2 MSMs,beat_e64_m16_r1_s003.stdout.log
beat,1/64,16,1,3,1,688,688,6489,4327,4326,79,4333,12,precompute,8.671,8.671,ms,single_observation,reported,,cross-term precompute,beat_e64_m16_r1_s003.stdout.log
beat,1/64,16,1,3,1,688,688,6489,4327,4326,79,4333,12,precompute_per_item,0.542,0.542,ms/item,single_observation,reported,16,cross-term precompute,beat_e64_m16_r1_s003.stdout.log
beat,1/64,16,1,3,1,688,688,6489,4327,4326,79,4333,12,opening,18.585,18.585,ms,single_observation,reported,,weighted PRF opening / unmask,beat_e64_m16_r1_s003.stdout.log
beat,1/64,16,1,3,1,688,688,6489,4327,4326,79,4333,12,opening_per_item,1.162,1.162,ms/item,single_observation,reported,16,weighted PRF opening / unmask,beat_e64_m16_r1_s003.stdout.log
beat,1/64,16,1,3,1,688,688,6489,4327,4326,79,4333,12,cold_without_validation,361.501,361.501,ms,single_observation,reported,,post-validation cold-committee path,beat_e64_m16_r1_s003.stdout.log
beat,1/64,16,1,3,1,688,688,6489,4327,4326,79,4333,12,cached_without_validation,49.261,49.261,ms,single_observation,reported,,post-validation cached-committee path,beat_e64_m16_r1_s003.stdout.log
beat,1/64,16,1,3,1,688,688,6489,4327,4326,79,4333,12,cold_with_validation,361.976,361.976,ms,single_observation,reported,,full cold decryption incl client checks,beat_e64_m16_r1_s003.stdout.log
beat,1/64,16,1,3,1,688,688,6489,4327,4326,79,4333,12,cached_with_validation,49.736,49.736,ms,single_observation,reported,,full cached decryption incl client checks,beat_e64_m16_r1_s003.stdout.log
beat,1/64,16,1,3,1,688,688,6489,4327,4326,79,4333,12,dec_open,27.256,27.256,ms,single_observation,sum_of_rounded_phase_means,,,beat_e64_m16_r1_s003.stdout.log
beat,1/64,16,1,3,1,688,688,6489,4327,4326,79,4333,12,dec_total_without_validation,361.50100000000003,361.50100000000003,ms,single_observation,sum_of_rounded_phase_means,,,beat_e64_m16_r1_s003.stdout.log
beat,1/64,16,1,3,1,688,688,6489,4327,4326,79,4333,12,dec_cached_without_validation,49.261000000000024,49.261000000000024,ms,single_observation,sum_of_rounded_phase_means,,,beat_e64_m16_r1_s003.stdout.log
beat,1/64,16,1,4,1,688,688,6489,4327,4326,79,4333,12,crs_setup,0.672,0.672,ms,single_observation,reported,,powers-of-tau CRS setup,beat_e64_m16_r1_s004.stdout.log
beat,1/64,16,1,4,1,688,688,6489,4327,4326,79,4333,12,setup,1058.102,1058.102,ms,single_observation,reported,,weighted master key generation,beat_e64_m16_r1_s004.stdout.log
beat,1/64,16,1,4,1,688,688,6489,4327,4326,79,4333,12,fixed_kernel,6.108,6.108,ms,single_observation,reported,,fixed G2 FFT kernel,beat_e64_m16_r1_s004.stdout.log
beat,1/64,16,1,4,1,688,688,6489,4327,4326,79,4333,12,encryption,1.62,1.62,ms,single_observation,reported,,encrypt batch,beat_e64_m16_r1_s004.stdout.log
beat,1/64,16,1,4,1,688,688,6489,4327,4326,79,4333,12,encryption_per_item,0.101,0.101,ms/item,single_observation,reported,16,encrypt batch,beat_e64_m16_r1_s004.stdout.log
beat,1/64,16,1,4,1,688,688,6489,4327,4326,79,4333,12,validation,0.477,0.477,ms,single_observation,reported,,client proof validation,beat_e64_m16_r1_s004.stdout.log
beat,1/64,16,1,4,1,688,688,6489,4327,4326,79,4333,12,validation_per_item,0.03,0.03,ms/item,single_observation,reported,16,client proof validation,beat_e64_m16_r1_s004.stdout.log
beat,1/64,16,1,4,1,688,688,6489,4327,4326,79,4333,12,predec_all_validators,9.55,9.55,ms,single_observation,reported,,"partial decryptions, all N parties",beat_e64_m16_r1_s004.stdout.log
beat,1/64,16,1,4,1,688,688,6489,4327,4326,79,4333,12,predec_all_validators_per_item,0.014,0.014,ms/item,single_observation,reported,688,"partial decryptions, all N parties",beat_e64_m16_r1_s004.stdout.log
beat,1/64,16,1,4,1,688,688,6489,4327,4326,79,4333,12,acceptance,12.484,12.484,ms,single_observation,reported,,all-N server proofs / select V,beat_e64_m16_r1_s004.stdout.log
beat,1/64,16,1,4,1,688,688,6489,4327,4326,79,4333,12,preparation,316.405,316.405,ms,single_observation,reported,,committee interpolation / G2 MSMs,beat_e64_m16_r1_s004.stdout.log
beat,1/64,16,1,4,1,688,688,6489,4327,4326,79,4333,12,precompute,8.602,8.602,ms,single_observation,reported,,cross-term precompute,beat_e64_m16_r1_s004.stdout.log
beat,1/64,16,1,4,1,688,688,6489,4327,4326,79,4333,12,precompute_per_item,0.538,0.538,ms/item,single_observation,reported,16,cross-term precompute,beat_e64_m16_r1_s004.stdout.log
beat,1/64,16,1,4,1,688,688,6489,4327,4326,79,4333,12,opening,18.623,18.623,ms,single_observation,reported,,weighted PRF opening / unmask,beat_e64_m16_r1_s004.stdout.log
beat,1/64,16,1,4,1,688,688,6489,4327,4326,79,4333,12,opening_per_item,1.164,1.164,ms/item,single_observation,reported,16,weighted PRF opening / unmask,beat_e64_m16_r1_s004.stdout.log
beat,1/64,16,1,4,1,688,688,6489,4327,4326,79,4333,12,cold_without_validation,365.663,365.663,ms,single_observation,reported,,post-validation cold-committee path,beat_e64_m16_r1_s004.stdout.log
beat,1/64,16,1,4,1,688,688,6489,4327,4326,79,4333,12,cached_without_validation,49.259,49.259,ms,single_observation,reported,,post-validation cached-committee path,beat_e64_m16_r1_s004.stdout.log
beat,1/64,16,1,4,1,688,688,6489,4327,4326,79,4333,12,cold_with_validation,366.141,366.141,ms,single_observation,reported,,full cold decryption incl client checks,beat_e64_m16_r1_s004.stdout.log
beat,1/64,16,1,4,1,688,688,6489,4327,4326,79,4333,12,cached_with_validation,49.736,49.736,ms,single_observation,reported,,full cached decryption incl client checks,beat_e64_m16_r1_s004.stdout.log
beat,1/64,16,1,4,1,688,688,6489,4327,4326,79,4333,12,dec_open,27.225,27.225,ms,single_observation,sum_of_rounded_phase_means,,,beat_e64_m16_r1_s004.stdout.log
beat,1/64,16,1,4,1,688,688,6489,4327,4326,79,4333,12,dec_total_without_validation,365.664,365.664,ms,single_observation,sum_of_rounded_phase_means,,,beat_e64_m16_r1_s004.stdout.log
beat,1/64,16,1,4,1,688,688,6489,4327,4326,79,4333,12,dec_cached_without_validation,49.259000000000015,49.259000000000015,ms,single_observation,sum_of_rounded_phase_means,,,beat_e64_m16_r1_s004.stdout.log
beat,1/64,16,1,5,1,688,688,6489,4327,4326,79,4333,12,crs_setup,0.672,0.672,ms,single_observation,reported,,powers-of-tau CRS setup,beat_e64_m16_r1_s005.stdout.log
beat,1/64,16,1,5,1,688,688,6489,4327,4326,79,4333,12,setup,1034.84,1034.84,ms,single_observation,reported,,weighted master key generation,beat_e64_m16_r1_s005.stdout.log
beat,1/64,16,1,5,1,688,688,6489,4327,4326,79,4333,12,fixed_kernel,6.512,6.512,ms,single_observation,reported,,fixed G2 FFT kernel,beat_e64_m16_r1_s005.stdout.log
beat,1/64,16,1,5,1,688,688,6489,4327,4326,79,4333,12,encryption,2.227,2.227,ms,single_observation,reported,,encrypt batch,beat_e64_m16_r1_s005.stdout.log
beat,1/64,16,1,5,1,688,688,6489,4327,4326,79,4333,12,encryption_per_item,0.139,0.139,ms/item,single_observation,reported,16,encrypt batch,beat_e64_m16_r1_s005.stdout.log
beat,1/64,16,1,5,1,688,688,6489,4327,4326,79,4333,12,validation,0.475,0.475,ms,single_observation,reported,,client proof validation,beat_e64_m16_r1_s005.stdout.log
beat,1/64,16,1,5,1,688,688,6489,4327,4326,79,4333,12,validation_per_item,0.03,0.03,ms/item,single_observation,reported,16,client proof validation,beat_e64_m16_r1_s005.stdout.log
beat,1/64,16,1,5,1,688,688,6489,4327,4326,79,4333,12,predec_all_validators,9.533,9.533,ms,single_observation,reported,,"partial decryptions, all N parties",beat_e64_m16_r1_s005.stdout.log
beat,1/64,16,1,5,1,688,688,6489,4327,4326,79,4333,12,predec_all_validators_per_item,0.014,0.014,ms/item,single_observation,reported,688,"partial decryptions, all N parties",beat_e64_m16_r1_s005.stdout.log
beat,1/64,16,1,5,1,688,688,6489,4327,4326,79,4333,12,acceptance,12.446,12.446,ms,single_observation,reported,,all-N server proofs / select V,beat_e64_m16_r1_s005.stdout.log
beat,1/64,16,1,5,1,688,688,6489,4327,4326,79,4333,12,preparation,336.262,336.262,ms,single_observation,reported,,committee interpolation / G2 MSMs,beat_e64_m16_r1_s005.stdout.log
beat,1/64,16,1,5,1,688,688,6489,4327,4326,79,4333,12,precompute,8.618,8.618,ms,single_observation,reported,,cross-term precompute,beat_e64_m16_r1_s005.stdout.log
beat,1/64,16,1,5,1,688,688,6489,4327,4326,79,4333,12,precompute_per_item,0.539,0.539,ms/item,single_observation,reported,16,cross-term precompute,beat_e64_m16_r1_s005.stdout.log
beat,1/64,16,1,5,1,688,688,6489,4327,4326,79,4333,12,opening,18.534,18.534,ms,single_observation,reported,,weighted PRF opening / unmask,beat_e64_m16_r1_s005.stdout.log
beat,1/64,16,1,5,1,688,688,6489,4327,4326,79,4333,12,opening_per_item,1.158,1.158,ms/item,single_observation,reported,16,weighted PRF opening / unmask,beat_e64_m16_r1_s005.stdout.log
beat,1/64,16,1,5,1,688,688,6489,4327,4326,79,4333,12,cold_without_validation,385.392,385.392,ms,single_observation,reported,,post-validation cold-committee path,beat_e64_m16_r1_s005.stdout.log
beat,1/64,16,1,5,1,688,688,6489,4327,4326,79,4333,12,cached_without_validation,49.13,49.13,ms,single_observation,reported,,post-validation cached-committee path,beat_e64_m16_r1_s005.stdout.log
beat,1/64,16,1,5,1,688,688,6489,4327,4326,79,4333,12,cold_with_validation,385.867,385.867,ms,single_observation,reported,,full cold decryption incl client checks,beat_e64_m16_r1_s005.stdout.log
beat,1/64,16,1,5,1,688,688,6489,4327,4326,79,4333,12,cached_with_validation,49.605,49.605,ms,single_observation,reported,,full cached decryption incl client checks,beat_e64_m16_r1_s005.stdout.log
beat,1/64,16,1,5,1,688,688,6489,4327,4326,79,4333,12,dec_open,27.152,27.152,ms,single_observation,sum_of_rounded_phase_means,,,beat_e64_m16_r1_s005.stdout.log
beat,1/64,16,1,5,1,688,688,6489,4327,4326,79,4333,12,dec_total_without_validation,385.393,385.393,ms,single_observation,sum_of_rounded_phase_means,,,beat_e64_m16_r1_s005.stdout.log
beat,1/64,16,1,5,1,688,688,6489,4327,4326,79,4333,12,dec_cached_without_validation,49.13099999999997,49.13099999999997,ms,single_observation,sum_of_rounded_phase_means,,,beat_e64_m16_r1_s005.stdout.log
beat,1/64,16,2,1,1,688,688,6489,4327,4326,79,4333,12,crs_setup,0.546,0.546,ms,single_observation,reported,,powers-of-tau CRS setup,beat_e64_m16_r2_s001.stdout.log
beat,1/64,16,2,1,1,688,688,6489,4327,4326,79,4333,12,setup,1037.317,1037.317,ms,single_observation,reported,,weighted master key generation,beat_e64_m16_r2_s001.stdout.log
beat,1/64,16,2,1,1,688,688,6489,4327,4326,79,4333,12,fixed_kernel,6.133,6.133,ms,single_observation,reported,,fixed G2 FFT kernel,beat_e64_m16_r2_s001.stdout.log
beat,1/64,16,2,1,1,688,688,6489,4327,4326,79,4333,12,encryption,1.893,1.893,ms,single_observation,reported,,encrypt batch,beat_e64_m16_r2_s001.stdout.log
beat,1/64,16,2,1,1,688,688,6489,4327,4326,79,4333,12,encryption_per_item,0.118,0.118,ms/item,single_observation,reported,16,encrypt batch,beat_e64_m16_r2_s001.stdout.log
beat,1/64,16,2,1,1,688,688,6489,4327,4326,79,4333,12,validation,0.495,0.495,ms,single_observation,reported,,client proof validation,beat_e64_m16_r2_s001.stdout.log
beat,1/64,16,2,1,1,688,688,6489,4327,4326,79,4333,12,validation_per_item,0.031,0.031,ms/item,single_observation,reported,16,client proof validation,beat_e64_m16_r2_s001.stdout.log
beat,1/64,16,2,1,1,688,688,6489,4327,4326,79,4333,12,predec_all_validators,9.548,9.548,ms,single_observation,reported,,"partial decryptions, all N parties",beat_e64_m16_r2_s001.stdout.log
beat,1/64,16,2,1,1,688,688,6489,4327,4326,79,4333,12,predec_all_validators_per_item,0.014,0.014,ms/item,single_observation,reported,688,"partial decryptions, all N parties",beat_e64_m16_r2_s001.stdout.log
beat,1/64,16,2,1,1,688,688,6489,4327,4326,79,4333,12,acceptance,12.471,12.471,ms,single_observation,reported,,all-N server proofs / select V,beat_e64_m16_r2_s001.stdout.log
beat,1/64,16,2,1,1,688,688,6489,4327,4326,79,4333,12,preparation,312.96,312.96,ms,single_observation,reported,,committee interpolation / G2 MSMs,beat_e64_m16_r2_s001.stdout.log
beat,1/64,16,2,1,1,688,688,6489,4327,4326,79,4333,12,precompute,8.649,8.649,ms,single_observation,reported,,cross-term precompute,beat_e64_m16_r2_s001.stdout.log
beat,1/64,16,2,1,1,688,688,6489,4327,4326,79,4333,12,precompute_per_item,0.541,0.541,ms/item,single_observation,reported,16,cross-term precompute,beat_e64_m16_r2_s001.stdout.log
beat,1/64,16,2,1,1,688,688,6489,4327,4326,79,4333,12,opening,18.611,18.611,ms,single_observation,reported,,weighted PRF opening / unmask,beat_e64_m16_r2_s001.stdout.log
beat,1/64,16,2,1,1,688,688,6489,4327,4326,79,4333,12,opening_per_item,1.163,1.163,ms/item,single_observation,reported,16,weighted PRF opening / unmask,beat_e64_m16_r2_s001.stdout.log
beat,1/64,16,2,1,1,688,688,6489,4327,4326,79,4333,12,cold_without_validation,362.238,362.238,ms,single_observation,reported,,post-validation cold-committee path,beat_e64_m16_r2_s001.stdout.log
beat,1/64,16,2,1,1,688,688,6489,4327,4326,79,4333,12,cached_without_validation,49.279,49.279,ms,single_observation,reported,,post-validation cached-committee path,beat_e64_m16_r2_s001.stdout.log
beat,1/64,16,2,1,1,688,688,6489,4327,4326,79,4333,12,cold_with_validation,362.733,362.733,ms,single_observation,reported,,full cold decryption incl client checks,beat_e64_m16_r2_s001.stdout.log
beat,1/64,16,2,1,1,688,688,6489,4327,4326,79,4333,12,cached_with_validation,49.774,49.774,ms,single_observation,reported,,full cached decryption incl client checks,beat_e64_m16_r2_s001.stdout.log
beat,1/64,16,2,1,1,688,688,6489,4327,4326,79,4333,12,dec_open,27.259999999999998,27.259999999999998,ms,single_observation,sum_of_rounded_phase_means,,,beat_e64_m16_r2_s001.stdout.log
beat,1/64,16,2,1,1,688,688,6489,4327,4326,79,4333,12,dec_total_without_validation,362.239,362.239,ms,single_observation,sum_of_rounded_phase_means,,,beat_e64_m16_r2_s001.stdout.log
beat,1/64,16,2,1,1,688,688,6489,4327,4326,79,4333,12,dec_cached_without_validation,49.278999999999996,49.278999999999996,ms,single_observation,sum_of_rounded_phase_means,,,beat_e64_m16_r2_s001.stdout.log
beat,1/64,16,2,2,1,688,688,6489,4327,4326,79,4333,12,crs_setup,0.704,0.704,ms,single_observation,reported,,powers-of-tau CRS setup,beat_e64_m16_r2_s002.stdout.log
beat,1/64,16,2,2,1,688,688,6489,4327,4326,79,4333,12,setup,1061.255,1061.255,ms,single_observation,reported,,weighted master key generation,beat_e64_m16_r2_s002.stdout.log
beat,1/64,16,2,2,1,688,688,6489,4327,4326,79,4333,12,fixed_kernel,6.14,6.14,ms,single_observation,reported,,fixed G2 FFT kernel,beat_e64_m16_r2_s002.stdout.log
beat,1/64,16,2,2,1,688,688,6489,4327,4326,79,4333,12,encryption,2.268,2.268,ms,single_observation,reported,,encrypt batch,beat_e64_m16_r2_s002.stdout.log
beat,1/64,16,2,2,1,688,688,6489,4327,4326,79,4333,12,encryption_per_item,0.142,0.142,ms/item,single_observation,reported,16,encrypt batch,beat_e64_m16_r2_s002.stdout.log
beat,1/64,16,2,2,1,688,688,6489,4327,4326,79,4333,12,validation,0.479,0.479,ms,single_observation,reported,,client proof validation,beat_e64_m16_r2_s002.stdout.log
beat,1/64,16,2,2,1,688,688,6489,4327,4326,79,4333,12,validation_per_item,0.03,0.03,ms/item,single_observation,reported,16,client proof validation,beat_e64_m16_r2_s002.stdout.log
beat,1/64,16,2,2,1,688,688,6489,4327,4326,79,4333,12,predec_all_validators,9.516,9.516,ms,single_observation,reported,,"partial decryptions, all N parties",beat_e64_m16_r2_s002.stdout.log
beat,1/64,16,2,2,1,688,688,6489,4327,4326,79,4333,12,predec_all_validators_per_item,0.014,0.014,ms/item,single_observation,reported,688,"partial decryptions, all N parties",beat_e64_m16_r2_s002.stdout.log
beat,1/64,16,2,2,1,688,688,6489,4327,4326,79,4333,12,acceptance,12.431,12.431,ms,single_observation,reported,,all-N server proofs / select V,beat_e64_m16_r2_s002.stdout.log
beat,1/64,16,2,2,1,688,688,6489,4327,4326,79,4333,12,preparation,313.097,313.097,ms,single_observation,reported,,committee interpolation / G2 MSMs,beat_e64_m16_r2_s002.stdout.log
beat,1/64,16,2,2,1,688,688,6489,4327,4326,79,4333,12,precompute,8.681,8.681,ms,single_observation,reported,,cross-term precompute,beat_e64_m16_r2_s002.stdout.log
beat,1/64,16,2,2,1,688,688,6489,4327,4326,79,4333,12,precompute_per_item,0.543,0.543,ms/item,single_observation,reported,16,cross-term precompute,beat_e64_m16_r2_s002.stdout.log
beat,1/64,16,2,2,1,688,688,6489,4327,4326,79,4333,12,opening,18.599,18.599,ms,single_observation,reported,,weighted PRF opening / unmask,beat_e64_m16_r2_s002.stdout.log
beat,1/64,16,2,2,1,688,688,6489,4327,4326,79,4333,12,opening_per_item,1.162,1.162,ms/item,single_observation,reported,16,weighted PRF opening / unmask,beat_e64_m16_r2_s002.stdout.log
beat,1/64,16,2,2,1,688,688,6489,4327,4326,79,4333,12,cold_without_validation,362.324,362.324,ms,single_observation,reported,,post-validation cold-committee path,beat_e64_m16_r2_s002.stdout.log
beat,1/64,16,2,2,1,688,688,6489,4327,4326,79,4333,12,cached_without_validation,49.227,49.227,ms,single_observation,reported,,post-validation cached-committee path,beat_e64_m16_r2_s002.stdout.log
beat,1/64,16,2,2,1,688,688,6489,4327,4326,79,4333,12,cold_with_validation,362.802,362.802,ms,single_observation,reported,,full cold decryption incl client checks,beat_e64_m16_r2_s002.stdout.log
beat,1/64,16,2,2,1,688,688,6489,4327,4326,79,4333,12,cached_with_validation,49.706,49.706,ms,single_observation,reported,,full cached decryption incl client checks,beat_e64_m16_r2_s002.stdout.log
beat,1/64,16,2,2,1,688,688,6489,4327,4326,79,4333,12,dec_open,27.28,27.28,ms,single_observation,sum_of_rounded_phase_means,,,beat_e64_m16_r2_s002.stdout.log
beat,1/64,16,2,2,1,688,688,6489,4327,4326,79,4333,12,dec_total_without_validation,362.32399999999996,362.32399999999996,ms,single_observation,sum_of_rounded_phase_means,,,beat_e64_m16_r2_s002.stdout.log
beat,1/64,16,2,2,1,688,688,6489,4327,4326,79,4333,12,dec_cached_without_validation,49.226999999999975,49.226999999999975,ms,single_observation,sum_of_rounded_phase_means,,,beat_e64_m16_r2_s002.stdout.log
beat,1/64,16,2,3,1,688,688,6489,4327,4326,79,4333,12,crs_setup,0.672,0.672,ms,single_observation,reported,,powers-of-tau CRS setup,beat_e64_m16_r2_s003.stdout.log
beat,1/64,16,2,3,1,688,688,6489,4327,4326,79,4333,12,setup,1050.882,1050.882,ms,single_observation,reported,,weighted master key generation,beat_e64_m16_r2_s003.stdout.log
beat,1/64,16,2,3,1,688,688,6489,4327,4326,79,4333,12,fixed_kernel,6.131,6.131,ms,single_observation,reported,,fixed G2 FFT kernel,beat_e64_m16_r2_s003.stdout.log
beat,1/64,16,2,3,1,688,688,6489,4327,4326,79,4333,12,encryption,1.711,1.711,ms,single_observation,reported,,encrypt batch,beat_e64_m16_r2_s003.stdout.log
beat,1/64,16,2,3,1,688,688,6489,4327,4326,79,4333,12,encryption_per_item,0.107,0.107,ms/item,single_observation,reported,16,encrypt batch,beat_e64_m16_r2_s003.stdout.log
beat,1/64,16,2,3,1,688,688,6489,4327,4326,79,4333,12,validation,0.487,0.487,ms,single_observation,reported,,client proof validation,beat_e64_m16_r2_s003.stdout.log
beat,1/64,16,2,3,1,688,688,6489,4327,4326,79,4333,12,validation_per_item,0.03,0.03,ms/item,single_observation,reported,16,client proof validation,beat_e64_m16_r2_s003.stdout.log
beat,1/64,16,2,3,1,688,688,6489,4327,4326,79,4333,12,predec_all_validators,9.537,9.537,ms,single_observation,reported,,"partial decryptions, all N parties",beat_e64_m16_r2_s003.stdout.log
beat,1/64,16,2,3,1,688,688,6489,4327,4326,79,4333,12,predec_all_validators_per_item,0.014,0.014,ms/item,single_observation,reported,688,"partial decryptions, all N parties",beat_e64_m16_r2_s003.stdout.log
beat,1/64,16,2,3,1,688,688,6489,4327,4326,79,4333,12,acceptance,18.355,18.355,ms,single_observation,reported,,all-N server proofs / select V,beat_e64_m16_r2_s003.stdout.log
beat,1/64,16,2,3,1,688,688,6489,4327,4326,79,4333,12,preparation,312.379,312.379,ms,single_observation,reported,,committee interpolation / G2 MSMs,beat_e64_m16_r2_s003.stdout.log
beat,1/64,16,2,3,1,688,688,6489,4327,4326,79,4333,12,precompute,8.64,8.64,ms,single_observation,reported,,cross-term precompute,beat_e64_m16_r2_s003.stdout.log
beat,1/64,16,2,3,1,688,688,6489,4327,4326,79,4333,12,precompute_per_item,0.54,0.54,ms/item,single_observation,reported,16,cross-term precompute,beat_e64_m16_r2_s003.stdout.log
beat,1/64,16,2,3,1,688,688,6489,4327,4326,79,4333,12,opening,18.589,18.589,ms,single_observation,reported,,weighted PRF opening / unmask,beat_e64_m16_r2_s003.stdout.log
beat,1/64,16,2,3,1,688,688,6489,4327,4326,79,4333,12,opening_per_item,1.162,1.162,ms/item,single_observation,reported,16,weighted PRF opening / unmask,beat_e64_m16_r2_s003.stdout.log
beat,1/64,16,2,3,1,688,688,6489,4327,4326,79,4333,12,cold_without_validation,367.5,367.5,ms,single_observation,reported,,post-validation cold-committee path,beat_e64_m16_r2_s003.stdout.log
beat,1/64,16,2,3,1,688,688,6489,4327,4326,79,4333,12,cached_without_validation,55.121,55.121,ms,single_observation,reported,,post-validation cached-committee path,beat_e64_m16_r2_s003.stdout.log
beat,1/64,16,2,3,1,688,688,6489,4327,4326,79,4333,12,cold_with_validation,367.987,367.987,ms,single_observation,reported,,full cold decryption incl client checks,beat_e64_m16_r2_s003.stdout.log
beat,1/64,16,2,3,1,688,688,6489,4327,4326,79,4333,12,cached_with_validation,55.608,55.608,ms,single_observation,reported,,full cached decryption incl client checks,beat_e64_m16_r2_s003.stdout.log
beat,1/64,16,2,3,1,688,688,6489,4327,4326,79,4333,12,dec_open,27.229,27.229,ms,single_observation,sum_of_rounded_phase_means,,,beat_e64_m16_r2_s003.stdout.log
beat,1/64,16,2,3,1,688,688,6489,4327,4326,79,4333,12,dec_total_without_validation,367.5,367.5,ms,single_observation,sum_of_rounded_phase_means,,,beat_e64_m16_r2_s003.stdout.log
beat,1/64,16,2,3,1,688,688,6489,4327,4326,79,4333,12,dec_cached_without_validation,55.12099999999998,55.12099999999998,ms,single_observation,sum_of_rounded_phase_means,,,beat_e64_m16_r2_s003.stdout.log
beat,1/64,16,2,4,1,688,688,6489,4327,4326,79,4333,12,crs_setup,0.581,0.581,ms,single_observation,reported,,powers-of-tau CRS setup,beat_e64_m16_r2_s004.stdout.log
beat,1/64,16,2,4,1,688,688,6489,4327,4326,79,4333,12,setup,1041.617,1041.617,ms,single_observation,reported,,weighted master key generation,beat_e64_m16_r2_s004.stdout.log
beat,1/64,16,2,4,1,688,688,6489,4327,4326,79,4333,12,fixed_kernel,6.117,6.117,ms,single_observation,reported,,fixed G2 FFT kernel,beat_e64_m16_r2_s004.stdout.log
beat,1/64,16,2,4,1,688,688,6489,4327,4326,79,4333,12,encryption,1.973,1.973,ms,single_observation,reported,,encrypt batch,beat_e64_m16_r2_s004.stdout.log
beat,1/64,16,2,4,1,688,688,6489,4327,4326,79,4333,12,encryption_per_item,0.123,0.123,ms/item,single_observation,reported,16,encrypt batch,beat_e64_m16_r2_s004.stdout.log
beat,1/64,16,2,4,1,688,688,6489,4327,4326,79,4333,12,validation,0.479,0.479,ms,single_observation,reported,,client proof validation,beat_e64_m16_r2_s004.stdout.log
beat,1/64,16,2,4,1,688,688,6489,4327,4326,79,4333,12,validation_per_item,0.03,0.03,ms/item,single_observation,reported,16,client proof validation,beat_e64_m16_r2_s004.stdout.log
beat,1/64,16,2,4,1,688,688,6489,4327,4326,79,4333,12,predec_all_validators,9.559,9.559,ms,single_observation,reported,,"partial decryptions, all N parties",beat_e64_m16_r2_s004.stdout.log
beat,1/64,16,2,4,1,688,688,6489,4327,4326,79,4333,12,predec_all_validators_per_item,0.014,0.014,ms/item,single_observation,reported,688,"partial decryptions, all N parties",beat_e64_m16_r2_s004.stdout.log
beat,1/64,16,2,4,1,688,688,6489,4327,4326,79,4333,12,acceptance,12.43,12.43,ms,single_observation,reported,,all-N server proofs / select V,beat_e64_m16_r2_s004.stdout.log
beat,1/64,16,2,4,1,688,688,6489,4327,4326,79,4333,12,preparation,333.654,333.654,ms,single_observation,reported,,committee interpolation / G2 MSMs,beat_e64_m16_r2_s004.stdout.log
beat,1/64,16,2,4,1,688,688,6489,4327,4326,79,4333,12,precompute,8.623,8.623,ms,single_observation,reported,,cross-term precompute,beat_e64_m16_r2_s004.stdout.log
beat,1/64,16,2,4,1,688,688,6489,4327,4326,79,4333,12,precompute_per_item,0.539,0.539,ms/item,single_observation,reported,16,cross-term precompute,beat_e64_m16_r2_s004.stdout.log
beat,1/64,16,2,4,1,688,688,6489,4327,4326,79,4333,12,opening,18.586,18.586,ms,single_observation,reported,,weighted PRF opening / unmask,beat_e64_m16_r2_s004.stdout.log
beat,1/64,16,2,4,1,688,688,6489,4327,4326,79,4333,12,opening_per_item,1.162,1.162,ms/item,single_observation,reported,16,weighted PRF opening / unmask,beat_e64_m16_r2_s004.stdout.log
beat,1/64,16,2,4,1,688,688,6489,4327,4326,79,4333,12,cold_without_validation,382.853,382.853,ms,single_observation,reported,,post-validation cold-committee path,beat_e64_m16_r2_s004.stdout.log
beat,1/64,16,2,4,1,688,688,6489,4327,4326,79,4333,12,cached_without_validation,49.198,49.198,ms,single_observation,reported,,post-validation cached-committee path,beat_e64_m16_r2_s004.stdout.log
beat,1/64,16,2,4,1,688,688,6489,4327,4326,79,4333,12,cold_with_validation,383.332,383.332,ms,single_observation,reported,,full cold decryption incl client checks,beat_e64_m16_r2_s004.stdout.log
beat,1/64,16,2,4,1,688,688,6489,4327,4326,79,4333,12,cached_with_validation,49.677,49.677,ms,single_observation,reported,,full cached decryption incl client checks,beat_e64_m16_r2_s004.stdout.log
beat,1/64,16,2,4,1,688,688,6489,4327,4326,79,4333,12,dec_open,27.208999999999996,27.208999999999996,ms,single_observation,sum_of_rounded_phase_means,,,beat_e64_m16_r2_s004.stdout.log
beat,1/64,16,2,4,1,688,688,6489,4327,4326,79,4333,12,dec_total_without_validation,382.852,382.852,ms,single_observation,sum_of_rounded_phase_means,,,beat_e64_m16_r2_s004.stdout.log
beat,1/64,16,2,4,1,688,688,6489,4327,4326,79,4333,12,dec_cached_without_validation,49.19799999999998,49.19799999999998,ms,single_observation,sum_of_rounded_phase_means,,,beat_e64_m16_r2_s004.stdout.log
beat,1/64,16,2,5,1,688,688,6489,4327,4326,79,4333,12,crs_setup,0.561,0.561,ms,single_observation,reported,,powers-of-tau CRS setup,beat_e64_m16_r2_s005.stdout.log
beat,1/64,16,2,5,1,688,688,6489,4327,4326,79,4333,12,setup,1051.154,1051.154,ms,single_observation,reported,,weighted master key generation,beat_e64_m16_r2_s005.stdout.log
beat,1/64,16,2,5,1,688,688,6489,4327,4326,79,4333,12,fixed_kernel,6.468,6.468,ms,single_observation,reported,,fixed G2 FFT kernel,beat_e64_m16_r2_s005.stdout.log
beat,1/64,16,2,5,1,688,688,6489,4327,4326,79,4333,12,encryption,2.085,2.085,ms,single_observation,reported,,encrypt batch,beat_e64_m16_r2_s005.stdout.log
beat,1/64,16,2,5,1,688,688,6489,4327,4326,79,4333,12,encryption_per_item,0.13,0.13,ms/item,single_observation,reported,16,encrypt batch,beat_e64_m16_r2_s005.stdout.log
beat,1/64,16,2,5,1,688,688,6489,4327,4326,79,4333,12,validation,0.473,0.473,ms,single_observation,reported,,client proof validation,beat_e64_m16_r2_s005.stdout.log
beat,1/64,16,2,5,1,688,688,6489,4327,4326,79,4333,12,validation_per_item,0.03,0.03,ms/item,single_observation,reported,16,client proof validation,beat_e64_m16_r2_s005.stdout.log
beat,1/64,16,2,5,1,688,688,6489,4327,4326,79,4333,12,predec_all_validators,9.574,9.574,ms,single_observation,reported,,"partial decryptions, all N parties",beat_e64_m16_r2_s005.stdout.log
beat,1/64,16,2,5,1,688,688,6489,4327,4326,79,4333,12,predec_all_validators_per_item,0.014,0.014,ms/item,single_observation,reported,688,"partial decryptions, all N parties",beat_e64_m16_r2_s005.stdout.log
beat,1/64,16,2,5,1,688,688,6489,4327,4326,79,4333,12,acceptance,12.436,12.436,ms,single_observation,reported,,all-N server proofs / select V,beat_e64_m16_r2_s005.stdout.log
beat,1/64,16,2,5,1,688,688,6489,4327,4326,79,4333,12,preparation,318.852,318.852,ms,single_observation,reported,,committee interpolation / G2 MSMs,beat_e64_m16_r2_s005.stdout.log
beat,1/64,16,2,5,1,688,688,6489,4327,4326,79,4333,12,precompute,8.626,8.626,ms,single_observation,reported,,cross-term precompute,beat_e64_m16_r2_s005.stdout.log
beat,1/64,16,2,5,1,688,688,6489,4327,4326,79,4333,12,precompute_per_item,0.539,0.539,ms/item,single_observation,reported,16,cross-term precompute,beat_e64_m16_r2_s005.stdout.log
beat,1/64,16,2,5,1,688,688,6489,4327,4326,79,4333,12,opening,18.656,18.656,ms,single_observation,reported,,weighted PRF opening / unmask,beat_e64_m16_r2_s005.stdout.log
beat,1/64,16,2,5,1,688,688,6489,4327,4326,79,4333,12,opening_per_item,1.166,1.166,ms/item,single_observation,reported,16,weighted PRF opening / unmask,beat_e64_m16_r2_s005.stdout.log
beat,1/64,16,2,5,1,688,688,6489,4327,4326,79,4333,12,cold_without_validation,368.144,368.144,ms,single_observation,reported,,post-validation cold-committee path,beat_e64_m16_r2_s005.stdout.log
beat,1/64,16,2,5,1,688,688,6489,4327,4326,79,4333,12,cached_without_validation,49.292,49.292,ms,single_observation,reported,,post-validation cached-committee path,beat_e64_m16_r2_s005.stdout.log
beat,1/64,16,2,5,1,688,688,6489,4327,4326,79,4333,12,cold_with_validation,368.617,368.617,ms,single_observation,reported,,full cold decryption incl client checks,beat_e64_m16_r2_s005.stdout.log
beat,1/64,16,2,5,1,688,688,6489,4327,4326,79,4333,12,cached_with_validation,49.765,49.765,ms,single_observation,reported,,full cached decryption incl client checks,beat_e64_m16_r2_s005.stdout.log
beat,1/64,16,2,5,1,688,688,6489,4327,4326,79,4333,12,dec_open,27.281999999999996,27.281999999999996,ms,single_observation,sum_of_rounded_phase_means,,,beat_e64_m16_r2_s005.stdout.log
beat,1/64,16,2,5,1,688,688,6489,4327,4326,79,4333,12,dec_total_without_validation,368.14399999999995,368.14399999999995,ms,single_observation,sum_of_rounded_phase_means,,,beat_e64_m16_r2_s005.stdout.log
beat,1/64,16,2,5,1,688,688,6489,4327,4326,79,4333,12,dec_cached_without_validation,49.29199999999997,49.29199999999997,ms,single_observation,sum_of_rounded_phase_means,,,beat_e64_m16_r2_s005.stdout.log
btx,1/64,16,2,0,5,6489,688,6489,4327,4326,4327,4327,12,setup,2511.373,2511.373,ms,internal_arithmetic_mean,reported,,trusted key generation,btx_e64_m16_r2.stdout.log
btx,1/64,16,2,0,5,6489,688,6489,4327,4326,4327,4327,12,encryption,8.415,8.415,ms,internal_arithmetic_mean,reported,,encrypt batch,btx_e64_m16_r2.stdout.log
btx,1/64,16,2,0,5,6489,688,6489,4327,4326,4327,4327,12,encryption_per_item,0.526,0.526,ms/item,internal_arithmetic_mean,reported,16,encrypt batch,btx_e64_m16_r2.stdout.log
btx,1/64,16,2,0,5,6489,688,6489,4327,4326,4327,4327,12,fixed_kernel,6.624,6.624,ms,internal_arithmetic_mean,reported,,fixed G2 FFT kernel,btx_e64_m16_r2.stdout.log
btx,1/64,16,2,0,5,6489,688,6489,4327,4326,4327,4327,12,validation,0.363,0.363,ms,internal_arithmetic_mean,reported,,ctxtCheck(B),btx_e64_m16_r2.stdout.log
btx,1/64,16,2,0,5,6489,688,6489,4327,4326,4327,4327,12,validation_per_item,0.023,0.023,ms/item,internal_arithmetic_mean,reported,16,ctxtCheck(B),btx_e64_m16_r2.stdout.log
btx,1/64,16,2,0,5,6489,688,6489,4327,4326,4327,4327,12,precompute,8.601,8.601,ms,internal_arithmetic_mean,reported,,precompute(B),btx_e64_m16_r2.stdout.log
btx,1/64,16,2,0,5,6489,688,6489,4327,4326,4327,4327,12,precompute_per_item,0.538,0.538,ms/item,internal_arithmetic_mean,reported,16,precompute(B),btx_e64_m16_r2.stdout.log
btx,1/64,16,2,0,5,6489,688,6489,4327,4326,4327,4327,12,predec_one_virtual_server,0.17,0.17,ms,internal_arithmetic_mean,reported,,"partialDecrypt(B), one server",btx_e64_m16_r2.stdout.log
btx,1/64,16,2,0,5,6489,688,6489,4327,4326,4327,4327,12,predec_one_virtual_server_per_item,0.011,0.011,ms/item,internal_arithmetic_mean,reported,16,"partialDecrypt(B), one server",btx_e64_m16_r2.stdout.log
btx,1/64,16,2,0,5,6489,688,6489,4327,4326,4327,4327,12,combine,718.673,718.673,ms,internal_arithmetic_mean,reported,,combine(n),btx_e64_m16_r2.stdout.log
btx,1/64,16,2,0,5,6489,688,6489,4327,4326,4327,4327,12,combine_per_item,0.166,0.166,ms/item,internal_arithmetic_mean,reported,4327,combine(n),btx_e64_m16_r2.stdout.log
btx,1/64,16,2,0,5,6489,688,6489,4327,4326,4327,4327,12,server_check,3.048,3.048,ms,internal_arithmetic_mean,reported,,"serverCheck(B,n)",btx_e64_m16_r2.stdout.log
btx,1/64,16,2,0,5,6489,688,6489,4327,4326,4327,4327,12,server_check_per_item,0.191,0.191,ms/item,internal_arithmetic_mean,reported,16,"serverCheck(B,n)",btx_e64_m16_r2.stdout.log
btx,1/64,16,2,0,5,6489,688,6489,4327,4326,4327,4327,12,opening,0.744,0.744,ms,internal_arithmetic_mean,reported,,open(B),btx_e64_m16_r2.stdout.log
btx,1/64,16,2,0,5,6489,688,6489,4327,4326,4327,4327,12,opening_per_item,0.046,0.046,ms/item,internal_arithmetic_mean,reported,16,open(B),btx_e64_m16_r2.stdout.log
btx,1/64,16,2,0,5,6489,688,6489,4327,4326,4327,4327,12,core_one_server_total,728.187,728.187,ms,internal_arithmetic_mean,reported,,core sequential total,btx_e64_m16_r2.stdout.log
btx,1/64,16,2,0,5,6489,688,6489,4327,4326,4327,4327,12,robust_one_server_total,731.598,731.598,ms,internal_arithmetic_mean,reported,,robust sequential total,btx_e64_m16_r2.stdout.log
btx,1/64,16,2,0,5,6489,688,6489,4327,4326,4327,4327,12,all_virtual_shares_derived,735.59,735.59,ms,internal_arithmetic_mean,q_times_rounded_one_server_mean,,,btx_e64_m16_r2.stdout.log
btx,1/64,16,2,0,5,6489,688,6489,4327,4326,4327,4327,12,all_local_core_derived,1463.608,1463.608,ms,internal_arithmetic_mean,sum_with_q_times_rounded_one_server_mean,,,btx_e64_m16_r2.stdout.log
btx,1/64,16,2,0,5,6489,688,6489,4327,4326,4327,4327,12,all_local_robust_derived,1467.019,1467.019,ms,internal_arithmetic_mean,sum_with_q_times_rounded_one_server_mean,,,btx_e64_m16_r2.stdout.log
pfe,1/64,16,2,0,5,6489,688,6489,4327,4326,4327,4327,12,setup,2538.036,2538.036,ms,internal_arithmetic_mean,reported,,trusted key generation,pfe_e64_m16_r2.stdout.log
pfe,1/64,16,2,0,5,6489,688,6489,4327,4326,4327,4327,12,encryption,1.309,1.309,ms,internal_arithmetic_mean,reported,,encrypt batch,pfe_e64_m16_r2.stdout.log
pfe,1/64,16,2,0,5,6489,688,6489,4327,4326,4327,4327,12,encryption_per_item,0.082,0.082,ms/item,internal_arithmetic_mean,reported,16,encrypt batch,pfe_e64_m16_r2.stdout.log
pfe,1/64,16,2,0,5,6489,688,6489,4327,4326,4327,4327,12,fixed_kernel,9.842,9.842,ms,internal_arithmetic_mean,reported,,fixed PFE FFT/G2 kernel,pfe_e64_m16_r2.stdout.log
pfe,1/64,16,2,0,5,6489,688,6489,4327,4326,4327,4327,12,validation,0.475,0.475,ms,internal_arithmetic_mean,reported,,ctxtCheck(B),pfe_e64_m16_r2.stdout.log
pfe,1/64,16,2,0,5,6489,688,6489,4327,4326,4327,4327,12,validation_per_item,0.03,0.03,ms/item,internal_arithmetic_mean,reported,16,ctxtCheck(B),pfe_e64_m16_r2.stdout.log
pfe,1/64,16,2,0,5,6489,688,6489,4327,4326,4327,4327,12,precompute,7.716,7.716,ms,internal_arithmetic_mean,reported,,precompute(B),pfe_e64_m16_r2.stdout.log
pfe,1/64,16,2,0,5,6489,688,6489,4327,4326,4327,4327,12,precompute_per_item,0.482,0.482,ms/item,internal_arithmetic_mean,reported,16,precompute(B),pfe_e64_m16_r2.stdout.log
pfe,1/64,16,2,0,5,6489,688,6489,4327,4326,4327,4327,12,predec_one_virtual_server,0.17,0.17,ms,internal_arithmetic_mean,reported,,"partialDecrypt(B), one server",pfe_e64_m16_r2.stdout.log
pfe,1/64,16,2,0,5,6489,688,6489,4327,4326,4327,4327,12,predec_one_virtual_server_per_item,0.011,0.011,ms/item,internal_arithmetic_mean,reported,16,"partialDecrypt(B), one server",pfe_e64_m16_r2.stdout.log
pfe,1/64,16,2,0,5,6489,688,6489,4327,4326,4327,4327,12,combine,723.123,723.123,ms,internal_arithmetic_mean,reported,,combine(n),pfe_e64_m16_r2.stdout.log
pfe,1/64,16,2,0,5,6489,688,6489,4327,4326,4327,4327,12,combine_per_item,0.167,0.167,ms/item,internal_arithmetic_mean,reported,4327,combine(n),pfe_e64_m16_r2.stdout.log
pfe,1/64,16,2,0,5,6489,688,6489,4327,4326,4327,4327,12,server_check,2.457,2.457,ms,internal_arithmetic_mean,reported,,"serverCheck(B,n)",pfe_e64_m16_r2.stdout.log
pfe,1/64,16,2,0,5,6489,688,6489,4327,4326,4327,4327,12,server_check_per_item,0.154,0.154,ms/item,internal_arithmetic_mean,reported,16,"serverCheck(B,n)",pfe_e64_m16_r2.stdout.log
pfe,1/64,16,2,0,5,6489,688,6489,4327,4326,4327,4327,12,opening,2.099,2.099,ms,internal_arithmetic_mean,reported,,"open(B), fused 3-pair path",pfe_e64_m16_r2.stdout.log
pfe,1/64,16,2,0,5,6489,688,6489,4327,4326,4327,4327,12,opening_per_item,0.131,0.131,ms/item,internal_arithmetic_mean,reported,16,"open(B), fused 3-pair path",pfe_e64_m16_r2.stdout.log
pfe,1/64,16,2,0,5,6489,688,6489,4327,4326,4327,4327,12,core_one_server_total,733.108,733.108,ms,internal_arithmetic_mean,reported,,core sequential total,pfe_e64_m16_r2.stdout.log
pfe,1/64,16,2,0,5,6489,688,6489,4327,4326,4327,4327,12,robust_one_server_total,736.04,736.04,ms,internal_arithmetic_mean,reported,,robust sequential total,pfe_e64_m16_r2.stdout.log
pfe,1/64,16,2,0,5,6489,688,6489,4327,4326,4327,4327,12,all_virtual_shares_derived,735.59,735.59,ms,internal_arithmetic_mean,q_times_rounded_one_server_mean,,,pfe_e64_m16_r2.stdout.log
pfe,1/64,16,2,0,5,6489,688,6489,4327,4326,4327,4327,12,all_local_core_derived,1468.528,1468.528,ms,internal_arithmetic_mean,sum_with_q_times_rounded_one_server_mean,,,pfe_e64_m16_r2.stdout.log
pfe,1/64,16,2,0,5,6489,688,6489,4327,4326,4327,4327,12,all_local_robust_derived,1471.46,1471.46,ms,internal_arithmetic_mean,sum_with_q_times_rounded_one_server_mean,,,pfe_e64_m16_r2.stdout.log
beat,1/32,16,2,1,1,598,598,3063,2044,2043,79,2046,12,crs_setup,0.669,0.669,ms,single_observation,reported,,powers-of-tau CRS setup,beat_e32_m16_r2_s001.stdout.log
beat,1/32,16,2,1,1,598,598,3063,2044,2043,79,2046,12,setup,507.837,507.837,ms,single_observation,reported,,weighted master key generation,beat_e32_m16_r2_s001.stdout.log
beat,1/32,16,2,1,1,598,598,3063,2044,2043,79,2046,12,fixed_kernel,6.164,6.164,ms,single_observation,reported,,fixed G2 FFT kernel,beat_e32_m16_r2_s001.stdout.log
beat,1/32,16,2,1,1,598,598,3063,2044,2043,79,2046,12,encryption,1.413,1.413,ms,single_observation,reported,,encrypt batch,beat_e32_m16_r2_s001.stdout.log
beat,1/32,16,2,1,1,598,598,3063,2044,2043,79,2046,12,encryption_per_item,0.088,0.088,ms/item,single_observation,reported,16,encrypt batch,beat_e32_m16_r2_s001.stdout.log
beat,1/32,16,2,1,1,598,598,3063,2044,2043,79,2046,12,validation,0.481,0.481,ms,single_observation,reported,,client proof validation,beat_e32_m16_r2_s001.stdout.log
beat,1/32,16,2,1,1,598,598,3063,2044,2043,79,2046,12,validation_per_item,0.03,0.03,ms/item,single_observation,reported,16,client proof validation,beat_e32_m16_r2_s001.stdout.log
beat,1/32,16,2,1,1,598,598,3063,2044,2043,79,2046,12,predec_all_validators,8.224,8.224,ms,single_observation,reported,,"partial decryptions, all N parties",beat_e32_m16_r2_s001.stdout.log
beat,1/32,16,2,1,1,598,598,3063,2044,2043,79,2046,12,predec_all_validators_per_item,0.014,0.014,ms/item,single_observation,reported,598,"partial decryptions, all N parties",beat_e32_m16_r2_s001.stdout.log
beat,1/32,16,2,1,1,598,598,3063,2044,2043,79,2046,12,acceptance,11.774,11.774,ms,single_observation,reported,,all-N server proofs / select V,beat_e32_m16_r2_s001.stdout.log
beat,1/32,16,2,1,1,598,598,3063,2044,2043,79,2046,12,preparation,184.933,184.933,ms,single_observation,reported,,committee interpolation / G2 MSMs,beat_e32_m16_r2_s001.stdout.log
beat,1/32,16,2,1,1,598,598,3063,2044,2043,79,2046,12,precompute,8.614,8.614,ms,single_observation,reported,,cross-term precompute,beat_e32_m16_r2_s001.stdout.log
beat,1/32,16,2,1,1,598,598,3063,2044,2043,79,2046,12,precompute_per_item,0.538,0.538,ms/item,single_observation,reported,16,cross-term precompute,beat_e32_m16_r2_s001.stdout.log
beat,1/32,16,2,1,1,598,598,3063,2044,2043,79,2046,12,opening,18.61,18.61,ms,single_observation,reported,,weighted PRF opening / unmask,beat_e32_m16_r2_s001.stdout.log
beat,1/32,16,2,1,1,598,598,3063,2044,2043,79,2046,12,opening_per_item,1.163,1.163,ms/item,single_observation,reported,16,weighted PRF opening / unmask,beat_e32_m16_r2_s001.stdout.log
beat,1/32,16,2,1,1,598,598,3063,2044,2043,79,2046,12,cold_without_validation,232.154,232.154,ms,single_observation,reported,,post-validation cold-committee path,beat_e32_m16_r2_s001.stdout.log
beat,1/32,16,2,1,1,598,598,3063,2044,2043,79,2046,12,cached_without_validation,47.222,47.222,ms,single_observation,reported,,post-validation cached-committee path,beat_e32_m16_r2_s001.stdout.log
beat,1/32,16,2,1,1,598,598,3063,2044,2043,79,2046,12,cold_with_validation,232.635,232.635,ms,single_observation,reported,,full cold decryption incl client checks,beat_e32_m16_r2_s001.stdout.log
beat,1/32,16,2,1,1,598,598,3063,2044,2043,79,2046,12,cached_with_validation,47.703,47.703,ms,single_observation,reported,,full cached decryption incl client checks,beat_e32_m16_r2_s001.stdout.log
beat,1/32,16,2,1,1,598,598,3063,2044,2043,79,2046,12,dec_open,27.224,27.224,ms,single_observation,sum_of_rounded_phase_means,,,beat_e32_m16_r2_s001.stdout.log
beat,1/32,16,2,1,1,598,598,3063,2044,2043,79,2046,12,dec_total_without_validation,232.155,232.155,ms,single_observation,sum_of_rounded_phase_means,,,beat_e32_m16_r2_s001.stdout.log
beat,1/32,16,2,1,1,598,598,3063,2044,2043,79,2046,12,dec_cached_without_validation,47.22200000000001,47.22200000000001,ms,single_observation,sum_of_rounded_phase_means,,,beat_e32_m16_r2_s001.stdout.log
beat,1/32,16,2,2,1,598,598,3063,2044,2043,79,2046,12,crs_setup,0.668,0.668,ms,single_observation,reported,,powers-of-tau CRS setup,beat_e32_m16_r2_s002.stdout.log
beat,1/32,16,2,2,1,598,598,3063,2044,2043,79,2046,12,setup,508.474,508.474,ms,single_observation,reported,,weighted master key generation,beat_e32_m16_r2_s002.stdout.log
beat,1/32,16,2,2,1,598,598,3063,2044,2043,79,2046,12,fixed_kernel,6.149,6.149,ms,single_observation,reported,,fixed G2 FFT kernel,beat_e32_m16_r2_s002.stdout.log
beat,1/32,16,2,2,1,598,598,3063,2044,2043,79,2046,12,encryption,1.416,1.416,ms,single_observation,reported,,encrypt batch,beat_e32_m16_r2_s002.stdout.log
beat,1/32,16,2,2,1,598,598,3063,2044,2043,79,2046,12,encryption_per_item,0.089,0.089,ms/item,single_observation,reported,16,encrypt batch,beat_e32_m16_r2_s002.stdout.log
beat,1/32,16,2,2,1,598,598,3063,2044,2043,79,2046,12,validation,0.476,0.476,ms,single_observation,reported,,client proof validation,beat_e32_m16_r2_s002.stdout.log
beat,1/32,16,2,2,1,598,598,3063,2044,2043,79,2046,12,validation_per_item,0.03,0.03,ms/item,single_observation,reported,16,client proof validation,beat_e32_m16_r2_s002.stdout.log
beat,1/32,16,2,2,1,598,598,3063,2044,2043,79,2046,12,predec_all_validators,8.31,8.31,ms,single_observation,reported,,"partial decryptions, all N parties",beat_e32_m16_r2_s002.stdout.log
beat,1/32,16,2,2,1,598,598,3063,2044,2043,79,2046,12,predec_all_validators_per_item,0.014,0.014,ms/item,single_observation,reported,598,"partial decryptions, all N parties",beat_e32_m16_r2_s002.stdout.log
beat,1/32,16,2,2,1,598,598,3063,2044,2043,79,2046,12,acceptance,10.805,10.805,ms,single_observation,reported,,all-N server proofs / select V,beat_e32_m16_r2_s002.stdout.log
beat,1/32,16,2,2,1,598,598,3063,2044,2043,79,2046,12,preparation,188.149,188.149,ms,single_observation,reported,,committee interpolation / G2 MSMs,beat_e32_m16_r2_s002.stdout.log
beat,1/32,16,2,2,1,598,598,3063,2044,2043,79,2046,12,precompute,8.608,8.608,ms,single_observation,reported,,cross-term precompute,beat_e32_m16_r2_s002.stdout.log
beat,1/32,16,2,2,1,598,598,3063,2044,2043,79,2046,12,precompute_per_item,0.538,0.538,ms/item,single_observation,reported,16,cross-term precompute,beat_e32_m16_r2_s002.stdout.log
beat,1/32,16,2,2,1,598,598,3063,2044,2043,79,2046,12,opening,18.644,18.644,ms,single_observation,reported,,weighted PRF opening / unmask,beat_e32_m16_r2_s002.stdout.log
beat,1/32,16,2,2,1,598,598,3063,2044,2043,79,2046,12,opening_per_item,1.165,1.165,ms/item,single_observation,reported,16,weighted PRF opening / unmask,beat_e32_m16_r2_s002.stdout.log
beat,1/32,16,2,2,1,598,598,3063,2044,2043,79,2046,12,cold_without_validation,234.516,234.516,ms,single_observation,reported,,post-validation cold-committee path,beat_e32_m16_r2_s002.stdout.log
beat,1/32,16,2,2,1,598,598,3063,2044,2043,79,2046,12,cached_without_validation,46.367,46.367,ms,single_observation,reported,,post-validation cached-committee path,beat_e32_m16_r2_s002.stdout.log
beat,1/32,16,2,2,1,598,598,3063,2044,2043,79,2046,12,cold_with_validation,234.992,234.992,ms,single_observation,reported,,full cold decryption incl client checks,beat_e32_m16_r2_s002.stdout.log
beat,1/32,16,2,2,1,598,598,3063,2044,2043,79,2046,12,cached_with_validation,46.843,46.843,ms,single_observation,reported,,full cached decryption incl client checks,beat_e32_m16_r2_s002.stdout.log
beat,1/32,16,2,2,1,598,598,3063,2044,2043,79,2046,12,dec_open,27.252,27.252,ms,single_observation,sum_of_rounded_phase_means,,,beat_e32_m16_r2_s002.stdout.log
beat,1/32,16,2,2,1,598,598,3063,2044,2043,79,2046,12,dec_total_without_validation,234.516,234.516,ms,single_observation,sum_of_rounded_phase_means,,,beat_e32_m16_r2_s002.stdout.log
beat,1/32,16,2,2,1,598,598,3063,2044,2043,79,2046,12,dec_cached_without_validation,46.36699999999999,46.36699999999999,ms,single_observation,sum_of_rounded_phase_means,,,beat_e32_m16_r2_s002.stdout.log
beat,1/32,16,2,3,1,598,598,3063,2044,2043,79,2046,12,crs_setup,0.556,0.556,ms,single_observation,reported,,powers-of-tau CRS setup,beat_e32_m16_r2_s003.stdout.log
beat,1/32,16,2,3,1,598,598,3063,2044,2043,79,2046,12,setup,495.333,495.333,ms,single_observation,reported,,weighted master key generation,beat_e32_m16_r2_s003.stdout.log
beat,1/32,16,2,3,1,598,598,3063,2044,2043,79,2046,12,fixed_kernel,6.152,6.152,ms,single_observation,reported,,fixed G2 FFT kernel,beat_e32_m16_r2_s003.stdout.log
beat,1/32,16,2,3,1,598,598,3063,2044,2043,79,2046,12,encryption,1.408,1.408,ms,single_observation,reported,,encrypt batch,beat_e32_m16_r2_s003.stdout.log
beat,1/32,16,2,3,1,598,598,3063,2044,2043,79,2046,12,encryption_per_item,0.088,0.088,ms/item,single_observation,reported,16,encrypt batch,beat_e32_m16_r2_s003.stdout.log
beat,1/32,16,2,3,1,598,598,3063,2044,2043,79,2046,12,validation,0.48,0.48,ms,single_observation,reported,,client proof validation,beat_e32_m16_r2_s003.stdout.log
beat,1/32,16,2,3,1,598,598,3063,2044,2043,79,2046,12,validation_per_item,0.03,0.03,ms/item,single_observation,reported,16,client proof validation,beat_e32_m16_r2_s003.stdout.log
beat,1/32,16,2,3,1,598,598,3063,2044,2043,79,2046,12,predec_all_validators,8.314,8.314,ms,single_observation,reported,,"partial decryptions, all N parties",beat_e32_m16_r2_s003.stdout.log
beat,1/32,16,2,3,1,598,598,3063,2044,2043,79,2046,12,predec_all_validators_per_item,0.014,0.014,ms/item,single_observation,reported,598,"partial decryptions, all N parties",beat_e32_m16_r2_s003.stdout.log
beat,1/32,16,2,3,1,598,598,3063,2044,2043,79,2046,12,acceptance,10.782,10.782,ms,single_observation,reported,,all-N server proofs / select V,beat_e32_m16_r2_s003.stdout.log
beat,1/32,16,2,3,1,598,598,3063,2044,2043,79,2046,12,preparation,169.959,169.959,ms,single_observation,reported,,committee interpolation / G2 MSMs,beat_e32_m16_r2_s003.stdout.log
beat,1/32,16,2,3,1,598,598,3063,2044,2043,79,2046,12,precompute,8.656,8.656,ms,single_observation,reported,,cross-term precompute,beat_e32_m16_r2_s003.stdout.log
beat,1/32,16,2,3,1,598,598,3063,2044,2043,79,2046,12,precompute_per_item,0.541,0.541,ms/item,single_observation,reported,16,cross-term precompute,beat_e32_m16_r2_s003.stdout.log
beat,1/32,16,2,3,1,598,598,3063,2044,2043,79,2046,12,opening,18.589,18.589,ms,single_observation,reported,,weighted PRF opening / unmask,beat_e32_m16_r2_s003.stdout.log
beat,1/32,16,2,3,1,598,598,3063,2044,2043,79,2046,12,opening_per_item,1.162,1.162,ms/item,single_observation,reported,16,weighted PRF opening / unmask,beat_e32_m16_r2_s003.stdout.log
beat,1/32,16,2,3,1,598,598,3063,2044,2043,79,2046,12,cold_without_validation,216.299,216.299,ms,single_observation,reported,,post-validation cold-committee path,beat_e32_m16_r2_s003.stdout.log
beat,1/32,16,2,3,1,598,598,3063,2044,2043,79,2046,12,cached_without_validation,46.341,46.341,ms,single_observation,reported,,post-validation cached-committee path,beat_e32_m16_r2_s003.stdout.log
beat,1/32,16,2,3,1,598,598,3063,2044,2043,79,2046,12,cold_with_validation,216.78,216.78,ms,single_observation,reported,,full cold decryption incl client checks,beat_e32_m16_r2_s003.stdout.log
beat,1/32,16,2,3,1,598,598,3063,2044,2043,79,2046,12,cached_with_validation,46.821,46.821,ms,single_observation,reported,,full cached decryption incl client checks,beat_e32_m16_r2_s003.stdout.log
beat,1/32,16,2,3,1,598,598,3063,2044,2043,79,2046,12,dec_open,27.244999999999997,27.244999999999997,ms,single_observation,sum_of_rounded_phase_means,,,beat_e32_m16_r2_s003.stdout.log
beat,1/32,16,2,3,1,598,598,3063,2044,2043,79,2046,12,dec_total_without_validation,216.3,216.3,ms,single_observation,sum_of_rounded_phase_means,,,beat_e32_m16_r2_s003.stdout.log
beat,1/32,16,2,3,1,598,598,3063,2044,2043,79,2046,12,dec_cached_without_validation,46.34100000000001,46.34100000000001,ms,single_observation,sum_of_rounded_phase_means,,,beat_e32_m16_r2_s003.stdout.log
beat,1/32,16,2,4,1,598,598,3063,2044,2043,79,2046,12,crs_setup,0.668,0.668,ms,single_observation,reported,,powers-of-tau CRS setup,beat_e32_m16_r2_s004.stdout.log
beat,1/32,16,2,4,1,598,598,3063,2044,2043,79,2046,12,setup,495.898,495.898,ms,single_observation,reported,,weighted master key generation,beat_e32_m16_r2_s004.stdout.log
beat,1/32,16,2,4,1,598,598,3063,2044,2043,79,2046,12,fixed_kernel,6.146,6.146,ms,single_observation,reported,,fixed G2 FFT kernel,beat_e32_m16_r2_s004.stdout.log
beat,1/32,16,2,4,1,598,598,3063,2044,2043,79,2046,12,encryption,1.407,1.407,ms,single_observation,reported,,encrypt batch,beat_e32_m16_r2_s004.stdout.log
beat,1/32,16,2,4,1,598,598,3063,2044,2043,79,2046,12,encryption_per_item,0.088,0.088,ms/item,single_observation,reported,16,encrypt batch,beat_e32_m16_r2_s004.stdout.log
beat,1/32,16,2,4,1,598,598,3063,2044,2043,79,2046,12,validation,0.478,0.478,ms,single_observation,reported,,client proof validation,beat_e32_m16_r2_s004.stdout.log
beat,1/32,16,2,4,1,598,598,3063,2044,2043,79,2046,12,validation_per_item,0.03,0.03,ms/item,single_observation,reported,16,client proof validation,beat_e32_m16_r2_s004.stdout.log
beat,1/32,16,2,4,1,598,598,3063,2044,2043,79,2046,12,predec_all_validators,8.45,8.45,ms,single_observation,reported,,"partial decryptions, all N parties",beat_e32_m16_r2_s004.stdout.log
beat,1/32,16,2,4,1,598,598,3063,2044,2043,79,2046,12,predec_all_validators_per_item,0.014,0.014,ms/item,single_observation,reported,598,"partial decryptions, all N parties",beat_e32_m16_r2_s004.stdout.log
beat,1/32,16,2,4,1,598,598,3063,2044,2043,79,2046,12,acceptance,10.984,10.984,ms,single_observation,reported,,all-N server proofs / select V,beat_e32_m16_r2_s004.stdout.log
beat,1/32,16,2,4,1,598,598,3063,2044,2043,79,2046,12,preparation,170.081,170.081,ms,single_observation,reported,,committee interpolation / G2 MSMs,beat_e32_m16_r2_s004.stdout.log
beat,1/32,16,2,4,1,598,598,3063,2044,2043,79,2046,12,precompute,8.654,8.654,ms,single_observation,reported,,cross-term precompute,beat_e32_m16_r2_s004.stdout.log
beat,1/32,16,2,4,1,598,598,3063,2044,2043,79,2046,12,precompute_per_item,0.541,0.541,ms/item,single_observation,reported,16,cross-term precompute,beat_e32_m16_r2_s004.stdout.log
beat,1/32,16,2,4,1,598,598,3063,2044,2043,79,2046,12,opening,18.603,18.603,ms,single_observation,reported,,weighted PRF opening / unmask,beat_e32_m16_r2_s004.stdout.log
beat,1/32,16,2,4,1,598,598,3063,2044,2043,79,2046,12,opening_per_item,1.163,1.163,ms/item,single_observation,reported,16,weighted PRF opening / unmask,beat_e32_m16_r2_s004.stdout.log
beat,1/32,16,2,4,1,598,598,3063,2044,2043,79,2046,12,cold_without_validation,216.772,216.772,ms,single_observation,reported,,post-validation cold-committee path,beat_e32_m16_r2_s004.stdout.log
beat,1/32,16,2,4,1,598,598,3063,2044,2043,79,2046,12,cached_without_validation,46.691,46.691,ms,single_observation,reported,,post-validation cached-committee path,beat_e32_m16_r2_s004.stdout.log
beat,1/32,16,2,4,1,598,598,3063,2044,2043,79,2046,12,cold_with_validation,217.25,217.25,ms,single_observation,reported,,full cold decryption incl client checks,beat_e32_m16_r2_s004.stdout.log
beat,1/32,16,2,4,1,598,598,3063,2044,2043,79,2046,12,cached_with_validation,47.169,47.169,ms,single_observation,reported,,full cached decryption incl client checks,beat_e32_m16_r2_s004.stdout.log
beat,1/32,16,2,4,1,598,598,3063,2044,2043,79,2046,12,dec_open,27.257,27.257,ms,single_observation,sum_of_rounded_phase_means,,,beat_e32_m16_r2_s004.stdout.log
beat,1/32,16,2,4,1,598,598,3063,2044,2043,79,2046,12,dec_total_without_validation,216.772,216.772,ms,single_observation,sum_of_rounded_phase_means,,,beat_e32_m16_r2_s004.stdout.log
beat,1/32,16,2,4,1,598,598,3063,2044,2043,79,2046,12,dec_cached_without_validation,46.691,46.691,ms,single_observation,sum_of_rounded_phase_means,,,beat_e32_m16_r2_s004.stdout.log
beat,1/32,16,2,5,1,598,598,3063,2044,2043,79,2046,12,crs_setup,0.676,0.676,ms,single_observation,reported,,powers-of-tau CRS setup,beat_e32_m16_r2_s005.stdout.log
beat,1/32,16,2,5,1,598,598,3063,2044,2043,79,2046,12,setup,536.019,536.019,ms,single_observation,reported,,weighted master key generation,beat_e32_m16_r2_s005.stdout.log
beat,1/32,16,2,5,1,598,598,3063,2044,2043,79,2046,12,fixed_kernel,6.216,6.216,ms,single_observation,reported,,fixed G2 FFT kernel,beat_e32_m16_r2_s005.stdout.log
beat,1/32,16,2,5,1,598,598,3063,2044,2043,79,2046,12,encryption,1.41,1.41,ms,single_observation,reported,,encrypt batch,beat_e32_m16_r2_s005.stdout.log
beat,1/32,16,2,5,1,598,598,3063,2044,2043,79,2046,12,encryption_per_item,0.088,0.088,ms/item,single_observation,reported,16,encrypt batch,beat_e32_m16_r2_s005.stdout.log
beat,1/32,16,2,5,1,598,598,3063,2044,2043,79,2046,12,validation,0.477,0.477,ms,single_observation,reported,,client proof validation,beat_e32_m16_r2_s005.stdout.log
beat,1/32,16,2,5,1,598,598,3063,2044,2043,79,2046,12,validation_per_item,0.03,0.03,ms/item,single_observation,reported,16,client proof validation,beat_e32_m16_r2_s005.stdout.log
beat,1/32,16,2,5,1,598,598,3063,2044,2043,79,2046,12,predec_all_validators,8.253,8.253,ms,single_observation,reported,,"partial decryptions, all N parties",beat_e32_m16_r2_s005.stdout.log
beat,1/32,16,2,5,1,598,598,3063,2044,2043,79,2046,12,predec_all_validators_per_item,0.014,0.014,ms/item,single_observation,reported,598,"partial decryptions, all N parties",beat_e32_m16_r2_s005.stdout.log
beat,1/32,16,2,5,1,598,598,3063,2044,2043,79,2046,12,acceptance,10.788,10.788,ms,single_observation,reported,,all-N server proofs / select V,beat_e32_m16_r2_s005.stdout.log
beat,1/32,16,2,5,1,598,598,3063,2044,2043,79,2046,12,preparation,186.191,186.191,ms,single_observation,reported,,committee interpolation / G2 MSMs,beat_e32_m16_r2_s005.stdout.log
beat,1/32,16,2,5,1,598,598,3063,2044,2043,79,2046,12,precompute,8.711,8.711,ms,single_observation,reported,,cross-term precompute,beat_e32_m16_r2_s005.stdout.log
beat,1/32,16,2,5,1,598,598,3063,2044,2043,79,2046,12,precompute_per_item,0.544,0.544,ms/item,single_observation,reported,16,cross-term precompute,beat_e32_m16_r2_s005.stdout.log
beat,1/32,16,2,5,1,598,598,3063,2044,2043,79,2046,12,opening,18.631,18.631,ms,single_observation,reported,,weighted PRF opening / unmask,beat_e32_m16_r2_s005.stdout.log
beat,1/32,16,2,5,1,598,598,3063,2044,2043,79,2046,12,opening_per_item,1.164,1.164,ms/item,single_observation,reported,16,weighted PRF opening / unmask,beat_e32_m16_r2_s005.stdout.log
beat,1/32,16,2,5,1,598,598,3063,2044,2043,79,2046,12,cold_without_validation,232.573,232.573,ms,single_observation,reported,,post-validation cold-committee path,beat_e32_m16_r2_s005.stdout.log
beat,1/32,16,2,5,1,598,598,3063,2044,2043,79,2046,12,cached_without_validation,46.382,46.382,ms,single_observation,reported,,post-validation cached-committee path,beat_e32_m16_r2_s005.stdout.log
beat,1/32,16,2,5,1,598,598,3063,2044,2043,79,2046,12,cold_with_validation,233.05,233.05,ms,single_observation,reported,,full cold decryption incl client checks,beat_e32_m16_r2_s005.stdout.log
beat,1/32,16,2,5,1,598,598,3063,2044,2043,79,2046,12,cached_with_validation,46.859,46.859,ms,single_observation,reported,,full cached decryption incl client checks,beat_e32_m16_r2_s005.stdout.log
beat,1/32,16,2,5,1,598,598,3063,2044,2043,79,2046,12,dec_open,27.342,27.342,ms,single_observation,sum_of_rounded_phase_means,,,beat_e32_m16_r2_s005.stdout.log
beat,1/32,16,2,5,1,598,598,3063,2044,2043,79,2046,12,dec_total_without_validation,232.574,232.574,ms,single_observation,sum_of_rounded_phase_means,,,beat_e32_m16_r2_s005.stdout.log
beat,1/32,16,2,5,1,598,598,3063,2044,2043,79,2046,12,dec_cached_without_validation,46.38300000000001,46.38300000000001,ms,single_observation,sum_of_rounded_phase_means,,,beat_e32_m16_r2_s005.stdout.log
btx,1/32,16,2,0,5,3063,598,3063,2044,2043,2044,2044,12,setup,814.636,814.636,ms,internal_arithmetic_mean,reported,,trusted key generation,btx_e32_m16_r2.stdout.log
btx,1/32,16,2,0,5,3063,598,3063,2044,2043,2044,2044,12,encryption,8.425,8.425,ms,internal_arithmetic_mean,reported,,encrypt batch,btx_e32_m16_r2.stdout.log
btx,1/32,16,2,0,5,3063,598,3063,2044,2043,2044,2044,12,encryption_per_item,0.527,0.527,ms/item,internal_arithmetic_mean,reported,16,encrypt batch,btx_e32_m16_r2.stdout.log
btx,1/32,16,2,0,5,3063,598,3063,2044,2043,2044,2044,12,fixed_kernel,6.65,6.65,ms,internal_arithmetic_mean,reported,,fixed G2 FFT kernel,btx_e32_m16_r2.stdout.log
btx,1/32,16,2,0,5,3063,598,3063,2044,2043,2044,2044,12,validation,0.351,0.351,ms,internal_arithmetic_mean,reported,,ctxtCheck(B),btx_e32_m16_r2.stdout.log
btx,1/32,16,2,0,5,3063,598,3063,2044,2043,2044,2044,12,validation_per_item,0.022,0.022,ms/item,internal_arithmetic_mean,reported,16,ctxtCheck(B),btx_e32_m16_r2.stdout.log
btx,1/32,16,2,0,5,3063,598,3063,2044,2043,2044,2044,12,precompute,8.62,8.62,ms,internal_arithmetic_mean,reported,,precompute(B),btx_e32_m16_r2.stdout.log
btx,1/32,16,2,0,5,3063,598,3063,2044,2043,2044,2044,12,precompute_per_item,0.539,0.539,ms/item,internal_arithmetic_mean,reported,16,precompute(B),btx_e32_m16_r2.stdout.log
btx,1/32,16,2,0,5,3063,598,3063,2044,2043,2044,2044,12,predec_one_virtual_server,0.17,0.17,ms,internal_arithmetic_mean,reported,,"partialDecrypt(B), one server",btx_e32_m16_r2.stdout.log
btx,1/32,16,2,0,5,3063,598,3063,2044,2043,2044,2044,12,predec_one_virtual_server_per_item,0.011,0.011,ms/item,internal_arithmetic_mean,reported,16,"partialDecrypt(B), one server",btx_e32_m16_r2.stdout.log
btx,1/32,16,2,0,5,3063,598,3063,2044,2043,2044,2044,12,combine,163.293,163.293,ms,internal_arithmetic_mean,reported,,combine(n),btx_e32_m16_r2.stdout.log
btx,1/32,16,2,0,5,3063,598,3063,2044,2043,2044,2044,12,combine_per_item,0.08,0.08,ms/item,internal_arithmetic_mean,reported,2044,combine(n),btx_e32_m16_r2.stdout.log
btx,1/32,16,2,0,5,3063,598,3063,2044,2043,2044,2044,12,server_check,3.058,3.058,ms,internal_arithmetic_mean,reported,,"serverCheck(B,n)",btx_e32_m16_r2.stdout.log
btx,1/32,16,2,0,5,3063,598,3063,2044,2043,2044,2044,12,server_check_per_item,0.191,0.191,ms/item,internal_arithmetic_mean,reported,16,"serverCheck(B,n)",btx_e32_m16_r2.stdout.log
btx,1/32,16,2,0,5,3063,598,3063,2044,2043,2044,2044,12,opening,0.746,0.746,ms,internal_arithmetic_mean,reported,,open(B),btx_e32_m16_r2.stdout.log
btx,1/32,16,2,0,5,3063,598,3063,2044,2043,2044,2044,12,opening_per_item,0.047,0.047,ms/item,internal_arithmetic_mean,reported,16,open(B),btx_e32_m16_r2.stdout.log
btx,1/32,16,2,0,5,3063,598,3063,2044,2043,2044,2044,12,core_one_server_total,172.828,172.828,ms,internal_arithmetic_mean,reported,,core sequential total,btx_e32_m16_r2.stdout.log
btx,1/32,16,2,0,5,3063,598,3063,2044,2043,2044,2044,12,robust_one_server_total,176.237,176.237,ms,internal_arithmetic_mean,reported,,robust sequential total,btx_e32_m16_r2.stdout.log
btx,1/32,16,2,0,5,3063,598,3063,2044,2043,2044,2044,12,all_virtual_shares_derived,347.48,347.48,ms,internal_arithmetic_mean,q_times_rounded_one_server_mean,,,btx_e32_m16_r2.stdout.log
btx,1/32,16,2,0,5,3063,598,3063,2044,2043,2044,2044,12,all_local_core_derived,520.139,520.139,ms,internal_arithmetic_mean,sum_with_q_times_rounded_one_server_mean,,,btx_e32_m16_r2.stdout.log
btx,1/32,16,2,0,5,3063,598,3063,2044,2043,2044,2044,12,all_local_robust_derived,523.548,523.548,ms,internal_arithmetic_mean,sum_with_q_times_rounded_one_server_mean,,,btx_e32_m16_r2.stdout.log
pfe,1/32,16,2,0,5,3063,598,3063,2044,2043,2044,2044,12,setup,828.543,828.543,ms,internal_arithmetic_mean,reported,,trusted key generation,pfe_e32_m16_r2.stdout.log
pfe,1/32,16,2,0,5,3063,598,3063,2044,2043,2044,2044,12,encryption,1.318,1.318,ms,internal_arithmetic_mean,reported,,encrypt batch,pfe_e32_m16_r2.stdout.log
pfe,1/32,16,2,0,5,3063,598,3063,2044,2043,2044,2044,12,encryption_per_item,0.082,0.082,ms/item,internal_arithmetic_mean,reported,16,encrypt batch,pfe_e32_m16_r2.stdout.log
pfe,1/32,16,2,0,5,3063,598,3063,2044,2043,2044,2044,12,fixed_kernel,9.825,9.825,ms,internal_arithmetic_mean,reported,,fixed PFE FFT/G2 kernel,pfe_e32_m16_r2.stdout.log
pfe,1/32,16,2,0,5,3063,598,3063,2044,2043,2044,2044,12,validation,0.505,0.505,ms,internal_arithmetic_mean,reported,,ctxtCheck(B),pfe_e32_m16_r2.stdout.log
pfe,1/32,16,2,0,5,3063,598,3063,2044,2043,2044,2044,12,validation_per_item,0.032,0.032,ms/item,internal_arithmetic_mean,reported,16,ctxtCheck(B),pfe_e32_m16_r2.stdout.log
pfe,1/32,16,2,0,5,3063,598,3063,2044,2043,2044,2044,12,precompute,7.737,7.737,ms,internal_arithmetic_mean,reported,,precompute(B),pfe_e32_m16_r2.stdout.log
pfe,1/32,16,2,0,5,3063,598,3063,2044,2043,2044,2044,12,precompute_per_item,0.484,0.484,ms/item,internal_arithmetic_mean,reported,16,precompute(B),pfe_e32_m16_r2.stdout.log
pfe,1/32,16,2,0,5,3063,598,3063,2044,2043,2044,2044,12,predec_one_virtual_server,0.174,0.174,ms,internal_arithmetic_mean,reported,,"partialDecrypt(B), one server",pfe_e32_m16_r2.stdout.log
pfe,1/32,16,2,0,5,3063,598,3063,2044,2043,2044,2044,12,predec_one_virtual_server_per_item,0.011,0.011,ms/item,internal_arithmetic_mean,reported,16,"partialDecrypt(B), one server",pfe_e32_m16_r2.stdout.log
pfe,1/32,16,2,0,5,3063,598,3063,2044,2043,2044,2044,12,combine,163.951,163.951,ms,internal_arithmetic_mean,reported,,combine(n),pfe_e32_m16_r2.stdout.log
pfe,1/32,16,2,0,5,3063,598,3063,2044,2043,2044,2044,12,combine_per_item,0.08,0.08,ms/item,internal_arithmetic_mean,reported,2044,combine(n),pfe_e32_m16_r2.stdout.log
pfe,1/32,16,2,0,5,3063,598,3063,2044,2043,2044,2044,12,server_check,2.466,2.466,ms,internal_arithmetic_mean,reported,,"serverCheck(B,n)",pfe_e32_m16_r2.stdout.log
pfe,1/32,16,2,0,5,3063,598,3063,2044,2043,2044,2044,12,server_check_per_item,0.154,0.154,ms/item,internal_arithmetic_mean,reported,16,"serverCheck(B,n)",pfe_e32_m16_r2.stdout.log
pfe,1/32,16,2,0,5,3063,598,3063,2044,2043,2044,2044,12,opening,2.105,2.105,ms,internal_arithmetic_mean,reported,,"open(B), fused 3-pair path",pfe_e32_m16_r2.stdout.log
pfe,1/32,16,2,0,5,3063,598,3063,2044,2043,2044,2044,12,opening_per_item,0.132,0.132,ms/item,internal_arithmetic_mean,reported,16,"open(B), fused 3-pair path",pfe_e32_m16_r2.stdout.log
pfe,1/32,16,2,0,5,3063,598,3063,2044,2043,2044,2044,12,core_one_server_total,173.967,173.967,ms,internal_arithmetic_mean,reported,,core sequential total,pfe_e32_m16_r2.stdout.log
pfe,1/32,16,2,0,5,3063,598,3063,2044,2043,2044,2044,12,robust_one_server_total,176.938,176.938,ms,internal_arithmetic_mean,reported,,robust sequential total,pfe_e32_m16_r2.stdout.log
pfe,1/32,16,2,0,5,3063,598,3063,2044,2043,2044,2044,12,all_virtual_shares_derived,355.65599999999995,355.65599999999995,ms,internal_arithmetic_mean,q_times_rounded_one_server_mean,,,pfe_e32_m16_r2.stdout.log
pfe,1/32,16,2,0,5,3063,598,3063,2044,2043,2044,2044,12,all_local_core_derived,529.449,529.449,ms,internal_arithmetic_mean,sum_with_q_times_rounded_one_server_mean,,,pfe_e32_m16_r2.stdout.log
pfe,1/32,16,2,0,5,3063,598,3063,2044,2043,2044,2044,12,all_local_robust_derived,532.42,532.42,ms,internal_arithmetic_mean,sum_with_q_times_rounded_one_server_mean,,,pfe_e32_m16_r2.stdout.log
beat,1/16,16,2,1,1,419,419,1580,1060,1059,76,1062,12,crs_setup,0.666,0.666,ms,single_observation,reported,,powers-of-tau CRS setup,beat_e16_m16_r2_s001.stdout.log
beat,1/16,16,2,1,1,419,419,1580,1060,1059,76,1062,12,setup,279.769,279.769,ms,single_observation,reported,,weighted master key generation,beat_e16_m16_r2_s001.stdout.log
beat,1/16,16,2,1,1,419,419,1580,1060,1059,76,1062,12,fixed_kernel,6.202,6.202,ms,single_observation,reported,,fixed G2 FFT kernel,beat_e16_m16_r2_s001.stdout.log
beat,1/16,16,2,1,1,419,419,1580,1060,1059,76,1062,12,encryption,1.418,1.418,ms,single_observation,reported,,encrypt batch,beat_e16_m16_r2_s001.stdout.log
beat,1/16,16,2,1,1,419,419,1580,1060,1059,76,1062,12,encryption_per_item,0.089,0.089,ms/item,single_observation,reported,16,encrypt batch,beat_e16_m16_r2_s001.stdout.log
beat,1/16,16,2,1,1,419,419,1580,1060,1059,76,1062,12,validation,0.487,0.487,ms,single_observation,reported,,client proof validation,beat_e16_m16_r2_s001.stdout.log
beat,1/16,16,2,1,1,419,419,1580,1060,1059,76,1062,12,validation_per_item,0.03,0.03,ms/item,single_observation,reported,16,client proof validation,beat_e16_m16_r2_s001.stdout.log
beat,1/16,16,2,1,1,419,419,1580,1060,1059,76,1062,12,predec_all_validators,5.804,5.804,ms,single_observation,reported,,"partial decryptions, all N parties",beat_e16_m16_r2_s001.stdout.log
beat,1/16,16,2,1,1,419,419,1580,1060,1059,76,1062,12,predec_all_validators_per_item,0.014,0.014,ms/item,single_observation,reported,419,"partial decryptions, all N parties",beat_e16_m16_r2_s001.stdout.log
beat,1/16,16,2,1,1,419,419,1580,1060,1059,76,1062,12,acceptance,7.556,7.556,ms,single_observation,reported,,all-N server proofs / select V,beat_e16_m16_r2_s001.stdout.log
beat,1/16,16,2,1,1,419,419,1580,1060,1059,76,1062,12,preparation,101.492,101.492,ms,single_observation,reported,,committee interpolation / G2 MSMs,beat_e16_m16_r2_s001.stdout.log
beat,1/16,16,2,1,1,419,419,1580,1060,1059,76,1062,12,precompute,8.621,8.621,ms,single_observation,reported,,cross-term precompute,beat_e16_m16_r2_s001.stdout.log
beat,1/16,16,2,1,1,419,419,1580,1060,1059,76,1062,12,precompute_per_item,0.539,0.539,ms/item,single_observation,reported,16,cross-term precompute,beat_e16_m16_r2_s001.stdout.log
beat,1/16,16,2,1,1,419,419,1580,1060,1059,76,1062,12,opening,18.006,18.006,ms,single_observation,reported,,weighted PRF opening / unmask,beat_e16_m16_r2_s001.stdout.log
beat,1/16,16,2,1,1,419,419,1580,1060,1059,76,1062,12,opening_per_item,1.125,1.125,ms/item,single_observation,reported,16,weighted PRF opening / unmask,beat_e16_m16_r2_s001.stdout.log
beat,1/16,16,2,1,1,419,419,1580,1060,1059,76,1062,12,cold_without_validation,141.479,141.479,ms,single_observation,reported,,post-validation cold-committee path,beat_e16_m16_r2_s001.stdout.log
beat,1/16,16,2,1,1,419,419,1580,1060,1059,76,1062,12,cached_without_validation,39.987,39.987,ms,single_observation,reported,,post-validation cached-committee path,beat_e16_m16_r2_s001.stdout.log
beat,1/16,16,2,1,1,419,419,1580,1060,1059,76,1062,12,cold_with_validation,141.966,141.966,ms,single_observation,reported,,full cold decryption incl client checks,beat_e16_m16_r2_s001.stdout.log
beat,1/16,16,2,1,1,419,419,1580,1060,1059,76,1062,12,cached_with_validation,40.474,40.474,ms,single_observation,reported,,full cached decryption incl client checks,beat_e16_m16_r2_s001.stdout.log
beat,1/16,16,2,1,1,419,419,1580,1060,1059,76,1062,12,dec_open,26.627000000000002,26.627000000000002,ms,single_observation,sum_of_rounded_phase_means,,,beat_e16_m16_r2_s001.stdout.log
beat,1/16,16,2,1,1,419,419,1580,1060,1059,76,1062,12,dec_total_without_validation,141.479,141.479,ms,single_observation,sum_of_rounded_phase_means,,,beat_e16_m16_r2_s001.stdout.log
beat,1/16,16,2,1,1,419,419,1580,1060,1059,76,1062,12,dec_cached_without_validation,39.98700000000001,39.98700000000001,ms,single_observation,sum_of_rounded_phase_means,,,beat_e16_m16_r2_s001.stdout.log
beat,1/16,16,2,2,1,419,419,1580,1060,1059,76,1062,12,crs_setup,0.67,0.67,ms,single_observation,reported,,powers-of-tau CRS setup,beat_e16_m16_r2_s002.stdout.log
beat,1/16,16,2,2,1,419,419,1580,1060,1059,76,1062,12,setup,270.732,270.732,ms,single_observation,reported,,weighted master key generation,beat_e16_m16_r2_s002.stdout.log
beat,1/16,16,2,2,1,419,419,1580,1060,1059,76,1062,12,fixed_kernel,6.183,6.183,ms,single_observation,reported,,fixed G2 FFT kernel,beat_e16_m16_r2_s002.stdout.log
beat,1/16,16,2,2,1,419,419,1580,1060,1059,76,1062,12,encryption,1.416,1.416,ms,single_observation,reported,,encrypt batch,beat_e16_m16_r2_s002.stdout.log
beat,1/16,16,2,2,1,419,419,1580,1060,1059,76,1062,12,encryption_per_item,0.088,0.088,ms/item,single_observation,reported,16,encrypt batch,beat_e16_m16_r2_s002.stdout.log
beat,1/16,16,2,2,1,419,419,1580,1060,1059,76,1062,12,validation,0.477,0.477,ms,single_observation,reported,,client proof validation,beat_e16_m16_r2_s002.stdout.log
beat,1/16,16,2,2,1,419,419,1580,1060,1059,76,1062,12,validation_per_item,0.03,0.03,ms/item,single_observation,reported,16,client proof validation,beat_e16_m16_r2_s002.stdout.log
beat,1/16,16,2,2,1,419,419,1580,1060,1059,76,1062,12,predec_all_validators,6.449,6.449,ms,single_observation,reported,,"partial decryptions, all N parties",beat_e16_m16_r2_s002.stdout.log
beat,1/16,16,2,2,1,419,419,1580,1060,1059,76,1062,12,predec_all_validators_per_item,0.015,0.015,ms/item,single_observation,reported,419,"partial decryptions, all N parties",beat_e16_m16_r2_s002.stdout.log
beat,1/16,16,2,2,1,419,419,1580,1060,1059,76,1062,12,acceptance,7.573,7.573,ms,single_observation,reported,,all-N server proofs / select V,beat_e16_m16_r2_s002.stdout.log
beat,1/16,16,2,2,1,419,419,1580,1060,1059,76,1062,12,preparation,105.466,105.466,ms,single_observation,reported,,committee interpolation / G2 MSMs,beat_e16_m16_r2_s002.stdout.log
beat,1/16,16,2,2,1,419,419,1580,1060,1059,76,1062,12,precompute,8.615,8.615,ms,single_observation,reported,,cross-term precompute,beat_e16_m16_r2_s002.stdout.log
beat,1/16,16,2,2,1,419,419,1580,1060,1059,76,1062,12,precompute_per_item,0.538,0.538,ms/item,single_observation,reported,16,cross-term precompute,beat_e16_m16_r2_s002.stdout.log
beat,1/16,16,2,2,1,419,419,1580,1060,1059,76,1062,12,opening,18.018,18.018,ms,single_observation,reported,,weighted PRF opening / unmask,beat_e16_m16_r2_s002.stdout.log
beat,1/16,16,2,2,1,419,419,1580,1060,1059,76,1062,12,opening_per_item,1.126,1.126,ms/item,single_observation,reported,16,weighted PRF opening / unmask,beat_e16_m16_r2_s002.stdout.log
beat,1/16,16,2,2,1,419,419,1580,1060,1059,76,1062,12,cold_without_validation,146.122,146.122,ms,single_observation,reported,,post-validation cold-committee path,beat_e16_m16_r2_s002.stdout.log
beat,1/16,16,2,2,1,419,419,1580,1060,1059,76,1062,12,cached_without_validation,40.656,40.656,ms,single_observation,reported,,post-validation cached-committee path,beat_e16_m16_r2_s002.stdout.log
beat,1/16,16,2,2,1,419,419,1580,1060,1059,76,1062,12,cold_with_validation,146.599,146.599,ms,single_observation,reported,,full cold decryption incl client checks,beat_e16_m16_r2_s002.stdout.log
beat,1/16,16,2,2,1,419,419,1580,1060,1059,76,1062,12,cached_with_validation,41.133,41.133,ms,single_observation,reported,,full cached decryption incl client checks,beat_e16_m16_r2_s002.stdout.log
beat,1/16,16,2,2,1,419,419,1580,1060,1059,76,1062,12,dec_open,26.633000000000003,26.633000000000003,ms,single_observation,sum_of_rounded_phase_means,,,beat_e16_m16_r2_s002.stdout.log
beat,1/16,16,2,2,1,419,419,1580,1060,1059,76,1062,12,dec_total_without_validation,146.12099999999998,146.12099999999998,ms,single_observation,sum_of_rounded_phase_means,,,beat_e16_m16_r2_s002.stdout.log
beat,1/16,16,2,2,1,419,419,1580,1060,1059,76,1062,12,dec_cached_without_validation,40.65499999999999,40.65499999999999,ms,single_observation,sum_of_rounded_phase_means,,,beat_e16_m16_r2_s002.stdout.log
beat,1/16,16,2,3,1,419,419,1580,1060,1059,76,1062,12,crs_setup,0.691,0.691,ms,single_observation,reported,,powers-of-tau CRS setup,beat_e16_m16_r2_s003.stdout.log
beat,1/16,16,2,3,1,419,419,1580,1060,1059,76,1062,12,setup,265.892,265.892,ms,single_observation,reported,,weighted master key generation,beat_e16_m16_r2_s003.stdout.log
beat,1/16,16,2,3,1,419,419,1580,1060,1059,76,1062,12,fixed_kernel,6.489,6.489,ms,single_observation,reported,,fixed G2 FFT kernel,beat_e16_m16_r2_s003.stdout.log
beat,1/16,16,2,3,1,419,419,1580,1060,1059,76,1062,12,encryption,1.414,1.414,ms,single_observation,reported,,encrypt batch,beat_e16_m16_r2_s003.stdout.log
beat,1/16,16,2,3,1,419,419,1580,1060,1059,76,1062,12,encryption_per_item,0.088,0.088,ms/item,single_observation,reported,16,encrypt batch,beat_e16_m16_r2_s003.stdout.log
beat,1/16,16,2,3,1,419,419,1580,1060,1059,76,1062,12,validation,0.48,0.48,ms,single_observation,reported,,client proof validation,beat_e16_m16_r2_s003.stdout.log
beat,1/16,16,2,3,1,419,419,1580,1060,1059,76,1062,12,validation_per_item,0.03,0.03,ms/item,single_observation,reported,16,client proof validation,beat_e16_m16_r2_s003.stdout.log
beat,1/16,16,2,3,1,419,419,1580,1060,1059,76,1062,12,predec_all_validators,5.828,5.828,ms,single_observation,reported,,"partial decryptions, all N parties",beat_e16_m16_r2_s003.stdout.log
beat,1/16,16,2,3,1,419,419,1580,1060,1059,76,1062,12,predec_all_validators_per_item,0.014,0.014,ms/item,single_observation,reported,419,"partial decryptions, all N parties",beat_e16_m16_r2_s003.stdout.log
beat,1/16,16,2,3,1,419,419,1580,1060,1059,76,1062,12,acceptance,7.57,7.57,ms,single_observation,reported,,all-N server proofs / select V,beat_e16_m16_r2_s003.stdout.log
beat,1/16,16,2,3,1,419,419,1580,1060,1059,76,1062,12,preparation,110.878,110.878,ms,single_observation,reported,,committee interpolation / G2 MSMs,beat_e16_m16_r2_s003.stdout.log
beat,1/16,16,2,3,1,419,419,1580,1060,1059,76,1062,12,precompute,8.61,8.61,ms,single_observation,reported,,cross-term precompute,beat_e16_m16_r2_s003.stdout.log
beat,1/16,16,2,3,1,419,419,1580,1060,1059,76,1062,12,precompute_per_item,0.538,0.538,ms/item,single_observation,reported,16,cross-term precompute,beat_e16_m16_r2_s003.stdout.log
beat,1/16,16,2,3,1,419,419,1580,1060,1059,76,1062,12,opening,17.886,17.886,ms,single_observation,reported,,weighted PRF opening / unmask,beat_e16_m16_r2_s003.stdout.log
beat,1/16,16,2,3,1,419,419,1580,1060,1059,76,1062,12,opening_per_item,1.118,1.118,ms/item,single_observation,reported,16,weighted PRF opening / unmask,beat_e16_m16_r2_s003.stdout.log
beat,1/16,16,2,3,1,419,419,1580,1060,1059,76,1062,12,cold_without_validation,150.771,150.771,ms,single_observation,reported,,post-validation cold-committee path,beat_e16_m16_r2_s003.stdout.log
beat,1/16,16,2,3,1,419,419,1580,1060,1059,76,1062,12,cached_without_validation,39.893,39.893,ms,single_observation,reported,,post-validation cached-committee path,beat_e16_m16_r2_s003.stdout.log
beat,1/16,16,2,3,1,419,419,1580,1060,1059,76,1062,12,cold_with_validation,151.251,151.251,ms,single_observation,reported,,full cold decryption incl client checks,beat_e16_m16_r2_s003.stdout.log
beat,1/16,16,2,3,1,419,419,1580,1060,1059,76,1062,12,cached_with_validation,40.373,40.373,ms,single_observation,reported,,full cached decryption incl client checks,beat_e16_m16_r2_s003.stdout.log
beat,1/16,16,2,3,1,419,419,1580,1060,1059,76,1062,12,dec_open,26.496,26.496,ms,single_observation,sum_of_rounded_phase_means,,,beat_e16_m16_r2_s003.stdout.log
beat,1/16,16,2,3,1,419,419,1580,1060,1059,76,1062,12,dec_total_without_validation,150.772,150.772,ms,single_observation,sum_of_rounded_phase_means,,,beat_e16_m16_r2_s003.stdout.log
beat,1/16,16,2,3,1,419,419,1580,1060,1059,76,1062,12,dec_cached_without_validation,39.89399999999999,39.89399999999999,ms,single_observation,sum_of_rounded_phase_means,,,beat_e16_m16_r2_s003.stdout.log
beat,1/16,16,2,4,1,419,419,1580,1060,1059,76,1062,12,crs_setup,0.681,0.681,ms,single_observation,reported,,powers-of-tau CRS setup,beat_e16_m16_r2_s004.stdout.log
beat,1/16,16,2,4,1,419,419,1580,1060,1059,76,1062,12,setup,271.526,271.526,ms,single_observation,reported,,weighted master key generation,beat_e16_m16_r2_s004.stdout.log
beat,1/16,16,2,4,1,419,419,1580,1060,1059,76,1062,12,fixed_kernel,6.177,6.177,ms,single_observation,reported,,fixed G2 FFT kernel,beat_e16_m16_r2_s004.stdout.log
beat,1/16,16,2,4,1,419,419,1580,1060,1059,76,1062,12,encryption,1.414,1.414,ms,single_observation,reported,,encrypt batch,beat_e16_m16_r2_s004.stdout.log
beat,1/16,16,2,4,1,419,419,1580,1060,1059,76,1062,12,encryption_per_item,0.088,0.088,ms/item,single_observation,reported,16,encrypt batch,beat_e16_m16_r2_s004.stdout.log
beat,1/16,16,2,4,1,419,419,1580,1060,1059,76,1062,12,validation,0.478,0.478,ms,single_observation,reported,,client proof validation,beat_e16_m16_r2_s004.stdout.log
beat,1/16,16,2,4,1,419,419,1580,1060,1059,76,1062,12,validation_per_item,0.03,0.03,ms/item,single_observation,reported,16,client proof validation,beat_e16_m16_r2_s004.stdout.log
beat,1/16,16,2,4,1,419,419,1580,1060,1059,76,1062,12,predec_all_validators,5.823,5.823,ms,single_observation,reported,,"partial decryptions, all N parties",beat_e16_m16_r2_s004.stdout.log
beat,1/16,16,2,4,1,419,419,1580,1060,1059,76,1062,12,predec_all_validators_per_item,0.014,0.014,ms/item,single_observation,reported,419,"partial decryptions, all N parties",beat_e16_m16_r2_s004.stdout.log
beat,1/16,16,2,4,1,419,419,1580,1060,1059,76,1062,12,acceptance,7.57,7.57,ms,single_observation,reported,,all-N server proofs / select V,beat_e16_m16_r2_s004.stdout.log
beat,1/16,16,2,4,1,419,419,1580,1060,1059,76,1062,12,preparation,104.849,104.849,ms,single_observation,reported,,committee interpolation / G2 MSMs,beat_e16_m16_r2_s004.stdout.log
beat,1/16,16,2,4,1,419,419,1580,1060,1059,76,1062,12,precompute,8.608,8.608,ms,single_observation,reported,,cross-term precompute,beat_e16_m16_r2_s004.stdout.log
beat,1/16,16,2,4,1,419,419,1580,1060,1059,76,1062,12,precompute_per_item,0.538,0.538,ms/item,single_observation,reported,16,cross-term precompute,beat_e16_m16_r2_s004.stdout.log
beat,1/16,16,2,4,1,419,419,1580,1060,1059,76,1062,12,opening,17.999,17.999,ms,single_observation,reported,,weighted PRF opening / unmask,beat_e16_m16_r2_s004.stdout.log
beat,1/16,16,2,4,1,419,419,1580,1060,1059,76,1062,12,opening_per_item,1.125,1.125,ms/item,single_observation,reported,16,weighted PRF opening / unmask,beat_e16_m16_r2_s004.stdout.log
beat,1/16,16,2,4,1,419,419,1580,1060,1059,76,1062,12,cold_without_validation,144.849,144.849,ms,single_observation,reported,,post-validation cold-committee path,beat_e16_m16_r2_s004.stdout.log
beat,1/16,16,2,4,1,419,419,1580,1060,1059,76,1062,12,cached_without_validation,40.0,40.0,ms,single_observation,reported,,post-validation cached-committee path,beat_e16_m16_r2_s004.stdout.log
beat,1/16,16,2,4,1,419,419,1580,1060,1059,76,1062,12,cold_with_validation,145.327,145.327,ms,single_observation,reported,,full cold decryption incl client checks,beat_e16_m16_r2_s004.stdout.log
beat,1/16,16,2,4,1,419,419,1580,1060,1059,76,1062,12,cached_with_validation,40.478,40.478,ms,single_observation,reported,,full cached decryption incl client checks,beat_e16_m16_r2_s004.stdout.log
beat,1/16,16,2,4,1,419,419,1580,1060,1059,76,1062,12,dec_open,26.607,26.607,ms,single_observation,sum_of_rounded_phase_means,,,beat_e16_m16_r2_s004.stdout.log
beat,1/16,16,2,4,1,419,419,1580,1060,1059,76,1062,12,dec_total_without_validation,144.849,144.849,ms,single_observation,sum_of_rounded_phase_means,,,beat_e16_m16_r2_s004.stdout.log
beat,1/16,16,2,4,1,419,419,1580,1060,1059,76,1062,12,dec_cached_without_validation,39.999999999999986,39.999999999999986,ms,single_observation,sum_of_rounded_phase_means,,,beat_e16_m16_r2_s004.stdout.log
beat,1/16,16,2,5,1,419,419,1580,1060,1059,76,1062,12,crs_setup,0.669,0.669,ms,single_observation,reported,,powers-of-tau CRS setup,beat_e16_m16_r2_s005.stdout.log
beat,1/16,16,2,5,1,419,419,1580,1060,1059,76,1062,12,setup,266.799,266.799,ms,single_observation,reported,,weighted master key generation,beat_e16_m16_r2_s005.stdout.log
beat,1/16,16,2,5,1,419,419,1580,1060,1059,76,1062,12,fixed_kernel,6.134,6.134,ms,single_observation,reported,,fixed G2 FFT kernel,beat_e16_m16_r2_s005.stdout.log
beat,1/16,16,2,5,1,419,419,1580,1060,1059,76,1062,12,encryption,1.405,1.405,ms,single_observation,reported,,encrypt batch,beat_e16_m16_r2_s005.stdout.log
beat,1/16,16,2,5,1,419,419,1580,1060,1059,76,1062,12,encryption_per_item,0.088,0.088,ms/item,single_observation,reported,16,encrypt batch,beat_e16_m16_r2_s005.stdout.log
beat,1/16,16,2,5,1,419,419,1580,1060,1059,76,1062,12,validation,0.482,0.482,ms,single_observation,reported,,client proof validation,beat_e16_m16_r2_s005.stdout.log
beat,1/16,16,2,5,1,419,419,1580,1060,1059,76,1062,12,validation_per_item,0.03,0.03,ms/item,single_observation,reported,16,client proof validation,beat_e16_m16_r2_s005.stdout.log
beat,1/16,16,2,5,1,419,419,1580,1060,1059,76,1062,12,predec_all_validators,5.823,5.823,ms,single_observation,reported,,"partial decryptions, all N parties",beat_e16_m16_r2_s005.stdout.log
beat,1/16,16,2,5,1,419,419,1580,1060,1059,76,1062,12,predec_all_validators_per_item,0.014,0.014,ms/item,single_observation,reported,419,"partial decryptions, all N parties",beat_e16_m16_r2_s005.stdout.log
beat,1/16,16,2,5,1,419,419,1580,1060,1059,76,1062,12,acceptance,7.577,7.577,ms,single_observation,reported,,all-N server proofs / select V,beat_e16_m16_r2_s005.stdout.log
beat,1/16,16,2,5,1,419,419,1580,1060,1059,76,1062,12,preparation,101.714,101.714,ms,single_observation,reported,,committee interpolation / G2 MSMs,beat_e16_m16_r2_s005.stdout.log
beat,1/16,16,2,5,1,419,419,1580,1060,1059,76,1062,12,precompute,8.629,8.629,ms,single_observation,reported,,cross-term precompute,beat_e16_m16_r2_s005.stdout.log
beat,1/16,16,2,5,1,419,419,1580,1060,1059,76,1062,12,precompute_per_item,0.539,0.539,ms/item,single_observation,reported,16,cross-term precompute,beat_e16_m16_r2_s005.stdout.log
beat,1/16,16,2,5,1,419,419,1580,1060,1059,76,1062,12,opening,17.937,17.937,ms,single_observation,reported,,weighted PRF opening / unmask,beat_e16_m16_r2_s005.stdout.log
beat,1/16,16,2,5,1,419,419,1580,1060,1059,76,1062,12,opening_per_item,1.121,1.121,ms/item,single_observation,reported,16,weighted PRF opening / unmask,beat_e16_m16_r2_s005.stdout.log
beat,1/16,16,2,5,1,419,419,1580,1060,1059,76,1062,12,cold_without_validation,141.681,141.681,ms,single_observation,reported,,post-validation cold-committee path,beat_e16_m16_r2_s005.stdout.log
beat,1/16,16,2,5,1,419,419,1580,1060,1059,76,1062,12,cached_without_validation,39.967,39.967,ms,single_observation,reported,,post-validation cached-committee path,beat_e16_m16_r2_s005.stdout.log
beat,1/16,16,2,5,1,419,419,1580,1060,1059,76,1062,12,cold_with_validation,142.163,142.163,ms,single_observation,reported,,full cold decryption incl client checks,beat_e16_m16_r2_s005.stdout.log
beat,1/16,16,2,5,1,419,419,1580,1060,1059,76,1062,12,cached_with_validation,40.448,40.448,ms,single_observation,reported,,full cached decryption incl client checks,beat_e16_m16_r2_s005.stdout.log
beat,1/16,16,2,5,1,419,419,1580,1060,1059,76,1062,12,dec_open,26.566000000000003,26.566000000000003,ms,single_observation,sum_of_rounded_phase_means,,,beat_e16_m16_r2_s005.stdout.log
beat,1/16,16,2,5,1,419,419,1580,1060,1059,76,1062,12,dec_total_without_validation,141.68,141.68,ms,single_observation,sum_of_rounded_phase_means,,,beat_e16_m16_r2_s005.stdout.log
beat,1/16,16,2,5,1,419,419,1580,1060,1059,76,1062,12,dec_cached_without_validation,39.96600000000001,39.96600000000001,ms,single_observation,sum_of_rounded_phase_means,,,beat_e16_m16_r2_s005.stdout.log
btx,1/16,16,2,0,5,1580,419,1580,1060,1059,1060,1060,12,setup,341.271,341.271,ms,internal_arithmetic_mean,reported,,trusted key generation,btx_e16_m16_r2.stdout.log
btx,1/16,16,2,0,5,1580,419,1580,1060,1059,1060,1060,12,encryption,8.451,8.451,ms,internal_arithmetic_mean,reported,,encrypt batch,btx_e16_m16_r2.stdout.log
btx,1/16,16,2,0,5,1580,419,1580,1060,1059,1060,1060,12,encryption_per_item,0.528,0.528,ms/item,internal_arithmetic_mean,reported,16,encrypt batch,btx_e16_m16_r2.stdout.log
btx,1/16,16,2,0,5,1580,419,1580,1060,1059,1060,1060,12,fixed_kernel,6.562,6.562,ms,internal_arithmetic_mean,reported,,fixed G2 FFT kernel,btx_e16_m16_r2.stdout.log
btx,1/16,16,2,0,5,1580,419,1580,1060,1059,1060,1060,12,validation,0.348,0.348,ms,internal_arithmetic_mean,reported,,ctxtCheck(B),btx_e16_m16_r2.stdout.log
btx,1/16,16,2,0,5,1580,419,1580,1060,1059,1060,1060,12,validation_per_item,0.022,0.022,ms/item,internal_arithmetic_mean,reported,16,ctxtCheck(B),btx_e16_m16_r2.stdout.log
btx,1/16,16,2,0,5,1580,419,1580,1060,1059,1060,1060,12,precompute,8.608,8.608,ms,internal_arithmetic_mean,reported,,precompute(B),btx_e16_m16_r2.stdout.log
btx,1/16,16,2,0,5,1580,419,1580,1060,1059,1060,1060,12,precompute_per_item,0.538,0.538,ms/item,internal_arithmetic_mean,reported,16,precompute(B),btx_e16_m16_r2.stdout.log
btx,1/16,16,2,0,5,1580,419,1580,1060,1059,1060,1060,12,predec_one_virtual_server,0.168,0.168,ms,internal_arithmetic_mean,reported,,"partialDecrypt(B), one server",btx_e16_m16_r2.stdout.log
btx,1/16,16,2,0,5,1580,419,1580,1060,1059,1060,1060,12,predec_one_virtual_server_per_item,0.011,0.011,ms/item,internal_arithmetic_mean,reported,16,"partialDecrypt(B), one server",btx_e16_m16_r2.stdout.log
btx,1/16,16,2,0,5,1580,419,1580,1060,1059,1060,1060,12,combine,45.556,45.556,ms,internal_arithmetic_mean,reported,,combine(n),btx_e16_m16_r2.stdout.log
btx,1/16,16,2,0,5,1580,419,1580,1060,1059,1060,1060,12,combine_per_item,0.043,0.043,ms/item,internal_arithmetic_mean,reported,1060,combine(n),btx_e16_m16_r2.stdout.log
btx,1/16,16,2,0,5,1580,419,1580,1060,1059,1060,1060,12,server_check,3.113,3.113,ms,internal_arithmetic_mean,reported,,"serverCheck(B,n)",btx_e16_m16_r2.stdout.log
btx,1/16,16,2,0,5,1580,419,1580,1060,1059,1060,1060,12,server_check_per_item,0.195,0.195,ms/item,internal_arithmetic_mean,reported,16,"serverCheck(B,n)",btx_e16_m16_r2.stdout.log
btx,1/16,16,2,0,5,1580,419,1580,1060,1059,1060,1060,12,opening,0.771,0.771,ms,internal_arithmetic_mean,reported,,open(B),btx_e16_m16_r2.stdout.log
btx,1/16,16,2,0,5,1580,419,1580,1060,1059,1060,1060,12,opening_per_item,0.048,0.048,ms/item,internal_arithmetic_mean,reported,16,open(B),btx_e16_m16_r2.stdout.log
btx,1/16,16,2,0,5,1580,419,1580,1060,1059,1060,1060,12,core_one_server_total,55.103,55.103,ms,internal_arithmetic_mean,reported,,core sequential total,btx_e16_m16_r2.stdout.log
btx,1/16,16,2,0,5,1580,419,1580,1060,1059,1060,1060,12,robust_one_server_total,58.564,58.564,ms,internal_arithmetic_mean,reported,,robust sequential total,btx_e16_m16_r2.stdout.log
btx,1/16,16,2,0,5,1580,419,1580,1060,1059,1060,1060,12,all_virtual_shares_derived,178.08,178.08,ms,internal_arithmetic_mean,q_times_rounded_one_server_mean,,,btx_e16_m16_r2.stdout.log
btx,1/16,16,2,0,5,1580,419,1580,1060,1059,1060,1060,12,all_local_core_derived,233.01500000000001,233.01500000000001,ms,internal_arithmetic_mean,sum_with_q_times_rounded_one_server_mean,,,btx_e16_m16_r2.stdout.log
btx,1/16,16,2,0,5,1580,419,1580,1060,1059,1060,1060,12,all_local_robust_derived,236.47600000000003,236.47600000000003,ms,internal_arithmetic_mean,sum_with_q_times_rounded_one_server_mean,,,btx_e16_m16_r2.stdout.log
pfe,1/16,16,2,0,5,1580,419,1580,1060,1059,1060,1060,12,setup,347.493,347.493,ms,internal_arithmetic_mean,reported,,trusted key generation,pfe_e16_m16_r2.stdout.log
pfe,1/16,16,2,0,5,1580,419,1580,1060,1059,1060,1060,12,encryption,1.314,1.314,ms,internal_arithmetic_mean,reported,,encrypt batch,pfe_e16_m16_r2.stdout.log
pfe,1/16,16,2,0,5,1580,419,1580,1060,1059,1060,1060,12,encryption_per_item,0.082,0.082,ms/item,internal_arithmetic_mean,reported,16,encrypt batch,pfe_e16_m16_r2.stdout.log
pfe,1/16,16,2,0,5,1580,419,1580,1060,1059,1060,1060,12,fixed_kernel,9.801,9.801,ms,internal_arithmetic_mean,reported,,fixed PFE FFT/G2 kernel,pfe_e16_m16_r2.stdout.log
pfe,1/16,16,2,0,5,1580,419,1580,1060,1059,1060,1060,12,validation,0.502,0.502,ms,internal_arithmetic_mean,reported,,ctxtCheck(B),pfe_e16_m16_r2.stdout.log
pfe,1/16,16,2,0,5,1580,419,1580,1060,1059,1060,1060,12,validation_per_item,0.031,0.031,ms/item,internal_arithmetic_mean,reported,16,ctxtCheck(B),pfe_e16_m16_r2.stdout.log
pfe,1/16,16,2,0,5,1580,419,1580,1060,1059,1060,1060,12,precompute,7.716,7.716,ms,internal_arithmetic_mean,reported,,precompute(B),pfe_e16_m16_r2.stdout.log
pfe,1/16,16,2,0,5,1580,419,1580,1060,1059,1060,1060,12,precompute_per_item,0.482,0.482,ms/item,internal_arithmetic_mean,reported,16,precompute(B),pfe_e16_m16_r2.stdout.log
pfe,1/16,16,2,0,5,1580,419,1580,1060,1059,1060,1060,12,predec_one_virtual_server,0.174,0.174,ms,internal_arithmetic_mean,reported,,"partialDecrypt(B), one server",pfe_e16_m16_r2.stdout.log
pfe,1/16,16,2,0,5,1580,419,1580,1060,1059,1060,1060,12,predec_one_virtual_server_per_item,0.011,0.011,ms/item,internal_arithmetic_mean,reported,16,"partialDecrypt(B), one server",pfe_e16_m16_r2.stdout.log
pfe,1/16,16,2,0,5,1580,419,1580,1060,1059,1060,1060,12,combine,45.824,45.824,ms,internal_arithmetic_mean,reported,,combine(n),pfe_e16_m16_r2.stdout.log
pfe,1/16,16,2,0,5,1580,419,1580,1060,1059,1060,1060,12,combine_per_item,0.043,0.043,ms/item,internal_arithmetic_mean,reported,1060,combine(n),pfe_e16_m16_r2.stdout.log
pfe,1/16,16,2,0,5,1580,419,1580,1060,1059,1060,1060,12,server_check,2.506,2.506,ms,internal_arithmetic_mean,reported,,"serverCheck(B,n)",pfe_e16_m16_r2.stdout.log
pfe,1/16,16,2,0,5,1580,419,1580,1060,1059,1060,1060,12,server_check_per_item,0.157,0.157,ms/item,internal_arithmetic_mean,reported,16,"serverCheck(B,n)",pfe_e16_m16_r2.stdout.log
pfe,1/16,16,2,0,5,1580,419,1580,1060,1059,1060,1060,12,opening,2.133,2.133,ms,internal_arithmetic_mean,reported,,"open(B), fused 3-pair path",pfe_e16_m16_r2.stdout.log
pfe,1/16,16,2,0,5,1580,419,1580,1060,1059,1060,1060,12,opening_per_item,0.133,0.133,ms/item,internal_arithmetic_mean,reported,16,"open(B), fused 3-pair path",pfe_e16_m16_r2.stdout.log
pfe,1/16,16,2,0,5,1580,419,1580,1060,1059,1060,1060,12,core_one_server_total,55.847,55.847,ms,internal_arithmetic_mean,reported,,core sequential total,pfe_e16_m16_r2.stdout.log
pfe,1/16,16,2,0,5,1580,419,1580,1060,1059,1060,1060,12,robust_one_server_total,58.855,58.855,ms,internal_arithmetic_mean,reported,,robust sequential total,pfe_e16_m16_r2.stdout.log
pfe,1/16,16,2,0,5,1580,419,1580,1060,1059,1060,1060,12,all_virtual_shares_derived,184.44,184.44,ms,internal_arithmetic_mean,q_times_rounded_one_server_mean,,,pfe_e16_m16_r2.stdout.log
pfe,1/16,16,2,0,5,1580,419,1580,1060,1059,1060,1060,12,all_local_core_derived,240.11300000000003,240.11300000000003,ms,internal_arithmetic_mean,sum_with_q_times_rounded_one_server_mean,,,pfe_e16_m16_r2.stdout.log
pfe,1/16,16,2,0,5,1580,419,1580,1060,1059,1060,1060,12,all_local_robust_derived,243.12100000000004,243.12100000000004,ms,internal_arithmetic_mean,sum_with_q_times_rounded_one_server_mean,,,pfe_e16_m16_r2.stdout.log
beat,1/8,16,2,1,1,234,234,764,512,511,59,515,12,crs_setup,0.68,0.68,ms,single_observation,reported,,powers-of-tau CRS setup,beat_e8_m16_r2_s001.stdout.log
beat,1/8,16,2,1,1,234,234,764,512,511,59,515,12,setup,138.838,138.838,ms,single_observation,reported,,weighted master key generation,beat_e8_m16_r2_s001.stdout.log
beat,1/8,16,2,1,1,234,234,764,512,511,59,515,12,fixed_kernel,6.179,6.179,ms,single_observation,reported,,fixed G2 FFT kernel,beat_e8_m16_r2_s001.stdout.log
beat,1/8,16,2,1,1,234,234,764,512,511,59,515,12,encryption,1.41,1.41,ms,single_observation,reported,,encrypt batch,beat_e8_m16_r2_s001.stdout.log
beat,1/8,16,2,1,1,234,234,764,512,511,59,515,12,encryption_per_item,0.088,0.088,ms/item,single_observation,reported,16,encrypt batch,beat_e8_m16_r2_s001.stdout.log
beat,1/8,16,2,1,1,234,234,764,512,511,59,515,12,validation,0.48,0.48,ms,single_observation,reported,,client proof validation,beat_e8_m16_r2_s001.stdout.log
beat,1/8,16,2,1,1,234,234,764,512,511,59,515,12,validation_per_item,0.03,0.03,ms/item,single_observation,reported,16,client proof validation,beat_e8_m16_r2_s001.stdout.log
beat,1/8,16,2,1,1,234,234,764,512,511,59,515,12,predec_all_validators,3.339,3.339,ms,single_observation,reported,,"partial decryptions, all N parties",beat_e8_m16_r2_s001.stdout.log
beat,1/8,16,2,1,1,234,234,764,512,511,59,515,12,predec_all_validators_per_item,0.014,0.014,ms/item,single_observation,reported,234,"partial decryptions, all N parties",beat_e8_m16_r2_s001.stdout.log
beat,1/8,16,2,1,1,234,234,764,512,511,59,515,12,acceptance,4.315,4.315,ms,single_observation,reported,,all-N server proofs / select V,beat_e8_m16_r2_s001.stdout.log
beat,1/8,16,2,1,1,234,234,764,512,511,59,515,12,preparation,54.366,54.366,ms,single_observation,reported,,committee interpolation / G2 MSMs,beat_e8_m16_r2_s001.stdout.log
beat,1/8,16,2,1,1,234,234,764,512,511,59,515,12,precompute,8.691,8.691,ms,single_observation,reported,,cross-term precompute,beat_e8_m16_r2_s001.stdout.log
beat,1/8,16,2,1,1,234,234,764,512,511,59,515,12,precompute_per_item,0.543,0.543,ms/item,single_observation,reported,16,cross-term precompute,beat_e8_m16_r2_s001.stdout.log
beat,1/8,16,2,1,1,234,234,764,512,511,59,515,12,opening,13.971,13.971,ms,single_observation,reported,,weighted PRF opening / unmask,beat_e8_m16_r2_s001.stdout.log
beat,1/8,16,2,1,1,234,234,764,512,511,59,515,12,opening_per_item,0.873,0.873,ms/item,single_observation,reported,16,weighted PRF opening / unmask,beat_e8_m16_r2_s001.stdout.log
beat,1/8,16,2,1,1,234,234,764,512,511,59,515,12,cold_without_validation,84.682,84.682,ms,single_observation,reported,,post-validation cold-committee path,beat_e8_m16_r2_s001.stdout.log
beat,1/8,16,2,1,1,234,234,764,512,511,59,515,12,cached_without_validation,30.316,30.316,ms,single_observation,reported,,post-validation cached-committee path,beat_e8_m16_r2_s001.stdout.log
beat,1/8,16,2,1,1,234,234,764,512,511,59,515,12,cold_with_validation,85.162,85.162,ms,single_observation,reported,,full cold decryption incl client checks,beat_e8_m16_r2_s001.stdout.log
beat,1/8,16,2,1,1,234,234,764,512,511,59,515,12,cached_with_validation,30.796,30.796,ms,single_observation,reported,,full cached decryption incl client checks,beat_e8_m16_r2_s001.stdout.log
beat,1/8,16,2,1,1,234,234,764,512,511,59,515,12,dec_open,22.662,22.662,ms,single_observation,sum_of_rounded_phase_means,,,beat_e8_m16_r2_s001.stdout.log
beat,1/8,16,2,1,1,234,234,764,512,511,59,515,12,dec_total_without_validation,84.682,84.682,ms,single_observation,sum_of_rounded_phase_means,,,beat_e8_m16_r2_s001.stdout.log
beat,1/8,16,2,1,1,234,234,764,512,511,59,515,12,dec_cached_without_validation,30.316000000000003,30.316000000000003,ms,single_observation,sum_of_rounded_phase_means,,,beat_e8_m16_r2_s001.stdout.log
beat,1/8,16,2,2,1,234,234,764,512,511,59,515,12,crs_setup,0.674,0.674,ms,single_observation,reported,,powers-of-tau CRS setup,beat_e8_m16_r2_s002.stdout.log
beat,1/8,16,2,2,1,234,234,764,512,511,59,515,12,setup,154.114,154.114,ms,single_observation,reported,,weighted master key generation,beat_e8_m16_r2_s002.stdout.log
beat,1/8,16,2,2,1,234,234,764,512,511,59,515,12,fixed_kernel,6.498,6.498,ms,single_observation,reported,,fixed G2 FFT kernel,beat_e8_m16_r2_s002.stdout.log
beat,1/8,16,2,2,1,234,234,764,512,511,59,515,12,encryption,1.415,1.415,ms,single_observation,reported,,encrypt batch,beat_e8_m16_r2_s002.stdout.log
beat,1/8,16,2,2,1,234,234,764,512,511,59,515,12,encryption_per_item,0.088,0.088,ms/item,single_observation,reported,16,encrypt batch,beat_e8_m16_r2_s002.stdout.log
beat,1/8,16,2,2,1,234,234,764,512,511,59,515,12,validation,0.478,0.478,ms,single_observation,reported,,client proof validation,beat_e8_m16_r2_s002.stdout.log
beat,1/8,16,2,2,1,234,234,764,512,511,59,515,12,validation_per_item,0.03,0.03,ms/item,single_observation,reported,16,client proof validation,beat_e8_m16_r2_s002.stdout.log
beat,1/8,16,2,2,1,234,234,764,512,511,59,515,12,predec_all_validators,3.625,3.625,ms,single_observation,reported,,"partial decryptions, all N parties",beat_e8_m16_r2_s002.stdout.log
beat,1/8,16,2,2,1,234,234,764,512,511,59,515,12,predec_all_validators_per_item,0.015,0.015,ms/item,single_observation,reported,234,"partial decryptions, all N parties",beat_e8_m16_r2_s002.stdout.log
beat,1/8,16,2,2,1,234,234,764,512,511,59,515,12,acceptance,4.718,4.718,ms,single_observation,reported,,all-N server proofs / select V,beat_e8_m16_r2_s002.stdout.log
beat,1/8,16,2,2,1,234,234,764,512,511,59,515,12,preparation,68.016,68.016,ms,single_observation,reported,,committee interpolation / G2 MSMs,beat_e8_m16_r2_s002.stdout.log
beat,1/8,16,2,2,1,234,234,764,512,511,59,515,12,precompute,8.671,8.671,ms,single_observation,reported,,cross-term precompute,beat_e8_m16_r2_s002.stdout.log
beat,1/8,16,2,2,1,234,234,764,512,511,59,515,12,precompute_per_item,0.542,0.542,ms/item,single_observation,reported,16,cross-term precompute,beat_e8_m16_r2_s002.stdout.log
beat,1/8,16,2,2,1,234,234,764,512,511,59,515,12,opening,14.01,14.01,ms,single_observation,reported,,weighted PRF opening / unmask,beat_e8_m16_r2_s002.stdout.log
beat,1/8,16,2,2,1,234,234,764,512,511,59,515,12,opening_per_item,0.876,0.876,ms/item,single_observation,reported,16,weighted PRF opening / unmask,beat_e8_m16_r2_s002.stdout.log
beat,1/8,16,2,2,1,234,234,764,512,511,59,515,12,cold_without_validation,99.041,99.041,ms,single_observation,reported,,post-validation cold-committee path,beat_e8_m16_r2_s002.stdout.log
beat,1/8,16,2,2,1,234,234,764,512,511,59,515,12,cached_without_validation,31.025,31.025,ms,single_observation,reported,,post-validation cached-committee path,beat_e8_m16_r2_s002.stdout.log
beat,1/8,16,2,2,1,234,234,764,512,511,59,515,12,cold_with_validation,99.519,99.519,ms,single_observation,reported,,full cold decryption incl client checks,beat_e8_m16_r2_s002.stdout.log
beat,1/8,16,2,2,1,234,234,764,512,511,59,515,12,cached_with_validation,31.503,31.503,ms,single_observation,reported,,full cached decryption incl client checks,beat_e8_m16_r2_s002.stdout.log
beat,1/8,16,2,2,1,234,234,764,512,511,59,515,12,dec_open,22.680999999999997,22.680999999999997,ms,single_observation,sum_of_rounded_phase_means,,,beat_e8_m16_r2_s002.stdout.log
beat,1/8,16,2,2,1,234,234,764,512,511,59,515,12,dec_total_without_validation,99.04,99.04,ms,single_observation,sum_of_rounded_phase_means,,,beat_e8_m16_r2_s002.stdout.log
beat,1/8,16,2,2,1,234,234,764,512,511,59,515,12,dec_cached_without_validation,31.024,31.024,ms,single_observation,sum_of_rounded_phase_means,,,beat_e8_m16_r2_s002.stdout.log
beat,1/8,16,2,3,1,234,234,764,512,511,59,515,12,crs_setup,0.666,0.666,ms,single_observation,reported,,powers-of-tau CRS setup,beat_e8_m16_r2_s003.stdout.log
beat,1/8,16,2,3,1,234,234,764,512,511,59,515,12,setup,136.87,136.87,ms,single_observation,reported,,weighted master key generation,beat_e8_m16_r2_s003.stdout.log
beat,1/8,16,2,3,1,234,234,764,512,511,59,515,12,fixed_kernel,6.168,6.168,ms,single_observation,reported,,fixed G2 FFT kernel,beat_e8_m16_r2_s003.stdout.log
beat,1/8,16,2,3,1,234,234,764,512,511,59,515,12,encryption,1.407,1.407,ms,single_observation,reported,,encrypt batch,beat_e8_m16_r2_s003.stdout.log
beat,1/8,16,2,3,1,234,234,764,512,511,59,515,12,encryption_per_item,0.088,0.088,ms/item,single_observation,reported,16,encrypt batch,beat_e8_m16_r2_s003.stdout.log
beat,1/8,16,2,3,1,234,234,764,512,511,59,515,12,validation,0.469,0.469,ms,single_observation,reported,,client proof validation,beat_e8_m16_r2_s003.stdout.log
beat,1/8,16,2,3,1,234,234,764,512,511,59,515,12,validation_per_item,0.029,0.029,ms/item,single_observation,reported,16,client proof validation,beat_e8_m16_r2_s003.stdout.log
beat,1/8,16,2,3,1,234,234,764,512,511,59,515,12,predec_all_validators,3.339,3.339,ms,single_observation,reported,,"partial decryptions, all N parties",beat_e8_m16_r2_s003.stdout.log
beat,1/8,16,2,3,1,234,234,764,512,511,59,515,12,predec_all_validators_per_item,0.014,0.014,ms/item,single_observation,reported,234,"partial decryptions, all N parties",beat_e8_m16_r2_s003.stdout.log
beat,1/8,16,2,3,1,234,234,764,512,511,59,515,12,acceptance,4.327,4.327,ms,single_observation,reported,,all-N server proofs / select V,beat_e8_m16_r2_s003.stdout.log
beat,1/8,16,2,3,1,234,234,764,512,511,59,515,12,preparation,54.256,54.256,ms,single_observation,reported,,committee interpolation / G2 MSMs,beat_e8_m16_r2_s003.stdout.log
beat,1/8,16,2,3,1,234,234,764,512,511,59,515,12,precompute,8.649,8.649,ms,single_observation,reported,,cross-term precompute,beat_e8_m16_r2_s003.stdout.log
beat,1/8,16,2,3,1,234,234,764,512,511,59,515,12,precompute_per_item,0.541,0.541,ms/item,single_observation,reported,16,cross-term precompute,beat_e8_m16_r2_s003.stdout.log
beat,1/8,16,2,3,1,234,234,764,512,511,59,515,12,opening,14.123,14.123,ms,single_observation,reported,,weighted PRF opening / unmask,beat_e8_m16_r2_s003.stdout.log
beat,1/8,16,2,3,1,234,234,764,512,511,59,515,12,opening_per_item,0.883,0.883,ms/item,single_observation,reported,16,weighted PRF opening / unmask,beat_e8_m16_r2_s003.stdout.log
beat,1/8,16,2,3,1,234,234,764,512,511,59,515,12,cold_without_validation,84.695,84.695,ms,single_observation,reported,,post-validation cold-committee path,beat_e8_m16_r2_s003.stdout.log
beat,1/8,16,2,3,1,234,234,764,512,511,59,515,12,cached_without_validation,30.438,30.438,ms,single_observation,reported,,post-validation cached-committee path,beat_e8_m16_r2_s003.stdout.log
beat,1/8,16,2,3,1,234,234,764,512,511,59,515,12,cold_with_validation,85.164,85.164,ms,single_observation,reported,,full cold decryption incl client checks,beat_e8_m16_r2_s003.stdout.log
beat,1/8,16,2,3,1,234,234,764,512,511,59,515,12,cached_with_validation,30.908,30.908,ms,single_observation,reported,,full cached decryption incl client checks,beat_e8_m16_r2_s003.stdout.log
beat,1/8,16,2,3,1,234,234,764,512,511,59,515,12,dec_open,22.772,22.772,ms,single_observation,sum_of_rounded_phase_means,,,beat_e8_m16_r2_s003.stdout.log
beat,1/8,16,2,3,1,234,234,764,512,511,59,515,12,dec_total_without_validation,84.694,84.694,ms,single_observation,sum_of_rounded_phase_means,,,beat_e8_m16_r2_s003.stdout.log
beat,1/8,16,2,3,1,234,234,764,512,511,59,515,12,dec_cached_without_validation,30.438000000000002,30.438000000000002,ms,single_observation,sum_of_rounded_phase_means,,,beat_e8_m16_r2_s003.stdout.log
beat,1/8,16,2,4,1,234,234,764,512,511,59,515,12,crs_setup,0.666,0.666,ms,single_observation,reported,,powers-of-tau CRS setup,beat_e8_m16_r2_s004.stdout.log
beat,1/8,16,2,4,1,234,234,764,512,511,59,515,12,setup,149.369,149.369,ms,single_observation,reported,,weighted master key generation,beat_e8_m16_r2_s004.stdout.log
beat,1/8,16,2,4,1,234,234,764,512,511,59,515,12,fixed_kernel,6.167,6.167,ms,single_observation,reported,,fixed G2 FFT kernel,beat_e8_m16_r2_s004.stdout.log
beat,1/8,16,2,4,1,234,234,764,512,511,59,515,12,encryption,1.41,1.41,ms,single_observation,reported,,encrypt batch,beat_e8_m16_r2_s004.stdout.log
beat,1/8,16,2,4,1,234,234,764,512,511,59,515,12,encryption_per_item,0.088,0.088,ms/item,single_observation,reported,16,encrypt batch,beat_e8_m16_r2_s004.stdout.log
beat,1/8,16,2,4,1,234,234,764,512,511,59,515,12,validation,0.491,0.491,ms,single_observation,reported,,client proof validation,beat_e8_m16_r2_s004.stdout.log
beat,1/8,16,2,4,1,234,234,764,512,511,59,515,12,validation_per_item,0.031,0.031,ms/item,single_observation,reported,16,client proof validation,beat_e8_m16_r2_s004.stdout.log
beat,1/8,16,2,4,1,234,234,764,512,511,59,515,12,predec_all_validators,3.622,3.622,ms,single_observation,reported,,"partial decryptions, all N parties",beat_e8_m16_r2_s004.stdout.log
beat,1/8,16,2,4,1,234,234,764,512,511,59,515,12,predec_all_validators_per_item,0.015,0.015,ms/item,single_observation,reported,234,"partial decryptions, all N parties",beat_e8_m16_r2_s004.stdout.log
beat,1/8,16,2,4,1,234,234,764,512,511,59,515,12,acceptance,4.724,4.724,ms,single_observation,reported,,all-N server proofs / select V,beat_e8_m16_r2_s004.stdout.log
beat,1/8,16,2,4,1,234,234,764,512,511,59,515,12,preparation,61.191,61.191,ms,single_observation,reported,,committee interpolation / G2 MSMs,beat_e8_m16_r2_s004.stdout.log
beat,1/8,16,2,4,1,234,234,764,512,511,59,515,12,precompute,8.612,8.612,ms,single_observation,reported,,cross-term precompute,beat_e8_m16_r2_s004.stdout.log
beat,1/8,16,2,4,1,234,234,764,512,511,59,515,12,precompute_per_item,0.538,0.538,ms/item,single_observation,reported,16,cross-term precompute,beat_e8_m16_r2_s004.stdout.log
beat,1/8,16,2,4,1,234,234,764,512,511,59,515,12,opening,14.082,14.082,ms,single_observation,reported,,weighted PRF opening / unmask,beat_e8_m16_r2_s004.stdout.log
beat,1/8,16,2,4,1,234,234,764,512,511,59,515,12,opening_per_item,0.88,0.88,ms/item,single_observation,reported,16,weighted PRF opening / unmask,beat_e8_m16_r2_s004.stdout.log
beat,1/8,16,2,4,1,234,234,764,512,511,59,515,12,cold_without_validation,92.232,92.232,ms,single_observation,reported,,post-validation cold-committee path,beat_e8_m16_r2_s004.stdout.log
beat,1/8,16,2,4,1,234,234,764,512,511,59,515,12,cached_without_validation,31.041,31.041,ms,single_observation,reported,,post-validation cached-committee path,beat_e8_m16_r2_s004.stdout.log
beat,1/8,16,2,4,1,234,234,764,512,511,59,515,12,cold_with_validation,92.723,92.723,ms,single_observation,reported,,full cold decryption incl client checks,beat_e8_m16_r2_s004.stdout.log
beat,1/8,16,2,4,1,234,234,764,512,511,59,515,12,cached_with_validation,31.531,31.531,ms,single_observation,reported,,full cached decryption incl client checks,beat_e8_m16_r2_s004.stdout.log
beat,1/8,16,2,4,1,234,234,764,512,511,59,515,12,dec_open,22.694000000000003,22.694000000000003,ms,single_observation,sum_of_rounded_phase_means,,,beat_e8_m16_r2_s004.stdout.log
beat,1/8,16,2,4,1,234,234,764,512,511,59,515,12,dec_total_without_validation,92.23100000000001,92.23100000000001,ms,single_observation,sum_of_rounded_phase_means,,,beat_e8_m16_r2_s004.stdout.log
beat,1/8,16,2,4,1,234,234,764,512,511,59,515,12,dec_cached_without_validation,31.040000000000006,31.040000000000006,ms,single_observation,sum_of_rounded_phase_means,,,beat_e8_m16_r2_s004.stdout.log
beat,1/8,16,2,5,1,234,234,764,512,511,59,515,12,crs_setup,0.662,0.662,ms,single_observation,reported,,powers-of-tau CRS setup,beat_e8_m16_r2_s005.stdout.log
beat,1/8,16,2,5,1,234,234,764,512,511,59,515,12,setup,136.784,136.784,ms,single_observation,reported,,weighted master key generation,beat_e8_m16_r2_s005.stdout.log
beat,1/8,16,2,5,1,234,234,764,512,511,59,515,12,fixed_kernel,6.165,6.165,ms,single_observation,reported,,fixed G2 FFT kernel,beat_e8_m16_r2_s005.stdout.log
beat,1/8,16,2,5,1,234,234,764,512,511,59,515,12,encryption,1.402,1.402,ms,single_observation,reported,,encrypt batch,beat_e8_m16_r2_s005.stdout.log
beat,1/8,16,2,5,1,234,234,764,512,511,59,515,12,encryption_per_item,0.088,0.088,ms/item,single_observation,reported,16,encrypt batch,beat_e8_m16_r2_s005.stdout.log
beat,1/8,16,2,5,1,234,234,764,512,511,59,515,12,validation,0.491,0.491,ms,single_observation,reported,,client proof validation,beat_e8_m16_r2_s005.stdout.log
beat,1/8,16,2,5,1,234,234,764,512,511,59,515,12,validation_per_item,0.031,0.031,ms/item,single_observation,reported,16,client proof validation,beat_e8_m16_r2_s005.stdout.log
beat,1/8,16,2,5,1,234,234,764,512,511,59,515,12,predec_all_validators,3.336,3.336,ms,single_observation,reported,,"partial decryptions, all N parties",beat_e8_m16_r2_s005.stdout.log
beat,1/8,16,2,5,1,234,234,764,512,511,59,515,12,predec_all_validators_per_item,0.014,0.014,ms/item,single_observation,reported,234,"partial decryptions, all N parties",beat_e8_m16_r2_s005.stdout.log
beat,1/8,16,2,5,1,234,234,764,512,511,59,515,12,acceptance,4.333,4.333,ms,single_observation,reported,,all-N server proofs / select V,beat_e8_m16_r2_s005.stdout.log
beat,1/8,16,2,5,1,234,234,764,512,511,59,515,12,preparation,54.22,54.22,ms,single_observation,reported,,committee interpolation / G2 MSMs,beat_e8_m16_r2_s005.stdout.log
beat,1/8,16,2,5,1,234,234,764,512,511,59,515,12,precompute,8.652,8.652,ms,single_observation,reported,,cross-term precompute,beat_e8_m16_r2_s005.stdout.log
beat,1/8,16,2,5,1,234,234,764,512,511,59,515,12,precompute_per_item,0.541,0.541,ms/item,single_observation,reported,16,cross-term precompute,beat_e8_m16_r2_s005.stdout.log
beat,1/8,16,2,5,1,234,234,764,512,511,59,515,12,opening,14.094,14.094,ms,single_observation,reported,,weighted PRF opening / unmask,beat_e8_m16_r2_s005.stdout.log
beat,1/8,16,2,5,1,234,234,764,512,511,59,515,12,opening_per_item,0.881,0.881,ms/item,single_observation,reported,16,weighted PRF opening / unmask,beat_e8_m16_r2_s005.stdout.log
beat,1/8,16,2,5,1,234,234,764,512,511,59,515,12,cold_without_validation,84.636,84.636,ms,single_observation,reported,,post-validation cold-committee path,beat_e8_m16_r2_s005.stdout.log
beat,1/8,16,2,5,1,234,234,764,512,511,59,515,12,cached_without_validation,30.416,30.416,ms,single_observation,reported,,post-validation cached-committee path,beat_e8_m16_r2_s005.stdout.log
beat,1/8,16,2,5,1,234,234,764,512,511,59,515,12,cold_with_validation,85.127,85.127,ms,single_observation,reported,,full cold decryption incl client checks,beat_e8_m16_r2_s005.stdout.log
beat,1/8,16,2,5,1,234,234,764,512,511,59,515,12,cached_with_validation,30.907,30.907,ms,single_observation,reported,,full cached decryption incl client checks,beat_e8_m16_r2_s005.stdout.log
beat,1/8,16,2,5,1,234,234,764,512,511,59,515,12,dec_open,22.746,22.746,ms,single_observation,sum_of_rounded_phase_means,,,beat_e8_m16_r2_s005.stdout.log
beat,1/8,16,2,5,1,234,234,764,512,511,59,515,12,dec_total_without_validation,84.63499999999999,84.63499999999999,ms,single_observation,sum_of_rounded_phase_means,,,beat_e8_m16_r2_s005.stdout.log
beat,1/8,16,2,5,1,234,234,764,512,511,59,515,12,dec_cached_without_validation,30.414999999999992,30.414999999999992,ms,single_observation,sum_of_rounded_phase_means,,,beat_e8_m16_r2_s005.stdout.log
btx,1/8,16,2,0,5,764,234,764,512,511,512,512,12,setup,142.83,142.83,ms,internal_arithmetic_mean,reported,,trusted key generation,btx_e8_m16_r2.stdout.log
btx,1/8,16,2,0,5,764,234,764,512,511,512,512,12,encryption,8.423,8.423,ms,internal_arithmetic_mean,reported,,encrypt batch,btx_e8_m16_r2.stdout.log
btx,1/8,16,2,0,5,764,234,764,512,511,512,512,12,encryption_per_item,0.526,0.526,ms/item,internal_arithmetic_mean,reported,16,encrypt batch,btx_e8_m16_r2.stdout.log
btx,1/8,16,2,0,5,764,234,764,512,511,512,512,12,fixed_kernel,6.594,6.594,ms,internal_arithmetic_mean,reported,,fixed G2 FFT kernel,btx_e8_m16_r2.stdout.log
btx,1/8,16,2,0,5,764,234,764,512,511,512,512,12,validation,0.358,0.358,ms,internal_arithmetic_mean,reported,,ctxtCheck(B),btx_e8_m16_r2.stdout.log
btx,1/8,16,2,0,5,764,234,764,512,511,512,512,12,validation_per_item,0.022,0.022,ms/item,internal_arithmetic_mean,reported,16,ctxtCheck(B),btx_e8_m16_r2.stdout.log
btx,1/8,16,2,0,5,764,234,764,512,511,512,512,12,precompute,8.586,8.586,ms,internal_arithmetic_mean,reported,,precompute(B),btx_e8_m16_r2.stdout.log
btx,1/8,16,2,0,5,764,234,764,512,511,512,512,12,precompute_per_item,0.537,0.537,ms/item,internal_arithmetic_mean,reported,16,precompute(B),btx_e8_m16_r2.stdout.log
btx,1/8,16,2,0,5,764,234,764,512,511,512,512,12,predec_one_virtual_server,0.177,0.177,ms,internal_arithmetic_mean,reported,,"partialDecrypt(B), one server",btx_e8_m16_r2.stdout.log
btx,1/8,16,2,0,5,764,234,764,512,511,512,512,12,predec_one_virtual_server_per_item,0.011,0.011,ms/item,internal_arithmetic_mean,reported,16,"partialDecrypt(B), one server",btx_e8_m16_r2.stdout.log
btx,1/8,16,2,0,5,764,234,764,512,511,512,512,12,combine,11.074,11.074,ms,internal_arithmetic_mean,reported,,combine(n),btx_e8_m16_r2.stdout.log
btx,1/8,16,2,0,5,764,234,764,512,511,512,512,12,combine_per_item,0.022,0.022,ms/item,internal_arithmetic_mean,reported,512,combine(n),btx_e8_m16_r2.stdout.log
btx,1/8,16,2,0,5,764,234,764,512,511,512,512,12,server_check,3.139,3.139,ms,internal_arithmetic_mean,reported,,"serverCheck(B,n)",btx_e8_m16_r2.stdout.log
btx,1/8,16,2,0,5,764,234,764,512,511,512,512,12,server_check_per_item,0.196,0.196,ms/item,internal_arithmetic_mean,reported,16,"serverCheck(B,n)",btx_e8_m16_r2.stdout.log
btx,1/8,16,2,0,5,764,234,764,512,511,512,512,12,opening,0.8,0.8,ms,internal_arithmetic_mean,reported,,open(B),btx_e8_m16_r2.stdout.log
btx,1/8,16,2,0,5,764,234,764,512,511,512,512,12,opening_per_item,0.05,0.05,ms/item,internal_arithmetic_mean,reported,16,open(B),btx_e8_m16_r2.stdout.log
btx,1/8,16,2,0,5,764,234,764,512,511,512,512,12,core_one_server_total,20.637,20.637,ms,internal_arithmetic_mean,reported,,core sequential total,btx_e8_m16_r2.stdout.log
btx,1/8,16,2,0,5,764,234,764,512,511,512,512,12,robust_one_server_total,24.134,24.134,ms,internal_arithmetic_mean,reported,,robust sequential total,btx_e8_m16_r2.stdout.log
btx,1/8,16,2,0,5,764,234,764,512,511,512,512,12,all_virtual_shares_derived,90.624,90.624,ms,internal_arithmetic_mean,q_times_rounded_one_server_mean,,,btx_e8_m16_r2.stdout.log
btx,1/8,16,2,0,5,764,234,764,512,511,512,512,12,all_local_core_derived,111.08399999999999,111.08399999999999,ms,internal_arithmetic_mean,sum_with_q_times_rounded_one_server_mean,,,btx_e8_m16_r2.stdout.log
btx,1/8,16,2,0,5,764,234,764,512,511,512,512,12,all_local_robust_derived,114.58099999999999,114.58099999999999,ms,internal_arithmetic_mean,sum_with_q_times_rounded_one_server_mean,,,btx_e8_m16_r2.stdout.log
pfe,1/8,16,2,0,5,764,234,764,512,511,512,512,12,setup,147.987,147.987,ms,internal_arithmetic_mean,reported,,trusted key generation,pfe_e8_m16_r2.stdout.log
pfe,1/8,16,2,0,5,764,234,764,512,511,512,512,12,encryption,1.311,1.311,ms,internal_arithmetic_mean,reported,,encrypt batch,pfe_e8_m16_r2.stdout.log
pfe,1/8,16,2,0,5,764,234,764,512,511,512,512,12,encryption_per_item,0.082,0.082,ms/item,internal_arithmetic_mean,reported,16,encrypt batch,pfe_e8_m16_r2.stdout.log
pfe,1/8,16,2,0,5,764,234,764,512,511,512,512,12,fixed_kernel,9.808,9.808,ms,internal_arithmetic_mean,reported,,fixed PFE FFT/G2 kernel,pfe_e8_m16_r2.stdout.log
pfe,1/8,16,2,0,5,764,234,764,512,511,512,512,12,validation,0.511,0.511,ms,internal_arithmetic_mean,reported,,ctxtCheck(B),pfe_e8_m16_r2.stdout.log
pfe,1/8,16,2,0,5,764,234,764,512,511,512,512,12,validation_per_item,0.032,0.032,ms/item,internal_arithmetic_mean,reported,16,ctxtCheck(B),pfe_e8_m16_r2.stdout.log
pfe,1/8,16,2,0,5,764,234,764,512,511,512,512,12,precompute,7.716,7.716,ms,internal_arithmetic_mean,reported,,precompute(B),pfe_e8_m16_r2.stdout.log
pfe,1/8,16,2,0,5,764,234,764,512,511,512,512,12,precompute_per_item,0.482,0.482,ms/item,internal_arithmetic_mean,reported,16,precompute(B),pfe_e8_m16_r2.stdout.log
pfe,1/8,16,2,0,5,764,234,764,512,511,512,512,12,predec_one_virtual_server,0.18,0.18,ms,internal_arithmetic_mean,reported,,"partialDecrypt(B), one server",pfe_e8_m16_r2.stdout.log
pfe,1/8,16,2,0,5,764,234,764,512,511,512,512,12,predec_one_virtual_server_per_item,0.011,0.011,ms/item,internal_arithmetic_mean,reported,16,"partialDecrypt(B), one server",pfe_e8_m16_r2.stdout.log
pfe,1/8,16,2,0,5,764,234,764,512,511,512,512,12,combine,11.083,11.083,ms,internal_arithmetic_mean,reported,,combine(n),pfe_e8_m16_r2.stdout.log
pfe,1/8,16,2,0,5,764,234,764,512,511,512,512,12,combine_per_item,0.022,0.022,ms/item,internal_arithmetic_mean,reported,512,combine(n),pfe_e8_m16_r2.stdout.log
pfe,1/8,16,2,0,5,764,234,764,512,511,512,512,12,server_check,2.582,2.582,ms,internal_arithmetic_mean,reported,,"serverCheck(B,n)",pfe_e8_m16_r2.stdout.log
pfe,1/8,16,2,0,5,764,234,764,512,511,512,512,12,server_check_per_item,0.161,0.161,ms/item,internal_arithmetic_mean,reported,16,"serverCheck(B,n)",pfe_e8_m16_r2.stdout.log
pfe,1/8,16,2,0,5,764,234,764,512,511,512,512,12,opening,2.14,2.14,ms,internal_arithmetic_mean,reported,,"open(B), fused 3-pair path",pfe_e8_m16_r2.stdout.log
pfe,1/8,16,2,0,5,764,234,764,512,511,512,512,12,opening_per_item,0.134,0.134,ms/item,internal_arithmetic_mean,reported,16,"open(B), fused 3-pair path",pfe_e8_m16_r2.stdout.log
pfe,1/8,16,2,0,5,764,234,764,512,511,512,512,12,core_one_server_total,21.12,21.12,ms,internal_arithmetic_mean,reported,,core sequential total,pfe_e8_m16_r2.stdout.log
pfe,1/8,16,2,0,5,764,234,764,512,511,512,512,12,robust_one_server_total,24.213,24.213,ms,internal_arithmetic_mean,reported,,robust sequential total,pfe_e8_m16_r2.stdout.log
pfe,1/8,16,2,0,5,764,234,764,512,511,512,512,12,all_virtual_shares_derived,92.16,92.16,ms,internal_arithmetic_mean,q_times_rounded_one_server_mean,,,pfe_e8_m16_r2.stdout.log
pfe,1/8,16,2,0,5,764,234,764,512,511,512,512,12,all_local_core_derived,113.09899999999999,113.09899999999999,ms,internal_arithmetic_mean,sum_with_q_times_rounded_one_server_mean,,,pfe_e8_m16_r2.stdout.log
pfe,1/8,16,2,0,5,764,234,764,512,511,512,512,12,all_local_robust_derived,116.19199999999998,116.19199999999998,ms,internal_arithmetic_mean,sum_with_q_times_rounded_one_server_mean,,,pfe_e8_m16_r2.stdout.log
